[2025-04-15 18:46:34] production.ERROR: file_exists(): open_basedir restriction in effect. File(/fonts/OpenSans-Regular.ttf) is not within the allowed path(s): (/www/wwwroot/demo.medace.org/:/tmp/) {"exception":"[object] (ErrorException(code: 0): file_exists(): open_basedir restriction in effect. File(/fonts/OpenSans-Regular.ttf) is not within the allowed path(s): (/www/wwwroot/demo.medace.org/:/tmp/) at /www/wwwroot/demo.medace.org/vendor/lasserafn/php-initial-avatar-generator/src/InitialAvatar.php:739)
[stacktrace]
#0 /www/wwwroot/demo.medace.org/vendor/laravel/framework/src/Illuminate/Foundation/Bootstrap/HandleExceptions.php(270): Illuminate\\Foundation\\Bootstrap\\HandleExceptions->handleError()
#1 [internal function]: Illuminate\\Foundation\\Bootstrap\\HandleExceptions->Illuminate\\Foundation\\Bootstrap\\{closure}()
#2 /www/wwwroot/demo.medace.org/vendor/lasserafn/php-initial-avatar-generator/src/InitialAvatar.php(739): file_exists()
#3 /www/wwwroot/demo.medace.org/vendor/lasserafn/php-initial-avatar-generator/src/InitialAvatar.php(644): LasseRafn\\InitialAvatarGenerator\\InitialAvatar->findFontFile()
#4 /www/wwwroot/demo.medace.org/vendor/lasserafn/php-initial-avatar-generator/src/InitialAvatar.php(401): LasseRafn\\InitialAvatarGenerator\\InitialAvatar->makeAvatar()
#5 /www/wwwroot/demo.medace.org/app/Http/Controllers/Web/DefaultAvatarController.php(39): LasseRafn\\InitialAvatarGenerator\\InitialAvatar->generate()
#6 /www/wwwroot/demo.medace.org/vendor/laravel/framework/src/Illuminate/Routing/Controller.php(54): App\\Http\\Controllers\\Web\\DefaultAvatarController->make()
#7 /www/wwwroot/demo.medace.org/vendor/laravel/framework/src/Illuminate/Routing/ControllerDispatcher.php(43): Illuminate\\Routing\\Controller->callAction()
#8 /www/wwwroot/demo.medace.org/vendor/laravel/framework/src/Illuminate/Routing/Route.php(260): Illuminate\\Routing\\ControllerDispatcher->dispatch()
#9 /www/wwwroot/demo.medace.org/vendor/laravel/framework/src/Illuminate/Routing/Route.php(205): Illuminate\\Routing\\Route->runController()
#10 /www/wwwroot/demo.medace.org/vendor/laravel/framework/src/Illuminate/Routing/Router.php(798): Illuminate\\Routing\\Route->run()
#11 /www/wwwroot/demo.medace.org/vendor/laravel/framework/src/Illuminate/Pipeline/Pipeline.php(141): Illuminate\\Routing\\Router->Illuminate\\Routing\\{closure}()
#12 /www/wwwroot/demo.medace.org/app/Http/Middleware/CheckRestriction.php(34): Illuminate\\Pipeline\\Pipeline->Illuminate\\Pipeline\\{closure}()
#13 /www/wwwroot/demo.medace.org/vendor/laravel/framework/src/Illuminate/Pipeline/Pipeline.php(180): App\\Http\\Middleware\\CheckRestriction->handle()
#14 /www/wwwroot/demo.medace.org/app/Http/Middleware/CheckMaintenance.php(37): Illuminate\\Pipeline\\Pipeline->Illuminate\\Pipeline\\{closure}()
#15 /www/wwwroot/demo.medace.org/vendor/laravel/framework/src/Illuminate/Pipeline/Pipeline.php(180): App\\Http\\Middleware\\CheckMaintenance->handle()
#16 /www/wwwroot/demo.medace.org/app/Http/Middleware/Share.php(90): Illuminate\\Pipeline\\Pipeline->Illuminate\\Pipeline\\{closure}()
#17 /www/wwwroot/demo.medace.org/vendor/laravel/framework/src/Illuminate/Pipeline/Pipeline.php(180): App\\Http\\Middleware\\Share->handle()
#18 /www/wwwroot/demo.medace.org/app/Http/Middleware/Impersonate.php(23): Illuminate\\Pipeline\\Pipeline->Illuminate\\Pipeline\\{closure}()
#19 /www/wwwroot/demo.medace.org/vendor/laravel/framework/src/Illuminate/Pipeline/Pipeline.php(180): App\\Http\\Middleware\\Impersonate->handle()
#20 /www/wwwroot/demo.medace.org/app/Http/Middleware/CheckMobileApp.php(25): Illuminate\\Pipeline\\Pipeline->Illuminate\\Pipeline\\{closure}()
#21 /www/wwwroot/demo.medace.org/vendor/laravel/framework/src/Illuminate/Pipeline/Pipeline.php(180): App\\Http\\Middleware\\CheckMobileApp->handle()
#22 /www/wwwroot/demo.medace.org/app/Http/Middleware/DebugBar.php(22): Illuminate\\Pipeline\\Pipeline->Illuminate\\Pipeline\\{closure}()
#23 /www/wwwroot/demo.medace.org/vendor/laravel/framework/src/Illuminate/Pipeline/Pipeline.php(180): App\\Http\\Middleware\\DebugBar->handle()
#24 /www/wwwroot/demo.medace.org/app/Http/Middleware/SessionValidity.php(36): Illuminate\\Pipeline\\Pipeline->Illuminate\\Pipeline\\{closure}()
#25 /www/wwwroot/demo.medace.org/vendor/laravel/framework/src/Illuminate/Pipeline/Pipeline.php(180): App\\Http\\Middleware\\SessionValidity->handle()
#26 /www/wwwroot/demo.medace.org/app/Http/Middleware/UserLocale.php(44): Illuminate\\Pipeline\\Pipeline->Illuminate\\Pipeline\\{closure}()
#27 /www/wwwroot/demo.medace.org/vendor/laravel/framework/src/Illuminate/Pipeline/Pipeline.php(180): App\\Http\\Middleware\\UserLocale->handle()
#28 /www/wwwroot/demo.medace.org/vendor/laravel/framework/src/Illuminate/Routing/Middleware/SubstituteBindings.php(50): Illuminate\\Pipeline\\Pipeline->Illuminate\\Pipeline\\{closure}()
#29 /www/wwwroot/demo.medace.org/vendor/laravel/framework/src/Illuminate/Pipeline/Pipeline.php(180): Illuminate\\Routing\\Middleware\\SubstituteBindings->handle()
#30 /www/wwwroot/demo.medace.org/vendor/laravel/framework/src/Illuminate/Foundation/Http/Middleware/VerifyCsrfToken.php(78): Illuminate\\Pipeline\\Pipeline->Illuminate\\Pipeline\\{closure}()
#31 /www/wwwroot/demo.medace.org/vendor/laravel/framework/src/Illuminate/Pipeline/Pipeline.php(180): Illuminate\\Foundation\\Http\\Middleware\\VerifyCsrfToken->handle()
#32 /www/wwwroot/demo.medace.org/vendor/laravel/framework/src/Illuminate/View/Middleware/ShareErrorsFromSession.php(49): Illuminate\\Pipeline\\Pipeline->Illuminate\\Pipeline\\{closure}()
#33 /www/wwwroot/demo.medace.org/vendor/laravel/framework/src/Illuminate/Pipeline/Pipeline.php(180): Illuminate\\View\\Middleware\\ShareErrorsFromSession->handle()
#34 /www/wwwroot/demo.medace.org/vendor/laravel/framework/src/Illuminate/Session/Middleware/StartSession.php(121): Illuminate\\Pipeline\\Pipeline->Illuminate\\Pipeline\\{closure}()
#35 /www/wwwroot/demo.medace.org/vendor/laravel/framework/src/Illuminate/Session/Middleware/StartSession.php(64): Illuminate\\Session\\Middleware\\StartSession->handleStatefulRequest()
#36 /www/wwwroot/demo.medace.org/vendor/laravel/framework/src/Illuminate/Pipeline/Pipeline.php(180): Illuminate\\Session\\Middleware\\StartSession->handle()
#37 /www/wwwroot/demo.medace.org/vendor/laravel/framework/src/Illuminate/Cookie/Middleware/AddQueuedCookiesToResponse.php(37): Illuminate\\Pipeline\\Pipeline->Illuminate\\Pipeline\\{closure}()
#38 /www/wwwroot/demo.medace.org/vendor/laravel/framework/src/Illuminate/Pipeline/Pipeline.php(180): Illuminate\\Cookie\\Middleware\\AddQueuedCookiesToResponse->handle()
#39 /www/wwwroot/demo.medace.org/vendor/laravel/framework/src/Illuminate/Cookie/Middleware/EncryptCookies.php(67): Illuminate\\Pipeline\\Pipeline->Illuminate\\Pipeline\\{closure}()
#40 /www/wwwroot/demo.medace.org/vendor/laravel/framework/src/Illuminate/Pipeline/Pipeline.php(180): Illuminate\\Cookie\\Middleware\\EncryptCookies->handle()
#41 /www/wwwroot/demo.medace.org/vendor/laravel/framework/src/Illuminate/Pipeline/Pipeline.php(116): Illuminate\\Pipeline\\Pipeline->Illuminate\\Pipeline\\{closure}()
#42 /www/wwwroot/demo.medace.org/vendor/laravel/framework/src/Illuminate/Routing/Router.php(799): Illuminate\\Pipeline\\Pipeline->then()
#43 /www/wwwroot/demo.medace.org/vendor/laravel/framework/src/Illuminate/Routing/Router.php(776): Illuminate\\Routing\\Router->runRouteWithinStack()
#44 /www/wwwroot/demo.medace.org/vendor/laravel/framework/src/Illuminate/Routing/Router.php(740): Illuminate\\Routing\\Router->runRoute()
#45 /www/wwwroot/demo.medace.org/vendor/laravel/framework/src/Illuminate/Routing/Router.php(729): Illuminate\\Routing\\Router->dispatchToRoute()
#46 /www/wwwroot/demo.medace.org/vendor/laravel/framework/src/Illuminate/Foundation/Http/Kernel.php(190): Illuminate\\Routing\\Router->dispatch()
#47 /www/wwwroot/demo.medace.org/vendor/laravel/framework/src/Illuminate/Pipeline/Pipeline.php(141): Illuminate\\Foundation\\Http\\Kernel->Illuminate\\Foundation\\Http\\{closure}()
#48 /www/wwwroot/demo.medace.org/vendor/barryvdh/laravel-debugbar/src/Middleware/InjectDebugbar.php(66): Illuminate\\Pipeline\\Pipeline->Illuminate\\Pipeline\\{closure}()
#49 /www/wwwroot/demo.medace.org/vendor/laravel/framework/src/Illuminate/Pipeline/Pipeline.php(180): Barryvdh\\Debugbar\\Middleware\\InjectDebugbar->handle()
#50 /www/wwwroot/demo.medace.org/vendor/laravel/framework/src/Illuminate/Foundation/Http/Middleware/TransformsRequest.php(21): Illuminate\\Pipeline\\Pipeline->Illuminate\\Pipeline\\{closure}()
#51 /www/wwwroot/demo.medace.org/vendor/laravel/framework/src/Illuminate/Foundation/Http/Middleware/ConvertEmptyStringsToNull.php(31): Illuminate\\Foundation\\Http\\Middleware\\TransformsRequest->handle()
#52 /www/wwwroot/demo.medace.org/vendor/laravel/framework/src/Illuminate/Pipeline/Pipeline.php(180): Illuminate\\Foundation\\Http\\Middleware\\ConvertEmptyStringsToNull->handle()
#53 /www/wwwroot/demo.medace.org/vendor/laravel/framework/src/Illuminate/Foundation/Http/Middleware/TransformsRequest.php(21): Illuminate\\Pipeline\\Pipeline->Illuminate\\Pipeline\\{closure}()
#54 /www/wwwroot/demo.medace.org/vendor/laravel/framework/src/Illuminate/Foundation/Http/Middleware/TrimStrings.php(40): Illuminate\\Foundation\\Http\\Middleware\\TransformsRequest->handle()
#55 /www/wwwroot/demo.medace.org/vendor/laravel/framework/src/Illuminate/Pipeline/Pipeline.php(180): Illuminate\\Foundation\\Http\\Middleware\\TrimStrings->handle()
#56 /www/wwwroot/demo.medace.org/vendor/laravel/framework/src/Illuminate/Foundation/Http/Middleware/ValidatePostSize.php(27): Illuminate\\Pipeline\\Pipeline->Illuminate\\Pipeline\\{closure}()
#57 /www/wwwroot/demo.medace.org/vendor/laravel/framework/src/Illuminate/Pipeline/Pipeline.php(180): Illuminate\\Foundation\\Http\\Middleware\\ValidatePostSize->handle()
#58 /www/wwwroot/demo.medace.org/vendor/laravel/framework/src/Illuminate/Foundation/Http/Middleware/PreventRequestsDuringMaintenance.php(86): Illuminate\\Pipeline\\Pipeline->Illuminate\\Pipeline\\{closure}()
#59 /www/wwwroot/demo.medace.org/vendor/laravel/framework/src/Illuminate/Pipeline/Pipeline.php(180): Illuminate\\Foundation\\Http\\Middleware\\PreventRequestsDuringMaintenance->handle()
#60 /www/wwwroot/demo.medace.org/vendor/fruitcake/laravel-cors/src/HandleCors.php(38): Illuminate\\Pipeline\\Pipeline->Illuminate\\Pipeline\\{closure}()
#61 /www/wwwroot/demo.medace.org/vendor/laravel/framework/src/Illuminate/Pipeline/Pipeline.php(180): Fruitcake\\Cors\\HandleCors->handle()
#62 /www/wwwroot/demo.medace.org/vendor/laravel/framework/src/Illuminate/Http/Middleware/TrustProxies.php(39): Illuminate\\Pipeline\\Pipeline->Illuminate\\Pipeline\\{closure}()
#63 /www/wwwroot/demo.medace.org/vendor/laravel/framework/src/Illuminate/Pipeline/Pipeline.php(180): Illuminate\\Http\\Middleware\\TrustProxies->handle()
#64 /www/wwwroot/demo.medace.org/vendor/laravel/framework/src/Illuminate/Pipeline/Pipeline.php(116): Illuminate\\Pipeline\\Pipeline->Illuminate\\Pipeline\\{closure}()
#65 /www/wwwroot/demo.medace.org/vendor/laravel/framework/src/Illuminate/Foundation/Http/Kernel.php(165): Illuminate\\Pipeline\\Pipeline->then()
#66 /www/wwwroot/demo.medace.org/vendor/laravel/framework/src/Illuminate/Foundation/Http/Kernel.php(134): Illuminate\\Foundation\\Http\\Kernel->sendRequestThroughRouter()
#67 /www/wwwroot/demo.medace.org/public/index.php(52): Illuminate\\Foundation\\Http\\Kernel->handle()
#68 {main}
"} 
[2025-04-15 18:46:34] production.ERROR: file_exists(): open_basedir restriction in effect. File(/fonts/OpenSans-Regular.ttf) is not within the allowed path(s): (/www/wwwroot/demo.medace.org/:/tmp/) {"exception":"[object] (ErrorException(code: 0): file_exists(): open_basedir restriction in effect. File(/fonts/OpenSans-Regular.ttf) is not within the allowed path(s): (/www/wwwroot/demo.medace.org/:/tmp/) at /www/wwwroot/demo.medace.org/vendor/lasserafn/php-initial-avatar-generator/src/InitialAvatar.php:739)
[stacktrace]
#0 /www/wwwroot/demo.medace.org/vendor/laravel/framework/src/Illuminate/Foundation/Bootstrap/HandleExceptions.php(270): Illuminate\\Foundation\\Bootstrap\\HandleExceptions->handleError()
#1 [internal function]: Illuminate\\Foundation\\Bootstrap\\HandleExceptions->Illuminate\\Foundation\\Bootstrap\\{closure}()
#2 /www/wwwroot/demo.medace.org/vendor/lasserafn/php-initial-avatar-generator/src/InitialAvatar.php(739): file_exists()
#3 /www/wwwroot/demo.medace.org/vendor/lasserafn/php-initial-avatar-generator/src/InitialAvatar.php(644): LasseRafn\\InitialAvatarGenerator\\InitialAvatar->findFontFile()
#4 /www/wwwroot/demo.medace.org/vendor/lasserafn/php-initial-avatar-generator/src/InitialAvatar.php(401): LasseRafn\\InitialAvatarGenerator\\InitialAvatar->makeAvatar()
#5 /www/wwwroot/demo.medace.org/app/Http/Controllers/Web/DefaultAvatarController.php(39): LasseRafn\\InitialAvatarGenerator\\InitialAvatar->generate()
#6 /www/wwwroot/demo.medace.org/vendor/laravel/framework/src/Illuminate/Routing/Controller.php(54): App\\Http\\Controllers\\Web\\DefaultAvatarController->make()
#7 /www/wwwroot/demo.medace.org/vendor/laravel/framework/src/Illuminate/Routing/ControllerDispatcher.php(43): Illuminate\\Routing\\Controller->callAction()
#8 /www/wwwroot/demo.medace.org/vendor/laravel/framework/src/Illuminate/Routing/Route.php(260): Illuminate\\Routing\\ControllerDispatcher->dispatch()
#9 /www/wwwroot/demo.medace.org/vendor/laravel/framework/src/Illuminate/Routing/Route.php(205): Illuminate\\Routing\\Route->runController()
#10 /www/wwwroot/demo.medace.org/vendor/laravel/framework/src/Illuminate/Routing/Router.php(798): Illuminate\\Routing\\Route->run()
#11 /www/wwwroot/demo.medace.org/vendor/laravel/framework/src/Illuminate/Pipeline/Pipeline.php(141): Illuminate\\Routing\\Router->Illuminate\\Routing\\{closure}()
#12 /www/wwwroot/demo.medace.org/app/Http/Middleware/CheckRestriction.php(34): Illuminate\\Pipeline\\Pipeline->Illuminate\\Pipeline\\{closure}()
#13 /www/wwwroot/demo.medace.org/vendor/laravel/framework/src/Illuminate/Pipeline/Pipeline.php(180): App\\Http\\Middleware\\CheckRestriction->handle()
#14 /www/wwwroot/demo.medace.org/app/Http/Middleware/CheckMaintenance.php(37): Illuminate\\Pipeline\\Pipeline->Illuminate\\Pipeline\\{closure}()
#15 /www/wwwroot/demo.medace.org/vendor/laravel/framework/src/Illuminate/Pipeline/Pipeline.php(180): App\\Http\\Middleware\\CheckMaintenance->handle()
#16 /www/wwwroot/demo.medace.org/app/Http/Middleware/Share.php(90): Illuminate\\Pipeline\\Pipeline->Illuminate\\Pipeline\\{closure}()
#17 /www/wwwroot/demo.medace.org/vendor/laravel/framework/src/Illuminate/Pipeline/Pipeline.php(180): App\\Http\\Middleware\\Share->handle()
#18 /www/wwwroot/demo.medace.org/app/Http/Middleware/Impersonate.php(23): Illuminate\\Pipeline\\Pipeline->Illuminate\\Pipeline\\{closure}()
#19 /www/wwwroot/demo.medace.org/vendor/laravel/framework/src/Illuminate/Pipeline/Pipeline.php(180): App\\Http\\Middleware\\Impersonate->handle()
#20 /www/wwwroot/demo.medace.org/app/Http/Middleware/CheckMobileApp.php(25): Illuminate\\Pipeline\\Pipeline->Illuminate\\Pipeline\\{closure}()
#21 /www/wwwroot/demo.medace.org/vendor/laravel/framework/src/Illuminate/Pipeline/Pipeline.php(180): App\\Http\\Middleware\\CheckMobileApp->handle()
#22 /www/wwwroot/demo.medace.org/app/Http/Middleware/DebugBar.php(22): Illuminate\\Pipeline\\Pipeline->Illuminate\\Pipeline\\{closure}()
#23 /www/wwwroot/demo.medace.org/vendor/laravel/framework/src/Illuminate/Pipeline/Pipeline.php(180): App\\Http\\Middleware\\DebugBar->handle()
#24 /www/wwwroot/demo.medace.org/app/Http/Middleware/SessionValidity.php(36): Illuminate\\Pipeline\\Pipeline->Illuminate\\Pipeline\\{closure}()
#25 /www/wwwroot/demo.medace.org/vendor/laravel/framework/src/Illuminate/Pipeline/Pipeline.php(180): App\\Http\\Middleware\\SessionValidity->handle()
#26 /www/wwwroot/demo.medace.org/app/Http/Middleware/UserLocale.php(44): Illuminate\\Pipeline\\Pipeline->Illuminate\\Pipeline\\{closure}()
#27 /www/wwwroot/demo.medace.org/vendor/laravel/framework/src/Illuminate/Pipeline/Pipeline.php(180): App\\Http\\Middleware\\UserLocale->handle()
#28 /www/wwwroot/demo.medace.org/vendor/laravel/framework/src/Illuminate/Routing/Middleware/SubstituteBindings.php(50): Illuminate\\Pipeline\\Pipeline->Illuminate\\Pipeline\\{closure}()
#29 /www/wwwroot/demo.medace.org/vendor/laravel/framework/src/Illuminate/Pipeline/Pipeline.php(180): Illuminate\\Routing\\Middleware\\SubstituteBindings->handle()
#30 /www/wwwroot/demo.medace.org/vendor/laravel/framework/src/Illuminate/Foundation/Http/Middleware/VerifyCsrfToken.php(78): Illuminate\\Pipeline\\Pipeline->Illuminate\\Pipeline\\{closure}()
#31 /www/wwwroot/demo.medace.org/vendor/laravel/framework/src/Illuminate/Pipeline/Pipeline.php(180): Illuminate\\Foundation\\Http\\Middleware\\VerifyCsrfToken->handle()
#32 /www/wwwroot/demo.medace.org/vendor/laravel/framework/src/Illuminate/View/Middleware/ShareErrorsFromSession.php(49): Illuminate\\Pipeline\\Pipeline->Illuminate\\Pipeline\\{closure}()
#33 /www/wwwroot/demo.medace.org/vendor/laravel/framework/src/Illuminate/Pipeline/Pipeline.php(180): Illuminate\\View\\Middleware\\ShareErrorsFromSession->handle()
#34 /www/wwwroot/demo.medace.org/vendor/laravel/framework/src/Illuminate/Session/Middleware/StartSession.php(121): Illuminate\\Pipeline\\Pipeline->Illuminate\\Pipeline\\{closure}()
#35 /www/wwwroot/demo.medace.org/vendor/laravel/framework/src/Illuminate/Session/Middleware/StartSession.php(64): Illuminate\\Session\\Middleware\\StartSession->handleStatefulRequest()
#36 /www/wwwroot/demo.medace.org/vendor/laravel/framework/src/Illuminate/Pipeline/Pipeline.php(180): Illuminate\\Session\\Middleware\\StartSession->handle()
#37 /www/wwwroot/demo.medace.org/vendor/laravel/framework/src/Illuminate/Cookie/Middleware/AddQueuedCookiesToResponse.php(37): Illuminate\\Pipeline\\Pipeline->Illuminate\\Pipeline\\{closure}()
#38 /www/wwwroot/demo.medace.org/vendor/laravel/framework/src/Illuminate/Pipeline/Pipeline.php(180): Illuminate\\Cookie\\Middleware\\AddQueuedCookiesToResponse->handle()
#39 /www/wwwroot/demo.medace.org/vendor/laravel/framework/src/Illuminate/Cookie/Middleware/EncryptCookies.php(67): Illuminate\\Pipeline\\Pipeline->Illuminate\\Pipeline\\{closure}()
#40 /www/wwwroot/demo.medace.org/vendor/laravel/framework/src/Illuminate/Pipeline/Pipeline.php(180): Illuminate\\Cookie\\Middleware\\EncryptCookies->handle()
#41 /www/wwwroot/demo.medace.org/vendor/laravel/framework/src/Illuminate/Pipeline/Pipeline.php(116): Illuminate\\Pipeline\\Pipeline->Illuminate\\Pipeline\\{closure}()
#42 /www/wwwroot/demo.medace.org/vendor/laravel/framework/src/Illuminate/Routing/Router.php(799): Illuminate\\Pipeline\\Pipeline->then()
#43 /www/wwwroot/demo.medace.org/vendor/laravel/framework/src/Illuminate/Routing/Router.php(776): Illuminate\\Routing\\Router->runRouteWithinStack()
#44 /www/wwwroot/demo.medace.org/vendor/laravel/framework/src/Illuminate/Routing/Router.php(740): Illuminate\\Routing\\Router->runRoute()
#45 /www/wwwroot/demo.medace.org/vendor/laravel/framework/src/Illuminate/Routing/Router.php(729): Illuminate\\Routing\\Router->dispatchToRoute()
#46 /www/wwwroot/demo.medace.org/vendor/laravel/framework/src/Illuminate/Foundation/Http/Kernel.php(190): Illuminate\\Routing\\Router->dispatch()
#47 /www/wwwroot/demo.medace.org/vendor/laravel/framework/src/Illuminate/Pipeline/Pipeline.php(141): Illuminate\\Foundation\\Http\\Kernel->Illuminate\\Foundation\\Http\\{closure}()
#48 /www/wwwroot/demo.medace.org/vendor/barryvdh/laravel-debugbar/src/Middleware/InjectDebugbar.php(66): Illuminate\\Pipeline\\Pipeline->Illuminate\\Pipeline\\{closure}()
#49 /www/wwwroot/demo.medace.org/vendor/laravel/framework/src/Illuminate/Pipeline/Pipeline.php(180): Barryvdh\\Debugbar\\Middleware\\InjectDebugbar->handle()
#50 /www/wwwroot/demo.medace.org/vendor/laravel/framework/src/Illuminate/Foundation/Http/Middleware/TransformsRequest.php(21): Illuminate\\Pipeline\\Pipeline->Illuminate\\Pipeline\\{closure}()
#51 /www/wwwroot/demo.medace.org/vendor/laravel/framework/src/Illuminate/Foundation/Http/Middleware/ConvertEmptyStringsToNull.php(31): Illuminate\\Foundation\\Http\\Middleware\\TransformsRequest->handle()
#52 /www/wwwroot/demo.medace.org/vendor/laravel/framework/src/Illuminate/Pipeline/Pipeline.php(180): Illuminate\\Foundation\\Http\\Middleware\\ConvertEmptyStringsToNull->handle()
#53 /www/wwwroot/demo.medace.org/vendor/laravel/framework/src/Illuminate/Foundation/Http/Middleware/TransformsRequest.php(21): Illuminate\\Pipeline\\Pipeline->Illuminate\\Pipeline\\{closure}()
#54 /www/wwwroot/demo.medace.org/vendor/laravel/framework/src/Illuminate/Foundation/Http/Middleware/TrimStrings.php(40): Illuminate\\Foundation\\Http\\Middleware\\TransformsRequest->handle()
#55 /www/wwwroot/demo.medace.org/vendor/laravel/framework/src/Illuminate/Pipeline/Pipeline.php(180): Illuminate\\Foundation\\Http\\Middleware\\TrimStrings->handle()
#56 /www/wwwroot/demo.medace.org/vendor/laravel/framework/src/Illuminate/Foundation/Http/Middleware/ValidatePostSize.php(27): Illuminate\\Pipeline\\Pipeline->Illuminate\\Pipeline\\{closure}()
#57 /www/wwwroot/demo.medace.org/vendor/laravel/framework/src/Illuminate/Pipeline/Pipeline.php(180): Illuminate\\Foundation\\Http\\Middleware\\ValidatePostSize->handle()
#58 /www/wwwroot/demo.medace.org/vendor/laravel/framework/src/Illuminate/Foundation/Http/Middleware/PreventRequestsDuringMaintenance.php(86): Illuminate\\Pipeline\\Pipeline->Illuminate\\Pipeline\\{closure}()
#59 /www/wwwroot/demo.medace.org/vendor/laravel/framework/src/Illuminate/Pipeline/Pipeline.php(180): Illuminate\\Foundation\\Http\\Middleware\\PreventRequestsDuringMaintenance->handle()
#60 /www/wwwroot/demo.medace.org/vendor/fruitcake/laravel-cors/src/HandleCors.php(38): Illuminate\\Pipeline\\Pipeline->Illuminate\\Pipeline\\{closure}()
#61 /www/wwwroot/demo.medace.org/vendor/laravel/framework/src/Illuminate/Pipeline/Pipeline.php(180): Fruitcake\\Cors\\HandleCors->handle()
#62 /www/wwwroot/demo.medace.org/vendor/laravel/framework/src/Illuminate/Http/Middleware/TrustProxies.php(39): Illuminate\\Pipeline\\Pipeline->Illuminate\\Pipeline\\{closure}()
#63 /www/wwwroot/demo.medace.org/vendor/laravel/framework/src/Illuminate/Pipeline/Pipeline.php(180): Illuminate\\Http\\Middleware\\TrustProxies->handle()
#64 /www/wwwroot/demo.medace.org/vendor/laravel/framework/src/Illuminate/Pipeline/Pipeline.php(116): Illuminate\\Pipeline\\Pipeline->Illuminate\\Pipeline\\{closure}()
#65 /www/wwwroot/demo.medace.org/vendor/laravel/framework/src/Illuminate/Foundation/Http/Kernel.php(165): Illuminate\\Pipeline\\Pipeline->then()
#66 /www/wwwroot/demo.medace.org/vendor/laravel/framework/src/Illuminate/Foundation/Http/Kernel.php(134): Illuminate\\Foundation\\Http\\Kernel->sendRequestThroughRouter()
#67 /www/wwwroot/demo.medace.org/public/index.php(52): Illuminate\\Foundation\\Http\\Kernel->handle()
#68 {main}
"} 
[2025-04-15 18:46:34] production.ERROR: file_exists(): open_basedir restriction in effect. File(/fonts/OpenSans-Regular.ttf) is not within the allowed path(s): (/www/wwwroot/demo.medace.org/:/tmp/) {"exception":"[object] (ErrorException(code: 0): file_exists(): open_basedir restriction in effect. File(/fonts/OpenSans-Regular.ttf) is not within the allowed path(s): (/www/wwwroot/demo.medace.org/:/tmp/) at /www/wwwroot/demo.medace.org/vendor/lasserafn/php-initial-avatar-generator/src/InitialAvatar.php:739)
[stacktrace]
#0 /www/wwwroot/demo.medace.org/vendor/laravel/framework/src/Illuminate/Foundation/Bootstrap/HandleExceptions.php(270): Illuminate\\Foundation\\Bootstrap\\HandleExceptions->handleError()
#1 [internal function]: Illuminate\\Foundation\\Bootstrap\\HandleExceptions->Illuminate\\Foundation\\Bootstrap\\{closure}()
#2 /www/wwwroot/demo.medace.org/vendor/lasserafn/php-initial-avatar-generator/src/InitialAvatar.php(739): file_exists()
#3 /www/wwwroot/demo.medace.org/vendor/lasserafn/php-initial-avatar-generator/src/InitialAvatar.php(644): LasseRafn\\InitialAvatarGenerator\\InitialAvatar->findFontFile()
#4 /www/wwwroot/demo.medace.org/vendor/lasserafn/php-initial-avatar-generator/src/InitialAvatar.php(401): LasseRafn\\InitialAvatarGenerator\\InitialAvatar->makeAvatar()
#5 /www/wwwroot/demo.medace.org/app/Http/Controllers/Web/DefaultAvatarController.php(39): LasseRafn\\InitialAvatarGenerator\\InitialAvatar->generate()
#6 /www/wwwroot/demo.medace.org/vendor/laravel/framework/src/Illuminate/Routing/Controller.php(54): App\\Http\\Controllers\\Web\\DefaultAvatarController->make()
#7 /www/wwwroot/demo.medace.org/vendor/laravel/framework/src/Illuminate/Routing/ControllerDispatcher.php(43): Illuminate\\Routing\\Controller->callAction()
#8 /www/wwwroot/demo.medace.org/vendor/laravel/framework/src/Illuminate/Routing/Route.php(260): Illuminate\\Routing\\ControllerDispatcher->dispatch()
#9 /www/wwwroot/demo.medace.org/vendor/laravel/framework/src/Illuminate/Routing/Route.php(205): Illuminate\\Routing\\Route->runController()
#10 /www/wwwroot/demo.medace.org/vendor/laravel/framework/src/Illuminate/Routing/Router.php(798): Illuminate\\Routing\\Route->run()
#11 /www/wwwroot/demo.medace.org/vendor/laravel/framework/src/Illuminate/Pipeline/Pipeline.php(141): Illuminate\\Routing\\Router->Illuminate\\Routing\\{closure}()
#12 /www/wwwroot/demo.medace.org/app/Http/Middleware/CheckRestriction.php(34): Illuminate\\Pipeline\\Pipeline->Illuminate\\Pipeline\\{closure}()
#13 /www/wwwroot/demo.medace.org/vendor/laravel/framework/src/Illuminate/Pipeline/Pipeline.php(180): App\\Http\\Middleware\\CheckRestriction->handle()
#14 /www/wwwroot/demo.medace.org/app/Http/Middleware/CheckMaintenance.php(37): Illuminate\\Pipeline\\Pipeline->Illuminate\\Pipeline\\{closure}()
#15 /www/wwwroot/demo.medace.org/vendor/laravel/framework/src/Illuminate/Pipeline/Pipeline.php(180): App\\Http\\Middleware\\CheckMaintenance->handle()
#16 /www/wwwroot/demo.medace.org/app/Http/Middleware/Share.php(90): Illuminate\\Pipeline\\Pipeline->Illuminate\\Pipeline\\{closure}()
#17 /www/wwwroot/demo.medace.org/vendor/laravel/framework/src/Illuminate/Pipeline/Pipeline.php(180): App\\Http\\Middleware\\Share->handle()
#18 /www/wwwroot/demo.medace.org/app/Http/Middleware/Impersonate.php(23): Illuminate\\Pipeline\\Pipeline->Illuminate\\Pipeline\\{closure}()
#19 /www/wwwroot/demo.medace.org/vendor/laravel/framework/src/Illuminate/Pipeline/Pipeline.php(180): App\\Http\\Middleware\\Impersonate->handle()
#20 /www/wwwroot/demo.medace.org/app/Http/Middleware/CheckMobileApp.php(25): Illuminate\\Pipeline\\Pipeline->Illuminate\\Pipeline\\{closure}()
#21 /www/wwwroot/demo.medace.org/vendor/laravel/framework/src/Illuminate/Pipeline/Pipeline.php(180): App\\Http\\Middleware\\CheckMobileApp->handle()
#22 /www/wwwroot/demo.medace.org/app/Http/Middleware/DebugBar.php(22): Illuminate\\Pipeline\\Pipeline->Illuminate\\Pipeline\\{closure}()
#23 /www/wwwroot/demo.medace.org/vendor/laravel/framework/src/Illuminate/Pipeline/Pipeline.php(180): App\\Http\\Middleware\\DebugBar->handle()
#24 /www/wwwroot/demo.medace.org/app/Http/Middleware/SessionValidity.php(36): Illuminate\\Pipeline\\Pipeline->Illuminate\\Pipeline\\{closure}()
#25 /www/wwwroot/demo.medace.org/vendor/laravel/framework/src/Illuminate/Pipeline/Pipeline.php(180): App\\Http\\Middleware\\SessionValidity->handle()
#26 /www/wwwroot/demo.medace.org/app/Http/Middleware/UserLocale.php(44): Illuminate\\Pipeline\\Pipeline->Illuminate\\Pipeline\\{closure}()
#27 /www/wwwroot/demo.medace.org/vendor/laravel/framework/src/Illuminate/Pipeline/Pipeline.php(180): App\\Http\\Middleware\\UserLocale->handle()
#28 /www/wwwroot/demo.medace.org/vendor/laravel/framework/src/Illuminate/Routing/Middleware/SubstituteBindings.php(50): Illuminate\\Pipeline\\Pipeline->Illuminate\\Pipeline\\{closure}()
#29 /www/wwwroot/demo.medace.org/vendor/laravel/framework/src/Illuminate/Pipeline/Pipeline.php(180): Illuminate\\Routing\\Middleware\\SubstituteBindings->handle()
#30 /www/wwwroot/demo.medace.org/vendor/laravel/framework/src/Illuminate/Foundation/Http/Middleware/VerifyCsrfToken.php(78): Illuminate\\Pipeline\\Pipeline->Illuminate\\Pipeline\\{closure}()
#31 /www/wwwroot/demo.medace.org/vendor/laravel/framework/src/Illuminate/Pipeline/Pipeline.php(180): Illuminate\\Foundation\\Http\\Middleware\\VerifyCsrfToken->handle()
#32 /www/wwwroot/demo.medace.org/vendor/laravel/framework/src/Illuminate/View/Middleware/ShareErrorsFromSession.php(49): Illuminate\\Pipeline\\Pipeline->Illuminate\\Pipeline\\{closure}()
#33 /www/wwwroot/demo.medace.org/vendor/laravel/framework/src/Illuminate/Pipeline/Pipeline.php(180): Illuminate\\View\\Middleware\\ShareErrorsFromSession->handle()
#34 /www/wwwroot/demo.medace.org/vendor/laravel/framework/src/Illuminate/Session/Middleware/StartSession.php(121): Illuminate\\Pipeline\\Pipeline->Illuminate\\Pipeline\\{closure}()
#35 /www/wwwroot/demo.medace.org/vendor/laravel/framework/src/Illuminate/Session/Middleware/StartSession.php(64): Illuminate\\Session\\Middleware\\StartSession->handleStatefulRequest()
#36 /www/wwwroot/demo.medace.org/vendor/laravel/framework/src/Illuminate/Pipeline/Pipeline.php(180): Illuminate\\Session\\Middleware\\StartSession->handle()
#37 /www/wwwroot/demo.medace.org/vendor/laravel/framework/src/Illuminate/Cookie/Middleware/AddQueuedCookiesToResponse.php(37): Illuminate\\Pipeline\\Pipeline->Illuminate\\Pipeline\\{closure}()
#38 /www/wwwroot/demo.medace.org/vendor/laravel/framework/src/Illuminate/Pipeline/Pipeline.php(180): Illuminate\\Cookie\\Middleware\\AddQueuedCookiesToResponse->handle()
#39 /www/wwwroot/demo.medace.org/vendor/laravel/framework/src/Illuminate/Cookie/Middleware/EncryptCookies.php(67): Illuminate\\Pipeline\\Pipeline->Illuminate\\Pipeline\\{closure}()
#40 /www/wwwroot/demo.medace.org/vendor/laravel/framework/src/Illuminate/Pipeline/Pipeline.php(180): Illuminate\\Cookie\\Middleware\\EncryptCookies->handle()
#41 /www/wwwroot/demo.medace.org/vendor/laravel/framework/src/Illuminate/Pipeline/Pipeline.php(116): Illuminate\\Pipeline\\Pipeline->Illuminate\\Pipeline\\{closure}()
#42 /www/wwwroot/demo.medace.org/vendor/laravel/framework/src/Illuminate/Routing/Router.php(799): Illuminate\\Pipeline\\Pipeline->then()
#43 /www/wwwroot/demo.medace.org/vendor/laravel/framework/src/Illuminate/Routing/Router.php(776): Illuminate\\Routing\\Router->runRouteWithinStack()
#44 /www/wwwroot/demo.medace.org/vendor/laravel/framework/src/Illuminate/Routing/Router.php(740): Illuminate\\Routing\\Router->runRoute()
#45 /www/wwwroot/demo.medace.org/vendor/laravel/framework/src/Illuminate/Routing/Router.php(729): Illuminate\\Routing\\Router->dispatchToRoute()
#46 /www/wwwroot/demo.medace.org/vendor/laravel/framework/src/Illuminate/Foundation/Http/Kernel.php(190): Illuminate\\Routing\\Router->dispatch()
#47 /www/wwwroot/demo.medace.org/vendor/laravel/framework/src/Illuminate/Pipeline/Pipeline.php(141): Illuminate\\Foundation\\Http\\Kernel->Illuminate\\Foundation\\Http\\{closure}()
#48 /www/wwwroot/demo.medace.org/vendor/barryvdh/laravel-debugbar/src/Middleware/InjectDebugbar.php(66): Illuminate\\Pipeline\\Pipeline->Illuminate\\Pipeline\\{closure}()
#49 /www/wwwroot/demo.medace.org/vendor/laravel/framework/src/Illuminate/Pipeline/Pipeline.php(180): Barryvdh\\Debugbar\\Middleware\\InjectDebugbar->handle()
#50 /www/wwwroot/demo.medace.org/vendor/laravel/framework/src/Illuminate/Foundation/Http/Middleware/TransformsRequest.php(21): Illuminate\\Pipeline\\Pipeline->Illuminate\\Pipeline\\{closure}()
#51 /www/wwwroot/demo.medace.org/vendor/laravel/framework/src/Illuminate/Foundation/Http/Middleware/ConvertEmptyStringsToNull.php(31): Illuminate\\Foundation\\Http\\Middleware\\TransformsRequest->handle()
#52 /www/wwwroot/demo.medace.org/vendor/laravel/framework/src/Illuminate/Pipeline/Pipeline.php(180): Illuminate\\Foundation\\Http\\Middleware\\ConvertEmptyStringsToNull->handle()
#53 /www/wwwroot/demo.medace.org/vendor/laravel/framework/src/Illuminate/Foundation/Http/Middleware/TransformsRequest.php(21): Illuminate\\Pipeline\\Pipeline->Illuminate\\Pipeline\\{closure}()
#54 /www/wwwroot/demo.medace.org/vendor/laravel/framework/src/Illuminate/Foundation/Http/Middleware/TrimStrings.php(40): Illuminate\\Foundation\\Http\\Middleware\\TransformsRequest->handle()
#55 /www/wwwroot/demo.medace.org/vendor/laravel/framework/src/Illuminate/Pipeline/Pipeline.php(180): Illuminate\\Foundation\\Http\\Middleware\\TrimStrings->handle()
#56 /www/wwwroot/demo.medace.org/vendor/laravel/framework/src/Illuminate/Foundation/Http/Middleware/ValidatePostSize.php(27): Illuminate\\Pipeline\\Pipeline->Illuminate\\Pipeline\\{closure}()
#57 /www/wwwroot/demo.medace.org/vendor/laravel/framework/src/Illuminate/Pipeline/Pipeline.php(180): Illuminate\\Foundation\\Http\\Middleware\\ValidatePostSize->handle()
#58 /www/wwwroot/demo.medace.org/vendor/laravel/framework/src/Illuminate/Foundation/Http/Middleware/PreventRequestsDuringMaintenance.php(86): Illuminate\\Pipeline\\Pipeline->Illuminate\\Pipeline\\{closure}()
#59 /www/wwwroot/demo.medace.org/vendor/laravel/framework/src/Illuminate/Pipeline/Pipeline.php(180): Illuminate\\Foundation\\Http\\Middleware\\PreventRequestsDuringMaintenance->handle()
#60 /www/wwwroot/demo.medace.org/vendor/fruitcake/laravel-cors/src/HandleCors.php(38): Illuminate\\Pipeline\\Pipeline->Illuminate\\Pipeline\\{closure}()
#61 /www/wwwroot/demo.medace.org/vendor/laravel/framework/src/Illuminate/Pipeline/Pipeline.php(180): Fruitcake\\Cors\\HandleCors->handle()
#62 /www/wwwroot/demo.medace.org/vendor/laravel/framework/src/Illuminate/Http/Middleware/TrustProxies.php(39): Illuminate\\Pipeline\\Pipeline->Illuminate\\Pipeline\\{closure}()
#63 /www/wwwroot/demo.medace.org/vendor/laravel/framework/src/Illuminate/Pipeline/Pipeline.php(180): Illuminate\\Http\\Middleware\\TrustProxies->handle()
#64 /www/wwwroot/demo.medace.org/vendor/laravel/framework/src/Illuminate/Pipeline/Pipeline.php(116): Illuminate\\Pipeline\\Pipeline->Illuminate\\Pipeline\\{closure}()
#65 /www/wwwroot/demo.medace.org/vendor/laravel/framework/src/Illuminate/Foundation/Http/Kernel.php(165): Illuminate\\Pipeline\\Pipeline->then()
#66 /www/wwwroot/demo.medace.org/vendor/laravel/framework/src/Illuminate/Foundation/Http/Kernel.php(134): Illuminate\\Foundation\\Http\\Kernel->sendRequestThroughRouter()
#67 /www/wwwroot/demo.medace.org/public/index.php(52): Illuminate\\Foundation\\Http\\Kernel->handle()
#68 {main}
"} 
[2025-04-15 18:46:52] production.ERROR: file_exists(): open_basedir restriction in effect. File(/fonts/OpenSans-Regular.ttf) is not within the allowed path(s): (/www/wwwroot/demo.medace.org/:/tmp/) {"exception":"[object] (ErrorException(code: 0): file_exists(): open_basedir restriction in effect. File(/fonts/OpenSans-Regular.ttf) is not within the allowed path(s): (/www/wwwroot/demo.medace.org/:/tmp/) at /www/wwwroot/demo.medace.org/vendor/lasserafn/php-initial-avatar-generator/src/InitialAvatar.php:739)
[stacktrace]
#0 /www/wwwroot/demo.medace.org/vendor/laravel/framework/src/Illuminate/Foundation/Bootstrap/HandleExceptions.php(270): Illuminate\\Foundation\\Bootstrap\\HandleExceptions->handleError()
#1 [internal function]: Illuminate\\Foundation\\Bootstrap\\HandleExceptions->Illuminate\\Foundation\\Bootstrap\\{closure}()
#2 /www/wwwroot/demo.medace.org/vendor/lasserafn/php-initial-avatar-generator/src/InitialAvatar.php(739): file_exists()
#3 /www/wwwroot/demo.medace.org/vendor/lasserafn/php-initial-avatar-generator/src/InitialAvatar.php(644): LasseRafn\\InitialAvatarGenerator\\InitialAvatar->findFontFile()
#4 /www/wwwroot/demo.medace.org/vendor/lasserafn/php-initial-avatar-generator/src/InitialAvatar.php(401): LasseRafn\\InitialAvatarGenerator\\InitialAvatar->makeAvatar()
#5 /www/wwwroot/demo.medace.org/app/Http/Controllers/Web/DefaultAvatarController.php(39): LasseRafn\\InitialAvatarGenerator\\InitialAvatar->generate()
#6 /www/wwwroot/demo.medace.org/vendor/laravel/framework/src/Illuminate/Routing/Controller.php(54): App\\Http\\Controllers\\Web\\DefaultAvatarController->make()
#7 /www/wwwroot/demo.medace.org/vendor/laravel/framework/src/Illuminate/Routing/ControllerDispatcher.php(43): Illuminate\\Routing\\Controller->callAction()
#8 /www/wwwroot/demo.medace.org/vendor/laravel/framework/src/Illuminate/Routing/Route.php(260): Illuminate\\Routing\\ControllerDispatcher->dispatch()
#9 /www/wwwroot/demo.medace.org/vendor/laravel/framework/src/Illuminate/Routing/Route.php(205): Illuminate\\Routing\\Route->runController()
#10 /www/wwwroot/demo.medace.org/vendor/laravel/framework/src/Illuminate/Routing/Router.php(798): Illuminate\\Routing\\Route->run()
#11 /www/wwwroot/demo.medace.org/vendor/laravel/framework/src/Illuminate/Pipeline/Pipeline.php(141): Illuminate\\Routing\\Router->Illuminate\\Routing\\{closure}()
#12 /www/wwwroot/demo.medace.org/app/Http/Middleware/CheckRestriction.php(34): Illuminate\\Pipeline\\Pipeline->Illuminate\\Pipeline\\{closure}()
#13 /www/wwwroot/demo.medace.org/vendor/laravel/framework/src/Illuminate/Pipeline/Pipeline.php(180): App\\Http\\Middleware\\CheckRestriction->handle()
#14 /www/wwwroot/demo.medace.org/app/Http/Middleware/CheckMaintenance.php(37): Illuminate\\Pipeline\\Pipeline->Illuminate\\Pipeline\\{closure}()
#15 /www/wwwroot/demo.medace.org/vendor/laravel/framework/src/Illuminate/Pipeline/Pipeline.php(180): App\\Http\\Middleware\\CheckMaintenance->handle()
#16 /www/wwwroot/demo.medace.org/app/Http/Middleware/Share.php(90): Illuminate\\Pipeline\\Pipeline->Illuminate\\Pipeline\\{closure}()
#17 /www/wwwroot/demo.medace.org/vendor/laravel/framework/src/Illuminate/Pipeline/Pipeline.php(180): App\\Http\\Middleware\\Share->handle()
#18 /www/wwwroot/demo.medace.org/app/Http/Middleware/Impersonate.php(23): Illuminate\\Pipeline\\Pipeline->Illuminate\\Pipeline\\{closure}()
#19 /www/wwwroot/demo.medace.org/vendor/laravel/framework/src/Illuminate/Pipeline/Pipeline.php(180): App\\Http\\Middleware\\Impersonate->handle()
#20 /www/wwwroot/demo.medace.org/app/Http/Middleware/CheckMobileApp.php(25): Illuminate\\Pipeline\\Pipeline->Illuminate\\Pipeline\\{closure}()
#21 /www/wwwroot/demo.medace.org/vendor/laravel/framework/src/Illuminate/Pipeline/Pipeline.php(180): App\\Http\\Middleware\\CheckMobileApp->handle()
#22 /www/wwwroot/demo.medace.org/app/Http/Middleware/DebugBar.php(22): Illuminate\\Pipeline\\Pipeline->Illuminate\\Pipeline\\{closure}()
#23 /www/wwwroot/demo.medace.org/vendor/laravel/framework/src/Illuminate/Pipeline/Pipeline.php(180): App\\Http\\Middleware\\DebugBar->handle()
#24 /www/wwwroot/demo.medace.org/app/Http/Middleware/SessionValidity.php(36): Illuminate\\Pipeline\\Pipeline->Illuminate\\Pipeline\\{closure}()
#25 /www/wwwroot/demo.medace.org/vendor/laravel/framework/src/Illuminate/Pipeline/Pipeline.php(180): App\\Http\\Middleware\\SessionValidity->handle()
#26 /www/wwwroot/demo.medace.org/app/Http/Middleware/UserLocale.php(44): Illuminate\\Pipeline\\Pipeline->Illuminate\\Pipeline\\{closure}()
#27 /www/wwwroot/demo.medace.org/vendor/laravel/framework/src/Illuminate/Pipeline/Pipeline.php(180): App\\Http\\Middleware\\UserLocale->handle()
#28 /www/wwwroot/demo.medace.org/vendor/laravel/framework/src/Illuminate/Routing/Middleware/SubstituteBindings.php(50): Illuminate\\Pipeline\\Pipeline->Illuminate\\Pipeline\\{closure}()
#29 /www/wwwroot/demo.medace.org/vendor/laravel/framework/src/Illuminate/Pipeline/Pipeline.php(180): Illuminate\\Routing\\Middleware\\SubstituteBindings->handle()
#30 /www/wwwroot/demo.medace.org/vendor/laravel/framework/src/Illuminate/Foundation/Http/Middleware/VerifyCsrfToken.php(78): Illuminate\\Pipeline\\Pipeline->Illuminate\\Pipeline\\{closure}()
#31 /www/wwwroot/demo.medace.org/vendor/laravel/framework/src/Illuminate/Pipeline/Pipeline.php(180): Illuminate\\Foundation\\Http\\Middleware\\VerifyCsrfToken->handle()
#32 /www/wwwroot/demo.medace.org/vendor/laravel/framework/src/Illuminate/View/Middleware/ShareErrorsFromSession.php(49): Illuminate\\Pipeline\\Pipeline->Illuminate\\Pipeline\\{closure}()
#33 /www/wwwroot/demo.medace.org/vendor/laravel/framework/src/Illuminate/Pipeline/Pipeline.php(180): Illuminate\\View\\Middleware\\ShareErrorsFromSession->handle()
#34 /www/wwwroot/demo.medace.org/vendor/laravel/framework/src/Illuminate/Session/Middleware/StartSession.php(121): Illuminate\\Pipeline\\Pipeline->Illuminate\\Pipeline\\{closure}()
#35 /www/wwwroot/demo.medace.org/vendor/laravel/framework/src/Illuminate/Session/Middleware/StartSession.php(64): Illuminate\\Session\\Middleware\\StartSession->handleStatefulRequest()
#36 /www/wwwroot/demo.medace.org/vendor/laravel/framework/src/Illuminate/Pipeline/Pipeline.php(180): Illuminate\\Session\\Middleware\\StartSession->handle()
#37 /www/wwwroot/demo.medace.org/vendor/laravel/framework/src/Illuminate/Cookie/Middleware/AddQueuedCookiesToResponse.php(37): Illuminate\\Pipeline\\Pipeline->Illuminate\\Pipeline\\{closure}()
#38 /www/wwwroot/demo.medace.org/vendor/laravel/framework/src/Illuminate/Pipeline/Pipeline.php(180): Illuminate\\Cookie\\Middleware\\AddQueuedCookiesToResponse->handle()
#39 /www/wwwroot/demo.medace.org/vendor/laravel/framework/src/Illuminate/Cookie/Middleware/EncryptCookies.php(67): Illuminate\\Pipeline\\Pipeline->Illuminate\\Pipeline\\{closure}()
#40 /www/wwwroot/demo.medace.org/vendor/laravel/framework/src/Illuminate/Pipeline/Pipeline.php(180): Illuminate\\Cookie\\Middleware\\EncryptCookies->handle()
#41 /www/wwwroot/demo.medace.org/vendor/laravel/framework/src/Illuminate/Pipeline/Pipeline.php(116): Illuminate\\Pipeline\\Pipeline->Illuminate\\Pipeline\\{closure}()
#42 /www/wwwroot/demo.medace.org/vendor/laravel/framework/src/Illuminate/Routing/Router.php(799): Illuminate\\Pipeline\\Pipeline->then()
#43 /www/wwwroot/demo.medace.org/vendor/laravel/framework/src/Illuminate/Routing/Router.php(776): Illuminate\\Routing\\Router->runRouteWithinStack()
#44 /www/wwwroot/demo.medace.org/vendor/laravel/framework/src/Illuminate/Routing/Router.php(740): Illuminate\\Routing\\Router->runRoute()
#45 /www/wwwroot/demo.medace.org/vendor/laravel/framework/src/Illuminate/Routing/Router.php(729): Illuminate\\Routing\\Router->dispatchToRoute()
#46 /www/wwwroot/demo.medace.org/vendor/laravel/framework/src/Illuminate/Foundation/Http/Kernel.php(190): Illuminate\\Routing\\Router->dispatch()
#47 /www/wwwroot/demo.medace.org/vendor/laravel/framework/src/Illuminate/Pipeline/Pipeline.php(141): Illuminate\\Foundation\\Http\\Kernel->Illuminate\\Foundation\\Http\\{closure}()
#48 /www/wwwroot/demo.medace.org/vendor/barryvdh/laravel-debugbar/src/Middleware/InjectDebugbar.php(66): Illuminate\\Pipeline\\Pipeline->Illuminate\\Pipeline\\{closure}()
#49 /www/wwwroot/demo.medace.org/vendor/laravel/framework/src/Illuminate/Pipeline/Pipeline.php(180): Barryvdh\\Debugbar\\Middleware\\InjectDebugbar->handle()
#50 /www/wwwroot/demo.medace.org/vendor/laravel/framework/src/Illuminate/Foundation/Http/Middleware/TransformsRequest.php(21): Illuminate\\Pipeline\\Pipeline->Illuminate\\Pipeline\\{closure}()
#51 /www/wwwroot/demo.medace.org/vendor/laravel/framework/src/Illuminate/Foundation/Http/Middleware/ConvertEmptyStringsToNull.php(31): Illuminate\\Foundation\\Http\\Middleware\\TransformsRequest->handle()
#52 /www/wwwroot/demo.medace.org/vendor/laravel/framework/src/Illuminate/Pipeline/Pipeline.php(180): Illuminate\\Foundation\\Http\\Middleware\\ConvertEmptyStringsToNull->handle()
#53 /www/wwwroot/demo.medace.org/vendor/laravel/framework/src/Illuminate/Foundation/Http/Middleware/TransformsRequest.php(21): Illuminate\\Pipeline\\Pipeline->Illuminate\\Pipeline\\{closure}()
#54 /www/wwwroot/demo.medace.org/vendor/laravel/framework/src/Illuminate/Foundation/Http/Middleware/TrimStrings.php(40): Illuminate\\Foundation\\Http\\Middleware\\TransformsRequest->handle()
#55 /www/wwwroot/demo.medace.org/vendor/laravel/framework/src/Illuminate/Pipeline/Pipeline.php(180): Illuminate\\Foundation\\Http\\Middleware\\TrimStrings->handle()
#56 /www/wwwroot/demo.medace.org/vendor/laravel/framework/src/Illuminate/Foundation/Http/Middleware/ValidatePostSize.php(27): Illuminate\\Pipeline\\Pipeline->Illuminate\\Pipeline\\{closure}()
#57 /www/wwwroot/demo.medace.org/vendor/laravel/framework/src/Illuminate/Pipeline/Pipeline.php(180): Illuminate\\Foundation\\Http\\Middleware\\ValidatePostSize->handle()
#58 /www/wwwroot/demo.medace.org/vendor/laravel/framework/src/Illuminate/Foundation/Http/Middleware/PreventRequestsDuringMaintenance.php(86): Illuminate\\Pipeline\\Pipeline->Illuminate\\Pipeline\\{closure}()
#59 /www/wwwroot/demo.medace.org/vendor/laravel/framework/src/Illuminate/Pipeline/Pipeline.php(180): Illuminate\\Foundation\\Http\\Middleware\\PreventRequestsDuringMaintenance->handle()
#60 /www/wwwroot/demo.medace.org/vendor/fruitcake/laravel-cors/src/HandleCors.php(38): Illuminate\\Pipeline\\Pipeline->Illuminate\\Pipeline\\{closure}()
#61 /www/wwwroot/demo.medace.org/vendor/laravel/framework/src/Illuminate/Pipeline/Pipeline.php(180): Fruitcake\\Cors\\HandleCors->handle()
#62 /www/wwwroot/demo.medace.org/vendor/laravel/framework/src/Illuminate/Http/Middleware/TrustProxies.php(39): Illuminate\\Pipeline\\Pipeline->Illuminate\\Pipeline\\{closure}()
#63 /www/wwwroot/demo.medace.org/vendor/laravel/framework/src/Illuminate/Pipeline/Pipeline.php(180): Illuminate\\Http\\Middleware\\TrustProxies->handle()
#64 /www/wwwroot/demo.medace.org/vendor/laravel/framework/src/Illuminate/Pipeline/Pipeline.php(116): Illuminate\\Pipeline\\Pipeline->Illuminate\\Pipeline\\{closure}()
#65 /www/wwwroot/demo.medace.org/vendor/laravel/framework/src/Illuminate/Foundation/Http/Kernel.php(165): Illuminate\\Pipeline\\Pipeline->then()
#66 /www/wwwroot/demo.medace.org/vendor/laravel/framework/src/Illuminate/Foundation/Http/Kernel.php(134): Illuminate\\Foundation\\Http\\Kernel->sendRequestThroughRouter()
#67 /www/wwwroot/demo.medace.org/public/index.php(52): Illuminate\\Foundation\\Http\\Kernel->handle()
#68 {main}
"} 
[2025-04-15 18:46:52] production.ERROR: file_exists(): open_basedir restriction in effect. File(/fonts/OpenSans-Regular.ttf) is not within the allowed path(s): (/www/wwwroot/demo.medace.org/:/tmp/) {"exception":"[object] (ErrorException(code: 0): file_exists(): open_basedir restriction in effect. File(/fonts/OpenSans-Regular.ttf) is not within the allowed path(s): (/www/wwwroot/demo.medace.org/:/tmp/) at /www/wwwroot/demo.medace.org/vendor/lasserafn/php-initial-avatar-generator/src/InitialAvatar.php:739)
[stacktrace]
#0 /www/wwwroot/demo.medace.org/vendor/laravel/framework/src/Illuminate/Foundation/Bootstrap/HandleExceptions.php(270): Illuminate\\Foundation\\Bootstrap\\HandleExceptions->handleError()
#1 [internal function]: Illuminate\\Foundation\\Bootstrap\\HandleExceptions->Illuminate\\Foundation\\Bootstrap\\{closure}()
#2 /www/wwwroot/demo.medace.org/vendor/lasserafn/php-initial-avatar-generator/src/InitialAvatar.php(739): file_exists()
#3 /www/wwwroot/demo.medace.org/vendor/lasserafn/php-initial-avatar-generator/src/InitialAvatar.php(644): LasseRafn\\InitialAvatarGenerator\\InitialAvatar->findFontFile()
#4 /www/wwwroot/demo.medace.org/vendor/lasserafn/php-initial-avatar-generator/src/InitialAvatar.php(401): LasseRafn\\InitialAvatarGenerator\\InitialAvatar->makeAvatar()
#5 /www/wwwroot/demo.medace.org/app/Http/Controllers/Web/DefaultAvatarController.php(39): LasseRafn\\InitialAvatarGenerator\\InitialAvatar->generate()
#6 /www/wwwroot/demo.medace.org/vendor/laravel/framework/src/Illuminate/Routing/Controller.php(54): App\\Http\\Controllers\\Web\\DefaultAvatarController->make()
#7 /www/wwwroot/demo.medace.org/vendor/laravel/framework/src/Illuminate/Routing/ControllerDispatcher.php(43): Illuminate\\Routing\\Controller->callAction()
#8 /www/wwwroot/demo.medace.org/vendor/laravel/framework/src/Illuminate/Routing/Route.php(260): Illuminate\\Routing\\ControllerDispatcher->dispatch()
#9 /www/wwwroot/demo.medace.org/vendor/laravel/framework/src/Illuminate/Routing/Route.php(205): Illuminate\\Routing\\Route->runController()
#10 /www/wwwroot/demo.medace.org/vendor/laravel/framework/src/Illuminate/Routing/Router.php(798): Illuminate\\Routing\\Route->run()
#11 /www/wwwroot/demo.medace.org/vendor/laravel/framework/src/Illuminate/Pipeline/Pipeline.php(141): Illuminate\\Routing\\Router->Illuminate\\Routing\\{closure}()
#12 /www/wwwroot/demo.medace.org/app/Http/Middleware/CheckRestriction.php(34): Illuminate\\Pipeline\\Pipeline->Illuminate\\Pipeline\\{closure}()
#13 /www/wwwroot/demo.medace.org/vendor/laravel/framework/src/Illuminate/Pipeline/Pipeline.php(180): App\\Http\\Middleware\\CheckRestriction->handle()
#14 /www/wwwroot/demo.medace.org/app/Http/Middleware/CheckMaintenance.php(37): Illuminate\\Pipeline\\Pipeline->Illuminate\\Pipeline\\{closure}()
#15 /www/wwwroot/demo.medace.org/vendor/laravel/framework/src/Illuminate/Pipeline/Pipeline.php(180): App\\Http\\Middleware\\CheckMaintenance->handle()
#16 /www/wwwroot/demo.medace.org/app/Http/Middleware/Share.php(90): Illuminate\\Pipeline\\Pipeline->Illuminate\\Pipeline\\{closure}()
#17 /www/wwwroot/demo.medace.org/vendor/laravel/framework/src/Illuminate/Pipeline/Pipeline.php(180): App\\Http\\Middleware\\Share->handle()
#18 /www/wwwroot/demo.medace.org/app/Http/Middleware/Impersonate.php(23): Illuminate\\Pipeline\\Pipeline->Illuminate\\Pipeline\\{closure}()
#19 /www/wwwroot/demo.medace.org/vendor/laravel/framework/src/Illuminate/Pipeline/Pipeline.php(180): App\\Http\\Middleware\\Impersonate->handle()
#20 /www/wwwroot/demo.medace.org/app/Http/Middleware/CheckMobileApp.php(25): Illuminate\\Pipeline\\Pipeline->Illuminate\\Pipeline\\{closure}()
#21 /www/wwwroot/demo.medace.org/vendor/laravel/framework/src/Illuminate/Pipeline/Pipeline.php(180): App\\Http\\Middleware\\CheckMobileApp->handle()
#22 /www/wwwroot/demo.medace.org/app/Http/Middleware/DebugBar.php(22): Illuminate\\Pipeline\\Pipeline->Illuminate\\Pipeline\\{closure}()
#23 /www/wwwroot/demo.medace.org/vendor/laravel/framework/src/Illuminate/Pipeline/Pipeline.php(180): App\\Http\\Middleware\\DebugBar->handle()
#24 /www/wwwroot/demo.medace.org/app/Http/Middleware/SessionValidity.php(36): Illuminate\\Pipeline\\Pipeline->Illuminate\\Pipeline\\{closure}()
#25 /www/wwwroot/demo.medace.org/vendor/laravel/framework/src/Illuminate/Pipeline/Pipeline.php(180): App\\Http\\Middleware\\SessionValidity->handle()
#26 /www/wwwroot/demo.medace.org/app/Http/Middleware/UserLocale.php(44): Illuminate\\Pipeline\\Pipeline->Illuminate\\Pipeline\\{closure}()
#27 /www/wwwroot/demo.medace.org/vendor/laravel/framework/src/Illuminate/Pipeline/Pipeline.php(180): App\\Http\\Middleware\\UserLocale->handle()
#28 /www/wwwroot/demo.medace.org/vendor/laravel/framework/src/Illuminate/Routing/Middleware/SubstituteBindings.php(50): Illuminate\\Pipeline\\Pipeline->Illuminate\\Pipeline\\{closure}()
#29 /www/wwwroot/demo.medace.org/vendor/laravel/framework/src/Illuminate/Pipeline/Pipeline.php(180): Illuminate\\Routing\\Middleware\\SubstituteBindings->handle()
#30 /www/wwwroot/demo.medace.org/vendor/laravel/framework/src/Illuminate/Foundation/Http/Middleware/VerifyCsrfToken.php(78): Illuminate\\Pipeline\\Pipeline->Illuminate\\Pipeline\\{closure}()
#31 /www/wwwroot/demo.medace.org/vendor/laravel/framework/src/Illuminate/Pipeline/Pipeline.php(180): Illuminate\\Foundation\\Http\\Middleware\\VerifyCsrfToken->handle()
#32 /www/wwwroot/demo.medace.org/vendor/laravel/framework/src/Illuminate/View/Middleware/ShareErrorsFromSession.php(49): Illuminate\\Pipeline\\Pipeline->Illuminate\\Pipeline\\{closure}()
#33 /www/wwwroot/demo.medace.org/vendor/laravel/framework/src/Illuminate/Pipeline/Pipeline.php(180): Illuminate\\View\\Middleware\\ShareErrorsFromSession->handle()
#34 /www/wwwroot/demo.medace.org/vendor/laravel/framework/src/Illuminate/Session/Middleware/StartSession.php(121): Illuminate\\Pipeline\\Pipeline->Illuminate\\Pipeline\\{closure}()
#35 /www/wwwroot/demo.medace.org/vendor/laravel/framework/src/Illuminate/Session/Middleware/StartSession.php(64): Illuminate\\Session\\Middleware\\StartSession->handleStatefulRequest()
#36 /www/wwwroot/demo.medace.org/vendor/laravel/framework/src/Illuminate/Pipeline/Pipeline.php(180): Illuminate\\Session\\Middleware\\StartSession->handle()
#37 /www/wwwroot/demo.medace.org/vendor/laravel/framework/src/Illuminate/Cookie/Middleware/AddQueuedCookiesToResponse.php(37): Illuminate\\Pipeline\\Pipeline->Illuminate\\Pipeline\\{closure}()
#38 /www/wwwroot/demo.medace.org/vendor/laravel/framework/src/Illuminate/Pipeline/Pipeline.php(180): Illuminate\\Cookie\\Middleware\\AddQueuedCookiesToResponse->handle()
#39 /www/wwwroot/demo.medace.org/vendor/laravel/framework/src/Illuminate/Cookie/Middleware/EncryptCookies.php(67): Illuminate\\Pipeline\\Pipeline->Illuminate\\Pipeline\\{closure}()
#40 /www/wwwroot/demo.medace.org/vendor/laravel/framework/src/Illuminate/Pipeline/Pipeline.php(180): Illuminate\\Cookie\\Middleware\\EncryptCookies->handle()
#41 /www/wwwroot/demo.medace.org/vendor/laravel/framework/src/Illuminate/Pipeline/Pipeline.php(116): Illuminate\\Pipeline\\Pipeline->Illuminate\\Pipeline\\{closure}()
#42 /www/wwwroot/demo.medace.org/vendor/laravel/framework/src/Illuminate/Routing/Router.php(799): Illuminate\\Pipeline\\Pipeline->then()
#43 /www/wwwroot/demo.medace.org/vendor/laravel/framework/src/Illuminate/Routing/Router.php(776): Illuminate\\Routing\\Router->runRouteWithinStack()
#44 /www/wwwroot/demo.medace.org/vendor/laravel/framework/src/Illuminate/Routing/Router.php(740): Illuminate\\Routing\\Router->runRoute()
#45 /www/wwwroot/demo.medace.org/vendor/laravel/framework/src/Illuminate/Routing/Router.php(729): Illuminate\\Routing\\Router->dispatchToRoute()
#46 /www/wwwroot/demo.medace.org/vendor/laravel/framework/src/Illuminate/Foundation/Http/Kernel.php(190): Illuminate\\Routing\\Router->dispatch()
#47 /www/wwwroot/demo.medace.org/vendor/laravel/framework/src/Illuminate/Pipeline/Pipeline.php(141): Illuminate\\Foundation\\Http\\Kernel->Illuminate\\Foundation\\Http\\{closure}()
#48 /www/wwwroot/demo.medace.org/vendor/barryvdh/laravel-debugbar/src/Middleware/InjectDebugbar.php(66): Illuminate\\Pipeline\\Pipeline->Illuminate\\Pipeline\\{closure}()
#49 /www/wwwroot/demo.medace.org/vendor/laravel/framework/src/Illuminate/Pipeline/Pipeline.php(180): Barryvdh\\Debugbar\\Middleware\\InjectDebugbar->handle()
#50 /www/wwwroot/demo.medace.org/vendor/laravel/framework/src/Illuminate/Foundation/Http/Middleware/TransformsRequest.php(21): Illuminate\\Pipeline\\Pipeline->Illuminate\\Pipeline\\{closure}()
#51 /www/wwwroot/demo.medace.org/vendor/laravel/framework/src/Illuminate/Foundation/Http/Middleware/ConvertEmptyStringsToNull.php(31): Illuminate\\Foundation\\Http\\Middleware\\TransformsRequest->handle()
#52 /www/wwwroot/demo.medace.org/vendor/laravel/framework/src/Illuminate/Pipeline/Pipeline.php(180): Illuminate\\Foundation\\Http\\Middleware\\ConvertEmptyStringsToNull->handle()
#53 /www/wwwroot/demo.medace.org/vendor/laravel/framework/src/Illuminate/Foundation/Http/Middleware/TransformsRequest.php(21): Illuminate\\Pipeline\\Pipeline->Illuminate\\Pipeline\\{closure}()
#54 /www/wwwroot/demo.medace.org/vendor/laravel/framework/src/Illuminate/Foundation/Http/Middleware/TrimStrings.php(40): Illuminate\\Foundation\\Http\\Middleware\\TransformsRequest->handle()
#55 /www/wwwroot/demo.medace.org/vendor/laravel/framework/src/Illuminate/Pipeline/Pipeline.php(180): Illuminate\\Foundation\\Http\\Middleware\\TrimStrings->handle()
#56 /www/wwwroot/demo.medace.org/vendor/laravel/framework/src/Illuminate/Foundation/Http/Middleware/ValidatePostSize.php(27): Illuminate\\Pipeline\\Pipeline->Illuminate\\Pipeline\\{closure}()
#57 /www/wwwroot/demo.medace.org/vendor/laravel/framework/src/Illuminate/Pipeline/Pipeline.php(180): Illuminate\\Foundation\\Http\\Middleware\\ValidatePostSize->handle()
#58 /www/wwwroot/demo.medace.org/vendor/laravel/framework/src/Illuminate/Foundation/Http/Middleware/PreventRequestsDuringMaintenance.php(86): Illuminate\\Pipeline\\Pipeline->Illuminate\\Pipeline\\{closure}()
#59 /www/wwwroot/demo.medace.org/vendor/laravel/framework/src/Illuminate/Pipeline/Pipeline.php(180): Illuminate\\Foundation\\Http\\Middleware\\PreventRequestsDuringMaintenance->handle()
#60 /www/wwwroot/demo.medace.org/vendor/fruitcake/laravel-cors/src/HandleCors.php(38): Illuminate\\Pipeline\\Pipeline->Illuminate\\Pipeline\\{closure}()
#61 /www/wwwroot/demo.medace.org/vendor/laravel/framework/src/Illuminate/Pipeline/Pipeline.php(180): Fruitcake\\Cors\\HandleCors->handle()
#62 /www/wwwroot/demo.medace.org/vendor/laravel/framework/src/Illuminate/Http/Middleware/TrustProxies.php(39): Illuminate\\Pipeline\\Pipeline->Illuminate\\Pipeline\\{closure}()
#63 /www/wwwroot/demo.medace.org/vendor/laravel/framework/src/Illuminate/Pipeline/Pipeline.php(180): Illuminate\\Http\\Middleware\\TrustProxies->handle()
#64 /www/wwwroot/demo.medace.org/vendor/laravel/framework/src/Illuminate/Pipeline/Pipeline.php(116): Illuminate\\Pipeline\\Pipeline->Illuminate\\Pipeline\\{closure}()
#65 /www/wwwroot/demo.medace.org/vendor/laravel/framework/src/Illuminate/Foundation/Http/Kernel.php(165): Illuminate\\Pipeline\\Pipeline->then()
#66 /www/wwwroot/demo.medace.org/vendor/laravel/framework/src/Illuminate/Foundation/Http/Kernel.php(134): Illuminate\\Foundation\\Http\\Kernel->sendRequestThroughRouter()
#67 /www/wwwroot/demo.medace.org/public/index.php(52): Illuminate\\Foundation\\Http\\Kernel->handle()
#68 {main}
"} 
[2025-04-15 18:46:53] production.ERROR: file_exists(): open_basedir restriction in effect. File(/fonts/OpenSans-Regular.ttf) is not within the allowed path(s): (/www/wwwroot/demo.medace.org/:/tmp/) {"exception":"[object] (ErrorException(code: 0): file_exists(): open_basedir restriction in effect. File(/fonts/OpenSans-Regular.ttf) is not within the allowed path(s): (/www/wwwroot/demo.medace.org/:/tmp/) at /www/wwwroot/demo.medace.org/vendor/lasserafn/php-initial-avatar-generator/src/InitialAvatar.php:739)
[stacktrace]
#0 /www/wwwroot/demo.medace.org/vendor/laravel/framework/src/Illuminate/Foundation/Bootstrap/HandleExceptions.php(270): Illuminate\\Foundation\\Bootstrap\\HandleExceptions->handleError()
#1 [internal function]: Illuminate\\Foundation\\Bootstrap\\HandleExceptions->Illuminate\\Foundation\\Bootstrap\\{closure}()
#2 /www/wwwroot/demo.medace.org/vendor/lasserafn/php-initial-avatar-generator/src/InitialAvatar.php(739): file_exists()
#3 /www/wwwroot/demo.medace.org/vendor/lasserafn/php-initial-avatar-generator/src/InitialAvatar.php(644): LasseRafn\\InitialAvatarGenerator\\InitialAvatar->findFontFile()
#4 /www/wwwroot/demo.medace.org/vendor/lasserafn/php-initial-avatar-generator/src/InitialAvatar.php(401): LasseRafn\\InitialAvatarGenerator\\InitialAvatar->makeAvatar()
#5 /www/wwwroot/demo.medace.org/app/Http/Controllers/Web/DefaultAvatarController.php(39): LasseRafn\\InitialAvatarGenerator\\InitialAvatar->generate()
#6 /www/wwwroot/demo.medace.org/vendor/laravel/framework/src/Illuminate/Routing/Controller.php(54): App\\Http\\Controllers\\Web\\DefaultAvatarController->make()
#7 /www/wwwroot/demo.medace.org/vendor/laravel/framework/src/Illuminate/Routing/ControllerDispatcher.php(43): Illuminate\\Routing\\Controller->callAction()
#8 /www/wwwroot/demo.medace.org/vendor/laravel/framework/src/Illuminate/Routing/Route.php(260): Illuminate\\Routing\\ControllerDispatcher->dispatch()
#9 /www/wwwroot/demo.medace.org/vendor/laravel/framework/src/Illuminate/Routing/Route.php(205): Illuminate\\Routing\\Route->runController()
#10 /www/wwwroot/demo.medace.org/vendor/laravel/framework/src/Illuminate/Routing/Router.php(798): Illuminate\\Routing\\Route->run()
#11 /www/wwwroot/demo.medace.org/vendor/laravel/framework/src/Illuminate/Pipeline/Pipeline.php(141): Illuminate\\Routing\\Router->Illuminate\\Routing\\{closure}()
#12 /www/wwwroot/demo.medace.org/app/Http/Middleware/CheckRestriction.php(34): Illuminate\\Pipeline\\Pipeline->Illuminate\\Pipeline\\{closure}()
#13 /www/wwwroot/demo.medace.org/vendor/laravel/framework/src/Illuminate/Pipeline/Pipeline.php(180): App\\Http\\Middleware\\CheckRestriction->handle()
#14 /www/wwwroot/demo.medace.org/app/Http/Middleware/CheckMaintenance.php(37): Illuminate\\Pipeline\\Pipeline->Illuminate\\Pipeline\\{closure}()
#15 /www/wwwroot/demo.medace.org/vendor/laravel/framework/src/Illuminate/Pipeline/Pipeline.php(180): App\\Http\\Middleware\\CheckMaintenance->handle()
#16 /www/wwwroot/demo.medace.org/app/Http/Middleware/Share.php(90): Illuminate\\Pipeline\\Pipeline->Illuminate\\Pipeline\\{closure}()
#17 /www/wwwroot/demo.medace.org/vendor/laravel/framework/src/Illuminate/Pipeline/Pipeline.php(180): App\\Http\\Middleware\\Share->handle()
#18 /www/wwwroot/demo.medace.org/app/Http/Middleware/Impersonate.php(23): Illuminate\\Pipeline\\Pipeline->Illuminate\\Pipeline\\{closure}()
#19 /www/wwwroot/demo.medace.org/vendor/laravel/framework/src/Illuminate/Pipeline/Pipeline.php(180): App\\Http\\Middleware\\Impersonate->handle()
#20 /www/wwwroot/demo.medace.org/app/Http/Middleware/CheckMobileApp.php(25): Illuminate\\Pipeline\\Pipeline->Illuminate\\Pipeline\\{closure}()
#21 /www/wwwroot/demo.medace.org/vendor/laravel/framework/src/Illuminate/Pipeline/Pipeline.php(180): App\\Http\\Middleware\\CheckMobileApp->handle()
#22 /www/wwwroot/demo.medace.org/app/Http/Middleware/DebugBar.php(22): Illuminate\\Pipeline\\Pipeline->Illuminate\\Pipeline\\{closure}()
#23 /www/wwwroot/demo.medace.org/vendor/laravel/framework/src/Illuminate/Pipeline/Pipeline.php(180): App\\Http\\Middleware\\DebugBar->handle()
#24 /www/wwwroot/demo.medace.org/app/Http/Middleware/SessionValidity.php(36): Illuminate\\Pipeline\\Pipeline->Illuminate\\Pipeline\\{closure}()
#25 /www/wwwroot/demo.medace.org/vendor/laravel/framework/src/Illuminate/Pipeline/Pipeline.php(180): App\\Http\\Middleware\\SessionValidity->handle()
#26 /www/wwwroot/demo.medace.org/app/Http/Middleware/UserLocale.php(44): Illuminate\\Pipeline\\Pipeline->Illuminate\\Pipeline\\{closure}()
#27 /www/wwwroot/demo.medace.org/vendor/laravel/framework/src/Illuminate/Pipeline/Pipeline.php(180): App\\Http\\Middleware\\UserLocale->handle()
#28 /www/wwwroot/demo.medace.org/vendor/laravel/framework/src/Illuminate/Routing/Middleware/SubstituteBindings.php(50): Illuminate\\Pipeline\\Pipeline->Illuminate\\Pipeline\\{closure}()
#29 /www/wwwroot/demo.medace.org/vendor/laravel/framework/src/Illuminate/Pipeline/Pipeline.php(180): Illuminate\\Routing\\Middleware\\SubstituteBindings->handle()
#30 /www/wwwroot/demo.medace.org/vendor/laravel/framework/src/Illuminate/Foundation/Http/Middleware/VerifyCsrfToken.php(78): Illuminate\\Pipeline\\Pipeline->Illuminate\\Pipeline\\{closure}()
#31 /www/wwwroot/demo.medace.org/vendor/laravel/framework/src/Illuminate/Pipeline/Pipeline.php(180): Illuminate\\Foundation\\Http\\Middleware\\VerifyCsrfToken->handle()
#32 /www/wwwroot/demo.medace.org/vendor/laravel/framework/src/Illuminate/View/Middleware/ShareErrorsFromSession.php(49): Illuminate\\Pipeline\\Pipeline->Illuminate\\Pipeline\\{closure}()
#33 /www/wwwroot/demo.medace.org/vendor/laravel/framework/src/Illuminate/Pipeline/Pipeline.php(180): Illuminate\\View\\Middleware\\ShareErrorsFromSession->handle()
#34 /www/wwwroot/demo.medace.org/vendor/laravel/framework/src/Illuminate/Session/Middleware/StartSession.php(121): Illuminate\\Pipeline\\Pipeline->Illuminate\\Pipeline\\{closure}()
#35 /www/wwwroot/demo.medace.org/vendor/laravel/framework/src/Illuminate/Session/Middleware/StartSession.php(64): Illuminate\\Session\\Middleware\\StartSession->handleStatefulRequest()
#36 /www/wwwroot/demo.medace.org/vendor/laravel/framework/src/Illuminate/Pipeline/Pipeline.php(180): Illuminate\\Session\\Middleware\\StartSession->handle()
#37 /www/wwwroot/demo.medace.org/vendor/laravel/framework/src/Illuminate/Cookie/Middleware/AddQueuedCookiesToResponse.php(37): Illuminate\\Pipeline\\Pipeline->Illuminate\\Pipeline\\{closure}()
#38 /www/wwwroot/demo.medace.org/vendor/laravel/framework/src/Illuminate/Pipeline/Pipeline.php(180): Illuminate\\Cookie\\Middleware\\AddQueuedCookiesToResponse->handle()
#39 /www/wwwroot/demo.medace.org/vendor/laravel/framework/src/Illuminate/Cookie/Middleware/EncryptCookies.php(67): Illuminate\\Pipeline\\Pipeline->Illuminate\\Pipeline\\{closure}()
#40 /www/wwwroot/demo.medace.org/vendor/laravel/framework/src/Illuminate/Pipeline/Pipeline.php(180): Illuminate\\Cookie\\Middleware\\EncryptCookies->handle()
#41 /www/wwwroot/demo.medace.org/vendor/laravel/framework/src/Illuminate/Pipeline/Pipeline.php(116): Illuminate\\Pipeline\\Pipeline->Illuminate\\Pipeline\\{closure}()
#42 /www/wwwroot/demo.medace.org/vendor/laravel/framework/src/Illuminate/Routing/Router.php(799): Illuminate\\Pipeline\\Pipeline->then()
#43 /www/wwwroot/demo.medace.org/vendor/laravel/framework/src/Illuminate/Routing/Router.php(776): Illuminate\\Routing\\Router->runRouteWithinStack()
#44 /www/wwwroot/demo.medace.org/vendor/laravel/framework/src/Illuminate/Routing/Router.php(740): Illuminate\\Routing\\Router->runRoute()
#45 /www/wwwroot/demo.medace.org/vendor/laravel/framework/src/Illuminate/Routing/Router.php(729): Illuminate\\Routing\\Router->dispatchToRoute()
#46 /www/wwwroot/demo.medace.org/vendor/laravel/framework/src/Illuminate/Foundation/Http/Kernel.php(190): Illuminate\\Routing\\Router->dispatch()
#47 /www/wwwroot/demo.medace.org/vendor/laravel/framework/src/Illuminate/Pipeline/Pipeline.php(141): Illuminate\\Foundation\\Http\\Kernel->Illuminate\\Foundation\\Http\\{closure}()
#48 /www/wwwroot/demo.medace.org/vendor/barryvdh/laravel-debugbar/src/Middleware/InjectDebugbar.php(66): Illuminate\\Pipeline\\Pipeline->Illuminate\\Pipeline\\{closure}()
#49 /www/wwwroot/demo.medace.org/vendor/laravel/framework/src/Illuminate/Pipeline/Pipeline.php(180): Barryvdh\\Debugbar\\Middleware\\InjectDebugbar->handle()
#50 /www/wwwroot/demo.medace.org/vendor/laravel/framework/src/Illuminate/Foundation/Http/Middleware/TransformsRequest.php(21): Illuminate\\Pipeline\\Pipeline->Illuminate\\Pipeline\\{closure}()
#51 /www/wwwroot/demo.medace.org/vendor/laravel/framework/src/Illuminate/Foundation/Http/Middleware/ConvertEmptyStringsToNull.php(31): Illuminate\\Foundation\\Http\\Middleware\\TransformsRequest->handle()
#52 /www/wwwroot/demo.medace.org/vendor/laravel/framework/src/Illuminate/Pipeline/Pipeline.php(180): Illuminate\\Foundation\\Http\\Middleware\\ConvertEmptyStringsToNull->handle()
#53 /www/wwwroot/demo.medace.org/vendor/laravel/framework/src/Illuminate/Foundation/Http/Middleware/TransformsRequest.php(21): Illuminate\\Pipeline\\Pipeline->Illuminate\\Pipeline\\{closure}()
#54 /www/wwwroot/demo.medace.org/vendor/laravel/framework/src/Illuminate/Foundation/Http/Middleware/TrimStrings.php(40): Illuminate\\Foundation\\Http\\Middleware\\TransformsRequest->handle()
#55 /www/wwwroot/demo.medace.org/vendor/laravel/framework/src/Illuminate/Pipeline/Pipeline.php(180): Illuminate\\Foundation\\Http\\Middleware\\TrimStrings->handle()
#56 /www/wwwroot/demo.medace.org/vendor/laravel/framework/src/Illuminate/Foundation/Http/Middleware/ValidatePostSize.php(27): Illuminate\\Pipeline\\Pipeline->Illuminate\\Pipeline\\{closure}()
#57 /www/wwwroot/demo.medace.org/vendor/laravel/framework/src/Illuminate/Pipeline/Pipeline.php(180): Illuminate\\Foundation\\Http\\Middleware\\ValidatePostSize->handle()
#58 /www/wwwroot/demo.medace.org/vendor/laravel/framework/src/Illuminate/Foundation/Http/Middleware/PreventRequestsDuringMaintenance.php(86): Illuminate\\Pipeline\\Pipeline->Illuminate\\Pipeline\\{closure}()
#59 /www/wwwroot/demo.medace.org/vendor/laravel/framework/src/Illuminate/Pipeline/Pipeline.php(180): Illuminate\\Foundation\\Http\\Middleware\\PreventRequestsDuringMaintenance->handle()
#60 /www/wwwroot/demo.medace.org/vendor/fruitcake/laravel-cors/src/HandleCors.php(38): Illuminate\\Pipeline\\Pipeline->Illuminate\\Pipeline\\{closure}()
#61 /www/wwwroot/demo.medace.org/vendor/laravel/framework/src/Illuminate/Pipeline/Pipeline.php(180): Fruitcake\\Cors\\HandleCors->handle()
#62 /www/wwwroot/demo.medace.org/vendor/laravel/framework/src/Illuminate/Http/Middleware/TrustProxies.php(39): Illuminate\\Pipeline\\Pipeline->Illuminate\\Pipeline\\{closure}()
#63 /www/wwwroot/demo.medace.org/vendor/laravel/framework/src/Illuminate/Pipeline/Pipeline.php(180): Illuminate\\Http\\Middleware\\TrustProxies->handle()
#64 /www/wwwroot/demo.medace.org/vendor/laravel/framework/src/Illuminate/Pipeline/Pipeline.php(116): Illuminate\\Pipeline\\Pipeline->Illuminate\\Pipeline\\{closure}()
#65 /www/wwwroot/demo.medace.org/vendor/laravel/framework/src/Illuminate/Foundation/Http/Kernel.php(165): Illuminate\\Pipeline\\Pipeline->then()
#66 /www/wwwroot/demo.medace.org/vendor/laravel/framework/src/Illuminate/Foundation/Http/Kernel.php(134): Illuminate\\Foundation\\Http\\Kernel->sendRequestThroughRouter()
#67 /www/wwwroot/demo.medace.org/public/index.php(52): Illuminate\\Foundation\\Http\\Kernel->handle()
#68 {main}
"} 
[2025-04-15 19:07:47] production.ERROR: file_exists(): open_basedir restriction in effect. File(/fonts/OpenSans-Regular.ttf) is not within the allowed path(s): (/www/wwwroot/demo.medace.org/:/tmp/) {"exception":"[object] (ErrorException(code: 0): file_exists(): open_basedir restriction in effect. File(/fonts/OpenSans-Regular.ttf) is not within the allowed path(s): (/www/wwwroot/demo.medace.org/:/tmp/) at /www/wwwroot/demo.medace.org/vendor/lasserafn/php-initial-avatar-generator/src/InitialAvatar.php:739)
[stacktrace]
#0 /www/wwwroot/demo.medace.org/vendor/laravel/framework/src/Illuminate/Foundation/Bootstrap/HandleExceptions.php(270): Illuminate\\Foundation\\Bootstrap\\HandleExceptions->handleError()
#1 [internal function]: Illuminate\\Foundation\\Bootstrap\\HandleExceptions->Illuminate\\Foundation\\Bootstrap\\{closure}()
#2 /www/wwwroot/demo.medace.org/vendor/lasserafn/php-initial-avatar-generator/src/InitialAvatar.php(739): file_exists()
#3 /www/wwwroot/demo.medace.org/vendor/lasserafn/php-initial-avatar-generator/src/InitialAvatar.php(644): LasseRafn\\InitialAvatarGenerator\\InitialAvatar->findFontFile()
#4 /www/wwwroot/demo.medace.org/vendor/lasserafn/php-initial-avatar-generator/src/InitialAvatar.php(401): LasseRafn\\InitialAvatarGenerator\\InitialAvatar->makeAvatar()
#5 /www/wwwroot/demo.medace.org/app/Http/Controllers/Web/DefaultAvatarController.php(39): LasseRafn\\InitialAvatarGenerator\\InitialAvatar->generate()
#6 /www/wwwroot/demo.medace.org/vendor/laravel/framework/src/Illuminate/Routing/Controller.php(54): App\\Http\\Controllers\\Web\\DefaultAvatarController->make()
#7 /www/wwwroot/demo.medace.org/vendor/laravel/framework/src/Illuminate/Routing/ControllerDispatcher.php(43): Illuminate\\Routing\\Controller->callAction()
#8 /www/wwwroot/demo.medace.org/vendor/laravel/framework/src/Illuminate/Routing/Route.php(260): Illuminate\\Routing\\ControllerDispatcher->dispatch()
#9 /www/wwwroot/demo.medace.org/vendor/laravel/framework/src/Illuminate/Routing/Route.php(205): Illuminate\\Routing\\Route->runController()
#10 /www/wwwroot/demo.medace.org/vendor/laravel/framework/src/Illuminate/Routing/Router.php(798): Illuminate\\Routing\\Route->run()
#11 /www/wwwroot/demo.medace.org/vendor/laravel/framework/src/Illuminate/Pipeline/Pipeline.php(141): Illuminate\\Routing\\Router->Illuminate\\Routing\\{closure}()
#12 /www/wwwroot/demo.medace.org/app/Http/Middleware/CheckRestriction.php(34): Illuminate\\Pipeline\\Pipeline->Illuminate\\Pipeline\\{closure}()
#13 /www/wwwroot/demo.medace.org/vendor/laravel/framework/src/Illuminate/Pipeline/Pipeline.php(180): App\\Http\\Middleware\\CheckRestriction->handle()
#14 /www/wwwroot/demo.medace.org/app/Http/Middleware/CheckMaintenance.php(37): Illuminate\\Pipeline\\Pipeline->Illuminate\\Pipeline\\{closure}()
#15 /www/wwwroot/demo.medace.org/vendor/laravel/framework/src/Illuminate/Pipeline/Pipeline.php(180): App\\Http\\Middleware\\CheckMaintenance->handle()
#16 /www/wwwroot/demo.medace.org/app/Http/Middleware/Share.php(90): Illuminate\\Pipeline\\Pipeline->Illuminate\\Pipeline\\{closure}()
#17 /www/wwwroot/demo.medace.org/vendor/laravel/framework/src/Illuminate/Pipeline/Pipeline.php(180): App\\Http\\Middleware\\Share->handle()
#18 /www/wwwroot/demo.medace.org/app/Http/Middleware/Impersonate.php(23): Illuminate\\Pipeline\\Pipeline->Illuminate\\Pipeline\\{closure}()
#19 /www/wwwroot/demo.medace.org/vendor/laravel/framework/src/Illuminate/Pipeline/Pipeline.php(180): App\\Http\\Middleware\\Impersonate->handle()
#20 /www/wwwroot/demo.medace.org/app/Http/Middleware/CheckMobileApp.php(25): Illuminate\\Pipeline\\Pipeline->Illuminate\\Pipeline\\{closure}()
#21 /www/wwwroot/demo.medace.org/vendor/laravel/framework/src/Illuminate/Pipeline/Pipeline.php(180): App\\Http\\Middleware\\CheckMobileApp->handle()
#22 /www/wwwroot/demo.medace.org/app/Http/Middleware/DebugBar.php(22): Illuminate\\Pipeline\\Pipeline->Illuminate\\Pipeline\\{closure}()
#23 /www/wwwroot/demo.medace.org/vendor/laravel/framework/src/Illuminate/Pipeline/Pipeline.php(180): App\\Http\\Middleware\\DebugBar->handle()
#24 /www/wwwroot/demo.medace.org/app/Http/Middleware/SessionValidity.php(36): Illuminate\\Pipeline\\Pipeline->Illuminate\\Pipeline\\{closure}()
#25 /www/wwwroot/demo.medace.org/vendor/laravel/framework/src/Illuminate/Pipeline/Pipeline.php(180): App\\Http\\Middleware\\SessionValidity->handle()
#26 /www/wwwroot/demo.medace.org/app/Http/Middleware/UserLocale.php(44): Illuminate\\Pipeline\\Pipeline->Illuminate\\Pipeline\\{closure}()
#27 /www/wwwroot/demo.medace.org/vendor/laravel/framework/src/Illuminate/Pipeline/Pipeline.php(180): App\\Http\\Middleware\\UserLocale->handle()
#28 /www/wwwroot/demo.medace.org/vendor/laravel/framework/src/Illuminate/Routing/Middleware/SubstituteBindings.php(50): Illuminate\\Pipeline\\Pipeline->Illuminate\\Pipeline\\{closure}()
#29 /www/wwwroot/demo.medace.org/vendor/laravel/framework/src/Illuminate/Pipeline/Pipeline.php(180): Illuminate\\Routing\\Middleware\\SubstituteBindings->handle()
#30 /www/wwwroot/demo.medace.org/vendor/laravel/framework/src/Illuminate/Foundation/Http/Middleware/VerifyCsrfToken.php(78): Illuminate\\Pipeline\\Pipeline->Illuminate\\Pipeline\\{closure}()
#31 /www/wwwroot/demo.medace.org/vendor/laravel/framework/src/Illuminate/Pipeline/Pipeline.php(180): Illuminate\\Foundation\\Http\\Middleware\\VerifyCsrfToken->handle()
#32 /www/wwwroot/demo.medace.org/vendor/laravel/framework/src/Illuminate/View/Middleware/ShareErrorsFromSession.php(49): Illuminate\\Pipeline\\Pipeline->Illuminate\\Pipeline\\{closure}()
#33 /www/wwwroot/demo.medace.org/vendor/laravel/framework/src/Illuminate/Pipeline/Pipeline.php(180): Illuminate\\View\\Middleware\\ShareErrorsFromSession->handle()
#34 /www/wwwroot/demo.medace.org/vendor/laravel/framework/src/Illuminate/Session/Middleware/StartSession.php(121): Illuminate\\Pipeline\\Pipeline->Illuminate\\Pipeline\\{closure}()
#35 /www/wwwroot/demo.medace.org/vendor/laravel/framework/src/Illuminate/Session/Middleware/StartSession.php(64): Illuminate\\Session\\Middleware\\StartSession->handleStatefulRequest()
#36 /www/wwwroot/demo.medace.org/vendor/laravel/framework/src/Illuminate/Pipeline/Pipeline.php(180): Illuminate\\Session\\Middleware\\StartSession->handle()
#37 /www/wwwroot/demo.medace.org/vendor/laravel/framework/src/Illuminate/Cookie/Middleware/AddQueuedCookiesToResponse.php(37): Illuminate\\Pipeline\\Pipeline->Illuminate\\Pipeline\\{closure}()
#38 /www/wwwroot/demo.medace.org/vendor/laravel/framework/src/Illuminate/Pipeline/Pipeline.php(180): Illuminate\\Cookie\\Middleware\\AddQueuedCookiesToResponse->handle()
#39 /www/wwwroot/demo.medace.org/vendor/laravel/framework/src/Illuminate/Cookie/Middleware/EncryptCookies.php(67): Illuminate\\Pipeline\\Pipeline->Illuminate\\Pipeline\\{closure}()
#40 /www/wwwroot/demo.medace.org/vendor/laravel/framework/src/Illuminate/Pipeline/Pipeline.php(180): Illuminate\\Cookie\\Middleware\\EncryptCookies->handle()
#41 /www/wwwroot/demo.medace.org/vendor/laravel/framework/src/Illuminate/Pipeline/Pipeline.php(116): Illuminate\\Pipeline\\Pipeline->Illuminate\\Pipeline\\{closure}()
#42 /www/wwwroot/demo.medace.org/vendor/laravel/framework/src/Illuminate/Routing/Router.php(799): Illuminate\\Pipeline\\Pipeline->then()
#43 /www/wwwroot/demo.medace.org/vendor/laravel/framework/src/Illuminate/Routing/Router.php(776): Illuminate\\Routing\\Router->runRouteWithinStack()
#44 /www/wwwroot/demo.medace.org/vendor/laravel/framework/src/Illuminate/Routing/Router.php(740): Illuminate\\Routing\\Router->runRoute()
#45 /www/wwwroot/demo.medace.org/vendor/laravel/framework/src/Illuminate/Routing/Router.php(729): Illuminate\\Routing\\Router->dispatchToRoute()
#46 /www/wwwroot/demo.medace.org/vendor/laravel/framework/src/Illuminate/Foundation/Http/Kernel.php(190): Illuminate\\Routing\\Router->dispatch()
#47 /www/wwwroot/demo.medace.org/vendor/laravel/framework/src/Illuminate/Pipeline/Pipeline.php(141): Illuminate\\Foundation\\Http\\Kernel->Illuminate\\Foundation\\Http\\{closure}()
#48 /www/wwwroot/demo.medace.org/vendor/barryvdh/laravel-debugbar/src/Middleware/InjectDebugbar.php(66): Illuminate\\Pipeline\\Pipeline->Illuminate\\Pipeline\\{closure}()
#49 /www/wwwroot/demo.medace.org/vendor/laravel/framework/src/Illuminate/Pipeline/Pipeline.php(180): Barryvdh\\Debugbar\\Middleware\\InjectDebugbar->handle()
#50 /www/wwwroot/demo.medace.org/vendor/laravel/framework/src/Illuminate/Foundation/Http/Middleware/TransformsRequest.php(21): Illuminate\\Pipeline\\Pipeline->Illuminate\\Pipeline\\{closure}()
#51 /www/wwwroot/demo.medace.org/vendor/laravel/framework/src/Illuminate/Foundation/Http/Middleware/ConvertEmptyStringsToNull.php(31): Illuminate\\Foundation\\Http\\Middleware\\TransformsRequest->handle()
#52 /www/wwwroot/demo.medace.org/vendor/laravel/framework/src/Illuminate/Pipeline/Pipeline.php(180): Illuminate\\Foundation\\Http\\Middleware\\ConvertEmptyStringsToNull->handle()
#53 /www/wwwroot/demo.medace.org/vendor/laravel/framework/src/Illuminate/Foundation/Http/Middleware/TransformsRequest.php(21): Illuminate\\Pipeline\\Pipeline->Illuminate\\Pipeline\\{closure}()
#54 /www/wwwroot/demo.medace.org/vendor/laravel/framework/src/Illuminate/Foundation/Http/Middleware/TrimStrings.php(40): Illuminate\\Foundation\\Http\\Middleware\\TransformsRequest->handle()
#55 /www/wwwroot/demo.medace.org/vendor/laravel/framework/src/Illuminate/Pipeline/Pipeline.php(180): Illuminate\\Foundation\\Http\\Middleware\\TrimStrings->handle()
#56 /www/wwwroot/demo.medace.org/vendor/laravel/framework/src/Illuminate/Foundation/Http/Middleware/ValidatePostSize.php(27): Illuminate\\Pipeline\\Pipeline->Illuminate\\Pipeline\\{closure}()
#57 /www/wwwroot/demo.medace.org/vendor/laravel/framework/src/Illuminate/Pipeline/Pipeline.php(180): Illuminate\\Foundation\\Http\\Middleware\\ValidatePostSize->handle()
#58 /www/wwwroot/demo.medace.org/vendor/laravel/framework/src/Illuminate/Foundation/Http/Middleware/PreventRequestsDuringMaintenance.php(86): Illuminate\\Pipeline\\Pipeline->Illuminate\\Pipeline\\{closure}()
#59 /www/wwwroot/demo.medace.org/vendor/laravel/framework/src/Illuminate/Pipeline/Pipeline.php(180): Illuminate\\Foundation\\Http\\Middleware\\PreventRequestsDuringMaintenance->handle()
#60 /www/wwwroot/demo.medace.org/vendor/fruitcake/laravel-cors/src/HandleCors.php(38): Illuminate\\Pipeline\\Pipeline->Illuminate\\Pipeline\\{closure}()
#61 /www/wwwroot/demo.medace.org/vendor/laravel/framework/src/Illuminate/Pipeline/Pipeline.php(180): Fruitcake\\Cors\\HandleCors->handle()
#62 /www/wwwroot/demo.medace.org/vendor/laravel/framework/src/Illuminate/Http/Middleware/TrustProxies.php(39): Illuminate\\Pipeline\\Pipeline->Illuminate\\Pipeline\\{closure}()
#63 /www/wwwroot/demo.medace.org/vendor/laravel/framework/src/Illuminate/Pipeline/Pipeline.php(180): Illuminate\\Http\\Middleware\\TrustProxies->handle()
#64 /www/wwwroot/demo.medace.org/vendor/laravel/framework/src/Illuminate/Pipeline/Pipeline.php(116): Illuminate\\Pipeline\\Pipeline->Illuminate\\Pipeline\\{closure}()
#65 /www/wwwroot/demo.medace.org/vendor/laravel/framework/src/Illuminate/Foundation/Http/Kernel.php(165): Illuminate\\Pipeline\\Pipeline->then()
#66 /www/wwwroot/demo.medace.org/vendor/laravel/framework/src/Illuminate/Foundation/Http/Kernel.php(134): Illuminate\\Foundation\\Http\\Kernel->sendRequestThroughRouter()
#67 /www/wwwroot/demo.medace.org/public/index.php(52): Illuminate\\Foundation\\Http\\Kernel->handle()
#68 {main}
"} 
[2025-04-15 19:07:47] production.ERROR: file_exists(): open_basedir restriction in effect. File(/fonts/OpenSans-Regular.ttf) is not within the allowed path(s): (/www/wwwroot/demo.medace.org/:/tmp/) {"exception":"[object] (ErrorException(code: 0): file_exists(): open_basedir restriction in effect. File(/fonts/OpenSans-Regular.ttf) is not within the allowed path(s): (/www/wwwroot/demo.medace.org/:/tmp/) at /www/wwwroot/demo.medace.org/vendor/lasserafn/php-initial-avatar-generator/src/InitialAvatar.php:739)
[stacktrace]
#0 /www/wwwroot/demo.medace.org/vendor/laravel/framework/src/Illuminate/Foundation/Bootstrap/HandleExceptions.php(270): Illuminate\\Foundation\\Bootstrap\\HandleExceptions->handleError()
#1 [internal function]: Illuminate\\Foundation\\Bootstrap\\HandleExceptions->Illuminate\\Foundation\\Bootstrap\\{closure}()
#2 /www/wwwroot/demo.medace.org/vendor/lasserafn/php-initial-avatar-generator/src/InitialAvatar.php(739): file_exists()
#3 /www/wwwroot/demo.medace.org/vendor/lasserafn/php-initial-avatar-generator/src/InitialAvatar.php(644): LasseRafn\\InitialAvatarGenerator\\InitialAvatar->findFontFile()
#4 /www/wwwroot/demo.medace.org/vendor/lasserafn/php-initial-avatar-generator/src/InitialAvatar.php(401): LasseRafn\\InitialAvatarGenerator\\InitialAvatar->makeAvatar()
#5 /www/wwwroot/demo.medace.org/app/Http/Controllers/Web/DefaultAvatarController.php(39): LasseRafn\\InitialAvatarGenerator\\InitialAvatar->generate()
#6 /www/wwwroot/demo.medace.org/vendor/laravel/framework/src/Illuminate/Routing/Controller.php(54): App\\Http\\Controllers\\Web\\DefaultAvatarController->make()
#7 /www/wwwroot/demo.medace.org/vendor/laravel/framework/src/Illuminate/Routing/ControllerDispatcher.php(43): Illuminate\\Routing\\Controller->callAction()
#8 /www/wwwroot/demo.medace.org/vendor/laravel/framework/src/Illuminate/Routing/Route.php(260): Illuminate\\Routing\\ControllerDispatcher->dispatch()
#9 /www/wwwroot/demo.medace.org/vendor/laravel/framework/src/Illuminate/Routing/Route.php(205): Illuminate\\Routing\\Route->runController()
#10 /www/wwwroot/demo.medace.org/vendor/laravel/framework/src/Illuminate/Routing/Router.php(798): Illuminate\\Routing\\Route->run()
#11 /www/wwwroot/demo.medace.org/vendor/laravel/framework/src/Illuminate/Pipeline/Pipeline.php(141): Illuminate\\Routing\\Router->Illuminate\\Routing\\{closure}()
#12 /www/wwwroot/demo.medace.org/app/Http/Middleware/CheckRestriction.php(34): Illuminate\\Pipeline\\Pipeline->Illuminate\\Pipeline\\{closure}()
#13 /www/wwwroot/demo.medace.org/vendor/laravel/framework/src/Illuminate/Pipeline/Pipeline.php(180): App\\Http\\Middleware\\CheckRestriction->handle()
#14 /www/wwwroot/demo.medace.org/app/Http/Middleware/CheckMaintenance.php(37): Illuminate\\Pipeline\\Pipeline->Illuminate\\Pipeline\\{closure}()
#15 /www/wwwroot/demo.medace.org/vendor/laravel/framework/src/Illuminate/Pipeline/Pipeline.php(180): App\\Http\\Middleware\\CheckMaintenance->handle()
#16 /www/wwwroot/demo.medace.org/app/Http/Middleware/Share.php(90): Illuminate\\Pipeline\\Pipeline->Illuminate\\Pipeline\\{closure}()
#17 /www/wwwroot/demo.medace.org/vendor/laravel/framework/src/Illuminate/Pipeline/Pipeline.php(180): App\\Http\\Middleware\\Share->handle()
#18 /www/wwwroot/demo.medace.org/app/Http/Middleware/Impersonate.php(23): Illuminate\\Pipeline\\Pipeline->Illuminate\\Pipeline\\{closure}()
#19 /www/wwwroot/demo.medace.org/vendor/laravel/framework/src/Illuminate/Pipeline/Pipeline.php(180): App\\Http\\Middleware\\Impersonate->handle()
#20 /www/wwwroot/demo.medace.org/app/Http/Middleware/CheckMobileApp.php(25): Illuminate\\Pipeline\\Pipeline->Illuminate\\Pipeline\\{closure}()
#21 /www/wwwroot/demo.medace.org/vendor/laravel/framework/src/Illuminate/Pipeline/Pipeline.php(180): App\\Http\\Middleware\\CheckMobileApp->handle()
#22 /www/wwwroot/demo.medace.org/app/Http/Middleware/DebugBar.php(22): Illuminate\\Pipeline\\Pipeline->Illuminate\\Pipeline\\{closure}()
#23 /www/wwwroot/demo.medace.org/vendor/laravel/framework/src/Illuminate/Pipeline/Pipeline.php(180): App\\Http\\Middleware\\DebugBar->handle()
#24 /www/wwwroot/demo.medace.org/app/Http/Middleware/SessionValidity.php(36): Illuminate\\Pipeline\\Pipeline->Illuminate\\Pipeline\\{closure}()
#25 /www/wwwroot/demo.medace.org/vendor/laravel/framework/src/Illuminate/Pipeline/Pipeline.php(180): App\\Http\\Middleware\\SessionValidity->handle()
#26 /www/wwwroot/demo.medace.org/app/Http/Middleware/UserLocale.php(44): Illuminate\\Pipeline\\Pipeline->Illuminate\\Pipeline\\{closure}()
#27 /www/wwwroot/demo.medace.org/vendor/laravel/framework/src/Illuminate/Pipeline/Pipeline.php(180): App\\Http\\Middleware\\UserLocale->handle()
#28 /www/wwwroot/demo.medace.org/vendor/laravel/framework/src/Illuminate/Routing/Middleware/SubstituteBindings.php(50): Illuminate\\Pipeline\\Pipeline->Illuminate\\Pipeline\\{closure}()
#29 /www/wwwroot/demo.medace.org/vendor/laravel/framework/src/Illuminate/Pipeline/Pipeline.php(180): Illuminate\\Routing\\Middleware\\SubstituteBindings->handle()
#30 /www/wwwroot/demo.medace.org/vendor/laravel/framework/src/Illuminate/Foundation/Http/Middleware/VerifyCsrfToken.php(78): Illuminate\\Pipeline\\Pipeline->Illuminate\\Pipeline\\{closure}()
#31 /www/wwwroot/demo.medace.org/vendor/laravel/framework/src/Illuminate/Pipeline/Pipeline.php(180): Illuminate\\Foundation\\Http\\Middleware\\VerifyCsrfToken->handle()
#32 /www/wwwroot/demo.medace.org/vendor/laravel/framework/src/Illuminate/View/Middleware/ShareErrorsFromSession.php(49): Illuminate\\Pipeline\\Pipeline->Illuminate\\Pipeline\\{closure}()
#33 /www/wwwroot/demo.medace.org/vendor/laravel/framework/src/Illuminate/Pipeline/Pipeline.php(180): Illuminate\\View\\Middleware\\ShareErrorsFromSession->handle()
#34 /www/wwwroot/demo.medace.org/vendor/laravel/framework/src/Illuminate/Session/Middleware/StartSession.php(121): Illuminate\\Pipeline\\Pipeline->Illuminate\\Pipeline\\{closure}()
#35 /www/wwwroot/demo.medace.org/vendor/laravel/framework/src/Illuminate/Session/Middleware/StartSession.php(64): Illuminate\\Session\\Middleware\\StartSession->handleStatefulRequest()
#36 /www/wwwroot/demo.medace.org/vendor/laravel/framework/src/Illuminate/Pipeline/Pipeline.php(180): Illuminate\\Session\\Middleware\\StartSession->handle()
#37 /www/wwwroot/demo.medace.org/vendor/laravel/framework/src/Illuminate/Cookie/Middleware/AddQueuedCookiesToResponse.php(37): Illuminate\\Pipeline\\Pipeline->Illuminate\\Pipeline\\{closure}()
#38 /www/wwwroot/demo.medace.org/vendor/laravel/framework/src/Illuminate/Pipeline/Pipeline.php(180): Illuminate\\Cookie\\Middleware\\AddQueuedCookiesToResponse->handle()
#39 /www/wwwroot/demo.medace.org/vendor/laravel/framework/src/Illuminate/Cookie/Middleware/EncryptCookies.php(67): Illuminate\\Pipeline\\Pipeline->Illuminate\\Pipeline\\{closure}()
#40 /www/wwwroot/demo.medace.org/vendor/laravel/framework/src/Illuminate/Pipeline/Pipeline.php(180): Illuminate\\Cookie\\Middleware\\EncryptCookies->handle()
#41 /www/wwwroot/demo.medace.org/vendor/laravel/framework/src/Illuminate/Pipeline/Pipeline.php(116): Illuminate\\Pipeline\\Pipeline->Illuminate\\Pipeline\\{closure}()
#42 /www/wwwroot/demo.medace.org/vendor/laravel/framework/src/Illuminate/Routing/Router.php(799): Illuminate\\Pipeline\\Pipeline->then()
#43 /www/wwwroot/demo.medace.org/vendor/laravel/framework/src/Illuminate/Routing/Router.php(776): Illuminate\\Routing\\Router->runRouteWithinStack()
#44 /www/wwwroot/demo.medace.org/vendor/laravel/framework/src/Illuminate/Routing/Router.php(740): Illuminate\\Routing\\Router->runRoute()
#45 /www/wwwroot/demo.medace.org/vendor/laravel/framework/src/Illuminate/Routing/Router.php(729): Illuminate\\Routing\\Router->dispatchToRoute()
#46 /www/wwwroot/demo.medace.org/vendor/laravel/framework/src/Illuminate/Foundation/Http/Kernel.php(190): Illuminate\\Routing\\Router->dispatch()
#47 /www/wwwroot/demo.medace.org/vendor/laravel/framework/src/Illuminate/Pipeline/Pipeline.php(141): Illuminate\\Foundation\\Http\\Kernel->Illuminate\\Foundation\\Http\\{closure}()
#48 /www/wwwroot/demo.medace.org/vendor/barryvdh/laravel-debugbar/src/Middleware/InjectDebugbar.php(66): Illuminate\\Pipeline\\Pipeline->Illuminate\\Pipeline\\{closure}()
#49 /www/wwwroot/demo.medace.org/vendor/laravel/framework/src/Illuminate/Pipeline/Pipeline.php(180): Barryvdh\\Debugbar\\Middleware\\InjectDebugbar->handle()
#50 /www/wwwroot/demo.medace.org/vendor/laravel/framework/src/Illuminate/Foundation/Http/Middleware/TransformsRequest.php(21): Illuminate\\Pipeline\\Pipeline->Illuminate\\Pipeline\\{closure}()
#51 /www/wwwroot/demo.medace.org/vendor/laravel/framework/src/Illuminate/Foundation/Http/Middleware/ConvertEmptyStringsToNull.php(31): Illuminate\\Foundation\\Http\\Middleware\\TransformsRequest->handle()
#52 /www/wwwroot/demo.medace.org/vendor/laravel/framework/src/Illuminate/Pipeline/Pipeline.php(180): Illuminate\\Foundation\\Http\\Middleware\\ConvertEmptyStringsToNull->handle()
#53 /www/wwwroot/demo.medace.org/vendor/laravel/framework/src/Illuminate/Foundation/Http/Middleware/TransformsRequest.php(21): Illuminate\\Pipeline\\Pipeline->Illuminate\\Pipeline\\{closure}()
#54 /www/wwwroot/demo.medace.org/vendor/laravel/framework/src/Illuminate/Foundation/Http/Middleware/TrimStrings.php(40): Illuminate\\Foundation\\Http\\Middleware\\TransformsRequest->handle()
#55 /www/wwwroot/demo.medace.org/vendor/laravel/framework/src/Illuminate/Pipeline/Pipeline.php(180): Illuminate\\Foundation\\Http\\Middleware\\TrimStrings->handle()
#56 /www/wwwroot/demo.medace.org/vendor/laravel/framework/src/Illuminate/Foundation/Http/Middleware/ValidatePostSize.php(27): Illuminate\\Pipeline\\Pipeline->Illuminate\\Pipeline\\{closure}()
#57 /www/wwwroot/demo.medace.org/vendor/laravel/framework/src/Illuminate/Pipeline/Pipeline.php(180): Illuminate\\Foundation\\Http\\Middleware\\ValidatePostSize->handle()
#58 /www/wwwroot/demo.medace.org/vendor/laravel/framework/src/Illuminate/Foundation/Http/Middleware/PreventRequestsDuringMaintenance.php(86): Illuminate\\Pipeline\\Pipeline->Illuminate\\Pipeline\\{closure}()
#59 /www/wwwroot/demo.medace.org/vendor/laravel/framework/src/Illuminate/Pipeline/Pipeline.php(180): Illuminate\\Foundation\\Http\\Middleware\\PreventRequestsDuringMaintenance->handle()
#60 /www/wwwroot/demo.medace.org/vendor/fruitcake/laravel-cors/src/HandleCors.php(38): Illuminate\\Pipeline\\Pipeline->Illuminate\\Pipeline\\{closure}()
#61 /www/wwwroot/demo.medace.org/vendor/laravel/framework/src/Illuminate/Pipeline/Pipeline.php(180): Fruitcake\\Cors\\HandleCors->handle()
#62 /www/wwwroot/demo.medace.org/vendor/laravel/framework/src/Illuminate/Http/Middleware/TrustProxies.php(39): Illuminate\\Pipeline\\Pipeline->Illuminate\\Pipeline\\{closure}()
#63 /www/wwwroot/demo.medace.org/vendor/laravel/framework/src/Illuminate/Pipeline/Pipeline.php(180): Illuminate\\Http\\Middleware\\TrustProxies->handle()
#64 /www/wwwroot/demo.medace.org/vendor/laravel/framework/src/Illuminate/Pipeline/Pipeline.php(116): Illuminate\\Pipeline\\Pipeline->Illuminate\\Pipeline\\{closure}()
#65 /www/wwwroot/demo.medace.org/vendor/laravel/framework/src/Illuminate/Foundation/Http/Kernel.php(165): Illuminate\\Pipeline\\Pipeline->then()
#66 /www/wwwroot/demo.medace.org/vendor/laravel/framework/src/Illuminate/Foundation/Http/Kernel.php(134): Illuminate\\Foundation\\Http\\Kernel->sendRequestThroughRouter()
#67 /www/wwwroot/demo.medace.org/public/index.php(52): Illuminate\\Foundation\\Http\\Kernel->handle()
#68 {main}
"} 
[2025-04-15 19:07:47] production.ERROR: file_exists(): open_basedir restriction in effect. File(/fonts/OpenSans-Regular.ttf) is not within the allowed path(s): (/www/wwwroot/demo.medace.org/:/tmp/) {"exception":"[object] (ErrorException(code: 0): file_exists(): open_basedir restriction in effect. File(/fonts/OpenSans-Regular.ttf) is not within the allowed path(s): (/www/wwwroot/demo.medace.org/:/tmp/) at /www/wwwroot/demo.medace.org/vendor/lasserafn/php-initial-avatar-generator/src/InitialAvatar.php:739)
[stacktrace]
#0 /www/wwwroot/demo.medace.org/vendor/laravel/framework/src/Illuminate/Foundation/Bootstrap/HandleExceptions.php(270): Illuminate\\Foundation\\Bootstrap\\HandleExceptions->handleError()
#1 [internal function]: Illuminate\\Foundation\\Bootstrap\\HandleExceptions->Illuminate\\Foundation\\Bootstrap\\{closure}()
#2 /www/wwwroot/demo.medace.org/vendor/lasserafn/php-initial-avatar-generator/src/InitialAvatar.php(739): file_exists()
#3 /www/wwwroot/demo.medace.org/vendor/lasserafn/php-initial-avatar-generator/src/InitialAvatar.php(644): LasseRafn\\InitialAvatarGenerator\\InitialAvatar->findFontFile()
#4 /www/wwwroot/demo.medace.org/vendor/lasserafn/php-initial-avatar-generator/src/InitialAvatar.php(401): LasseRafn\\InitialAvatarGenerator\\InitialAvatar->makeAvatar()
#5 /www/wwwroot/demo.medace.org/app/Http/Controllers/Web/DefaultAvatarController.php(39): LasseRafn\\InitialAvatarGenerator\\InitialAvatar->generate()
#6 /www/wwwroot/demo.medace.org/vendor/laravel/framework/src/Illuminate/Routing/Controller.php(54): App\\Http\\Controllers\\Web\\DefaultAvatarController->make()
#7 /www/wwwroot/demo.medace.org/vendor/laravel/framework/src/Illuminate/Routing/ControllerDispatcher.php(43): Illuminate\\Routing\\Controller->callAction()
#8 /www/wwwroot/demo.medace.org/vendor/laravel/framework/src/Illuminate/Routing/Route.php(260): Illuminate\\Routing\\ControllerDispatcher->dispatch()
#9 /www/wwwroot/demo.medace.org/vendor/laravel/framework/src/Illuminate/Routing/Route.php(205): Illuminate\\Routing\\Route->runController()
#10 /www/wwwroot/demo.medace.org/vendor/laravel/framework/src/Illuminate/Routing/Router.php(798): Illuminate\\Routing\\Route->run()
#11 /www/wwwroot/demo.medace.org/vendor/laravel/framework/src/Illuminate/Pipeline/Pipeline.php(141): Illuminate\\Routing\\Router->Illuminate\\Routing\\{closure}()
#12 /www/wwwroot/demo.medace.org/app/Http/Middleware/CheckRestriction.php(34): Illuminate\\Pipeline\\Pipeline->Illuminate\\Pipeline\\{closure}()
#13 /www/wwwroot/demo.medace.org/vendor/laravel/framework/src/Illuminate/Pipeline/Pipeline.php(180): App\\Http\\Middleware\\CheckRestriction->handle()
#14 /www/wwwroot/demo.medace.org/app/Http/Middleware/CheckMaintenance.php(37): Illuminate\\Pipeline\\Pipeline->Illuminate\\Pipeline\\{closure}()
#15 /www/wwwroot/demo.medace.org/vendor/laravel/framework/src/Illuminate/Pipeline/Pipeline.php(180): App\\Http\\Middleware\\CheckMaintenance->handle()
#16 /www/wwwroot/demo.medace.org/app/Http/Middleware/Share.php(90): Illuminate\\Pipeline\\Pipeline->Illuminate\\Pipeline\\{closure}()
#17 /www/wwwroot/demo.medace.org/vendor/laravel/framework/src/Illuminate/Pipeline/Pipeline.php(180): App\\Http\\Middleware\\Share->handle()
#18 /www/wwwroot/demo.medace.org/app/Http/Middleware/Impersonate.php(23): Illuminate\\Pipeline\\Pipeline->Illuminate\\Pipeline\\{closure}()
#19 /www/wwwroot/demo.medace.org/vendor/laravel/framework/src/Illuminate/Pipeline/Pipeline.php(180): App\\Http\\Middleware\\Impersonate->handle()
#20 /www/wwwroot/demo.medace.org/app/Http/Middleware/CheckMobileApp.php(25): Illuminate\\Pipeline\\Pipeline->Illuminate\\Pipeline\\{closure}()
#21 /www/wwwroot/demo.medace.org/vendor/laravel/framework/src/Illuminate/Pipeline/Pipeline.php(180): App\\Http\\Middleware\\CheckMobileApp->handle()
#22 /www/wwwroot/demo.medace.org/app/Http/Middleware/DebugBar.php(22): Illuminate\\Pipeline\\Pipeline->Illuminate\\Pipeline\\{closure}()
#23 /www/wwwroot/demo.medace.org/vendor/laravel/framework/src/Illuminate/Pipeline/Pipeline.php(180): App\\Http\\Middleware\\DebugBar->handle()
#24 /www/wwwroot/demo.medace.org/app/Http/Middleware/SessionValidity.php(36): Illuminate\\Pipeline\\Pipeline->Illuminate\\Pipeline\\{closure}()
#25 /www/wwwroot/demo.medace.org/vendor/laravel/framework/src/Illuminate/Pipeline/Pipeline.php(180): App\\Http\\Middleware\\SessionValidity->handle()
#26 /www/wwwroot/demo.medace.org/app/Http/Middleware/UserLocale.php(44): Illuminate\\Pipeline\\Pipeline->Illuminate\\Pipeline\\{closure}()
#27 /www/wwwroot/demo.medace.org/vendor/laravel/framework/src/Illuminate/Pipeline/Pipeline.php(180): App\\Http\\Middleware\\UserLocale->handle()
#28 /www/wwwroot/demo.medace.org/vendor/laravel/framework/src/Illuminate/Routing/Middleware/SubstituteBindings.php(50): Illuminate\\Pipeline\\Pipeline->Illuminate\\Pipeline\\{closure}()
#29 /www/wwwroot/demo.medace.org/vendor/laravel/framework/src/Illuminate/Pipeline/Pipeline.php(180): Illuminate\\Routing\\Middleware\\SubstituteBindings->handle()
#30 /www/wwwroot/demo.medace.org/vendor/laravel/framework/src/Illuminate/Foundation/Http/Middleware/VerifyCsrfToken.php(78): Illuminate\\Pipeline\\Pipeline->Illuminate\\Pipeline\\{closure}()
#31 /www/wwwroot/demo.medace.org/vendor/laravel/framework/src/Illuminate/Pipeline/Pipeline.php(180): Illuminate\\Foundation\\Http\\Middleware\\VerifyCsrfToken->handle()
#32 /www/wwwroot/demo.medace.org/vendor/laravel/framework/src/Illuminate/View/Middleware/ShareErrorsFromSession.php(49): Illuminate\\Pipeline\\Pipeline->Illuminate\\Pipeline\\{closure}()
#33 /www/wwwroot/demo.medace.org/vendor/laravel/framework/src/Illuminate/Pipeline/Pipeline.php(180): Illuminate\\View\\Middleware\\ShareErrorsFromSession->handle()
#34 /www/wwwroot/demo.medace.org/vendor/laravel/framework/src/Illuminate/Session/Middleware/StartSession.php(121): Illuminate\\Pipeline\\Pipeline->Illuminate\\Pipeline\\{closure}()
#35 /www/wwwroot/demo.medace.org/vendor/laravel/framework/src/Illuminate/Session/Middleware/StartSession.php(64): Illuminate\\Session\\Middleware\\StartSession->handleStatefulRequest()
#36 /www/wwwroot/demo.medace.org/vendor/laravel/framework/src/Illuminate/Pipeline/Pipeline.php(180): Illuminate\\Session\\Middleware\\StartSession->handle()
#37 /www/wwwroot/demo.medace.org/vendor/laravel/framework/src/Illuminate/Cookie/Middleware/AddQueuedCookiesToResponse.php(37): Illuminate\\Pipeline\\Pipeline->Illuminate\\Pipeline\\{closure}()
#38 /www/wwwroot/demo.medace.org/vendor/laravel/framework/src/Illuminate/Pipeline/Pipeline.php(180): Illuminate\\Cookie\\Middleware\\AddQueuedCookiesToResponse->handle()
#39 /www/wwwroot/demo.medace.org/vendor/laravel/framework/src/Illuminate/Cookie/Middleware/EncryptCookies.php(67): Illuminate\\Pipeline\\Pipeline->Illuminate\\Pipeline\\{closure}()
#40 /www/wwwroot/demo.medace.org/vendor/laravel/framework/src/Illuminate/Pipeline/Pipeline.php(180): Illuminate\\Cookie\\Middleware\\EncryptCookies->handle()
#41 /www/wwwroot/demo.medace.org/vendor/laravel/framework/src/Illuminate/Pipeline/Pipeline.php(116): Illuminate\\Pipeline\\Pipeline->Illuminate\\Pipeline\\{closure}()
#42 /www/wwwroot/demo.medace.org/vendor/laravel/framework/src/Illuminate/Routing/Router.php(799): Illuminate\\Pipeline\\Pipeline->then()
#43 /www/wwwroot/demo.medace.org/vendor/laravel/framework/src/Illuminate/Routing/Router.php(776): Illuminate\\Routing\\Router->runRouteWithinStack()
#44 /www/wwwroot/demo.medace.org/vendor/laravel/framework/src/Illuminate/Routing/Router.php(740): Illuminate\\Routing\\Router->runRoute()
#45 /www/wwwroot/demo.medace.org/vendor/laravel/framework/src/Illuminate/Routing/Router.php(729): Illuminate\\Routing\\Router->dispatchToRoute()
#46 /www/wwwroot/demo.medace.org/vendor/laravel/framework/src/Illuminate/Foundation/Http/Kernel.php(190): Illuminate\\Routing\\Router->dispatch()
#47 /www/wwwroot/demo.medace.org/vendor/laravel/framework/src/Illuminate/Pipeline/Pipeline.php(141): Illuminate\\Foundation\\Http\\Kernel->Illuminate\\Foundation\\Http\\{closure}()
#48 /www/wwwroot/demo.medace.org/vendor/barryvdh/laravel-debugbar/src/Middleware/InjectDebugbar.php(66): Illuminate\\Pipeline\\Pipeline->Illuminate\\Pipeline\\{closure}()
#49 /www/wwwroot/demo.medace.org/vendor/laravel/framework/src/Illuminate/Pipeline/Pipeline.php(180): Barryvdh\\Debugbar\\Middleware\\InjectDebugbar->handle()
#50 /www/wwwroot/demo.medace.org/vendor/laravel/framework/src/Illuminate/Foundation/Http/Middleware/TransformsRequest.php(21): Illuminate\\Pipeline\\Pipeline->Illuminate\\Pipeline\\{closure}()
#51 /www/wwwroot/demo.medace.org/vendor/laravel/framework/src/Illuminate/Foundation/Http/Middleware/ConvertEmptyStringsToNull.php(31): Illuminate\\Foundation\\Http\\Middleware\\TransformsRequest->handle()
#52 /www/wwwroot/demo.medace.org/vendor/laravel/framework/src/Illuminate/Pipeline/Pipeline.php(180): Illuminate\\Foundation\\Http\\Middleware\\ConvertEmptyStringsToNull->handle()
#53 /www/wwwroot/demo.medace.org/vendor/laravel/framework/src/Illuminate/Foundation/Http/Middleware/TransformsRequest.php(21): Illuminate\\Pipeline\\Pipeline->Illuminate\\Pipeline\\{closure}()
#54 /www/wwwroot/demo.medace.org/vendor/laravel/framework/src/Illuminate/Foundation/Http/Middleware/TrimStrings.php(40): Illuminate\\Foundation\\Http\\Middleware\\TransformsRequest->handle()
#55 /www/wwwroot/demo.medace.org/vendor/laravel/framework/src/Illuminate/Pipeline/Pipeline.php(180): Illuminate\\Foundation\\Http\\Middleware\\TrimStrings->handle()
#56 /www/wwwroot/demo.medace.org/vendor/laravel/framework/src/Illuminate/Foundation/Http/Middleware/ValidatePostSize.php(27): Illuminate\\Pipeline\\Pipeline->Illuminate\\Pipeline\\{closure}()
#57 /www/wwwroot/demo.medace.org/vendor/laravel/framework/src/Illuminate/Pipeline/Pipeline.php(180): Illuminate\\Foundation\\Http\\Middleware\\ValidatePostSize->handle()
#58 /www/wwwroot/demo.medace.org/vendor/laravel/framework/src/Illuminate/Foundation/Http/Middleware/PreventRequestsDuringMaintenance.php(86): Illuminate\\Pipeline\\Pipeline->Illuminate\\Pipeline\\{closure}()
#59 /www/wwwroot/demo.medace.org/vendor/laravel/framework/src/Illuminate/Pipeline/Pipeline.php(180): Illuminate\\Foundation\\Http\\Middleware\\PreventRequestsDuringMaintenance->handle()
#60 /www/wwwroot/demo.medace.org/vendor/fruitcake/laravel-cors/src/HandleCors.php(38): Illuminate\\Pipeline\\Pipeline->Illuminate\\Pipeline\\{closure}()
#61 /www/wwwroot/demo.medace.org/vendor/laravel/framework/src/Illuminate/Pipeline/Pipeline.php(180): Fruitcake\\Cors\\HandleCors->handle()
#62 /www/wwwroot/demo.medace.org/vendor/laravel/framework/src/Illuminate/Http/Middleware/TrustProxies.php(39): Illuminate\\Pipeline\\Pipeline->Illuminate\\Pipeline\\{closure}()
#63 /www/wwwroot/demo.medace.org/vendor/laravel/framework/src/Illuminate/Pipeline/Pipeline.php(180): Illuminate\\Http\\Middleware\\TrustProxies->handle()
#64 /www/wwwroot/demo.medace.org/vendor/laravel/framework/src/Illuminate/Pipeline/Pipeline.php(116): Illuminate\\Pipeline\\Pipeline->Illuminate\\Pipeline\\{closure}()
#65 /www/wwwroot/demo.medace.org/vendor/laravel/framework/src/Illuminate/Foundation/Http/Kernel.php(165): Illuminate\\Pipeline\\Pipeline->then()
#66 /www/wwwroot/demo.medace.org/vendor/laravel/framework/src/Illuminate/Foundation/Http/Kernel.php(134): Illuminate\\Foundation\\Http\\Kernel->sendRequestThroughRouter()
#67 /www/wwwroot/demo.medace.org/public/index.php(52): Illuminate\\Foundation\\Http\\Kernel->handle()
#68 {main}
"} 
[2025-04-15 21:58:04] production.ERROR: file_exists(): open_basedir restriction in effect. File(/fonts/OpenSans-Regular.ttf) is not within the allowed path(s): (/www/wwwroot/demo.medace.org/:/tmp/) {"exception":"[object] (ErrorException(code: 0): file_exists(): open_basedir restriction in effect. File(/fonts/OpenSans-Regular.ttf) is not within the allowed path(s): (/www/wwwroot/demo.medace.org/:/tmp/) at /www/wwwroot/demo.medace.org/vendor/lasserafn/php-initial-avatar-generator/src/InitialAvatar.php:739)
[stacktrace]
#0 /www/wwwroot/demo.medace.org/vendor/laravel/framework/src/Illuminate/Foundation/Bootstrap/HandleExceptions.php(270): Illuminate\\Foundation\\Bootstrap\\HandleExceptions->handleError()
#1 [internal function]: Illuminate\\Foundation\\Bootstrap\\HandleExceptions->Illuminate\\Foundation\\Bootstrap\\{closure}()
#2 /www/wwwroot/demo.medace.org/vendor/lasserafn/php-initial-avatar-generator/src/InitialAvatar.php(739): file_exists()
#3 /www/wwwroot/demo.medace.org/vendor/lasserafn/php-initial-avatar-generator/src/InitialAvatar.php(644): LasseRafn\\InitialAvatarGenerator\\InitialAvatar->findFontFile()
#4 /www/wwwroot/demo.medace.org/vendor/lasserafn/php-initial-avatar-generator/src/InitialAvatar.php(401): LasseRafn\\InitialAvatarGenerator\\InitialAvatar->makeAvatar()
#5 /www/wwwroot/demo.medace.org/app/Http/Controllers/Web/DefaultAvatarController.php(39): LasseRafn\\InitialAvatarGenerator\\InitialAvatar->generate()
#6 /www/wwwroot/demo.medace.org/vendor/laravel/framework/src/Illuminate/Routing/Controller.php(54): App\\Http\\Controllers\\Web\\DefaultAvatarController->make()
#7 /www/wwwroot/demo.medace.org/vendor/laravel/framework/src/Illuminate/Routing/ControllerDispatcher.php(43): Illuminate\\Routing\\Controller->callAction()
#8 /www/wwwroot/demo.medace.org/vendor/laravel/framework/src/Illuminate/Routing/Route.php(260): Illuminate\\Routing\\ControllerDispatcher->dispatch()
#9 /www/wwwroot/demo.medace.org/vendor/laravel/framework/src/Illuminate/Routing/Route.php(205): Illuminate\\Routing\\Route->runController()
#10 /www/wwwroot/demo.medace.org/vendor/laravel/framework/src/Illuminate/Routing/Router.php(798): Illuminate\\Routing\\Route->run()
#11 /www/wwwroot/demo.medace.org/vendor/laravel/framework/src/Illuminate/Pipeline/Pipeline.php(141): Illuminate\\Routing\\Router->Illuminate\\Routing\\{closure}()
#12 /www/wwwroot/demo.medace.org/app/Http/Middleware/CheckRestriction.php(34): Illuminate\\Pipeline\\Pipeline->Illuminate\\Pipeline\\{closure}()
#13 /www/wwwroot/demo.medace.org/vendor/laravel/framework/src/Illuminate/Pipeline/Pipeline.php(180): App\\Http\\Middleware\\CheckRestriction->handle()
#14 /www/wwwroot/demo.medace.org/app/Http/Middleware/CheckMaintenance.php(37): Illuminate\\Pipeline\\Pipeline->Illuminate\\Pipeline\\{closure}()
#15 /www/wwwroot/demo.medace.org/vendor/laravel/framework/src/Illuminate/Pipeline/Pipeline.php(180): App\\Http\\Middleware\\CheckMaintenance->handle()
#16 /www/wwwroot/demo.medace.org/app/Http/Middleware/Share.php(90): Illuminate\\Pipeline\\Pipeline->Illuminate\\Pipeline\\{closure}()
#17 /www/wwwroot/demo.medace.org/vendor/laravel/framework/src/Illuminate/Pipeline/Pipeline.php(180): App\\Http\\Middleware\\Share->handle()
#18 /www/wwwroot/demo.medace.org/app/Http/Middleware/Impersonate.php(23): Illuminate\\Pipeline\\Pipeline->Illuminate\\Pipeline\\{closure}()
#19 /www/wwwroot/demo.medace.org/vendor/laravel/framework/src/Illuminate/Pipeline/Pipeline.php(180): App\\Http\\Middleware\\Impersonate->handle()
#20 /www/wwwroot/demo.medace.org/app/Http/Middleware/CheckMobileApp.php(25): Illuminate\\Pipeline\\Pipeline->Illuminate\\Pipeline\\{closure}()
#21 /www/wwwroot/demo.medace.org/vendor/laravel/framework/src/Illuminate/Pipeline/Pipeline.php(180): App\\Http\\Middleware\\CheckMobileApp->handle()
#22 /www/wwwroot/demo.medace.org/app/Http/Middleware/DebugBar.php(22): Illuminate\\Pipeline\\Pipeline->Illuminate\\Pipeline\\{closure}()
#23 /www/wwwroot/demo.medace.org/vendor/laravel/framework/src/Illuminate/Pipeline/Pipeline.php(180): App\\Http\\Middleware\\DebugBar->handle()
#24 /www/wwwroot/demo.medace.org/app/Http/Middleware/SessionValidity.php(36): Illuminate\\Pipeline\\Pipeline->Illuminate\\Pipeline\\{closure}()
#25 /www/wwwroot/demo.medace.org/vendor/laravel/framework/src/Illuminate/Pipeline/Pipeline.php(180): App\\Http\\Middleware\\SessionValidity->handle()
#26 /www/wwwroot/demo.medace.org/app/Http/Middleware/UserLocale.php(44): Illuminate\\Pipeline\\Pipeline->Illuminate\\Pipeline\\{closure}()
#27 /www/wwwroot/demo.medace.org/vendor/laravel/framework/src/Illuminate/Pipeline/Pipeline.php(180): App\\Http\\Middleware\\UserLocale->handle()
#28 /www/wwwroot/demo.medace.org/vendor/laravel/framework/src/Illuminate/Routing/Middleware/SubstituteBindings.php(50): Illuminate\\Pipeline\\Pipeline->Illuminate\\Pipeline\\{closure}()
#29 /www/wwwroot/demo.medace.org/vendor/laravel/framework/src/Illuminate/Pipeline/Pipeline.php(180): Illuminate\\Routing\\Middleware\\SubstituteBindings->handle()
#30 /www/wwwroot/demo.medace.org/vendor/laravel/framework/src/Illuminate/Foundation/Http/Middleware/VerifyCsrfToken.php(78): Illuminate\\Pipeline\\Pipeline->Illuminate\\Pipeline\\{closure}()
#31 /www/wwwroot/demo.medace.org/vendor/laravel/framework/src/Illuminate/Pipeline/Pipeline.php(180): Illuminate\\Foundation\\Http\\Middleware\\VerifyCsrfToken->handle()
#32 /www/wwwroot/demo.medace.org/vendor/laravel/framework/src/Illuminate/View/Middleware/ShareErrorsFromSession.php(49): Illuminate\\Pipeline\\Pipeline->Illuminate\\Pipeline\\{closure}()
#33 /www/wwwroot/demo.medace.org/vendor/laravel/framework/src/Illuminate/Pipeline/Pipeline.php(180): Illuminate\\View\\Middleware\\ShareErrorsFromSession->handle()
#34 /www/wwwroot/demo.medace.org/vendor/laravel/framework/src/Illuminate/Session/Middleware/StartSession.php(121): Illuminate\\Pipeline\\Pipeline->Illuminate\\Pipeline\\{closure}()
#35 /www/wwwroot/demo.medace.org/vendor/laravel/framework/src/Illuminate/Session/Middleware/StartSession.php(64): Illuminate\\Session\\Middleware\\StartSession->handleStatefulRequest()
#36 /www/wwwroot/demo.medace.org/vendor/laravel/framework/src/Illuminate/Pipeline/Pipeline.php(180): Illuminate\\Session\\Middleware\\StartSession->handle()
#37 /www/wwwroot/demo.medace.org/vendor/laravel/framework/src/Illuminate/Cookie/Middleware/AddQueuedCookiesToResponse.php(37): Illuminate\\Pipeline\\Pipeline->Illuminate\\Pipeline\\{closure}()
#38 /www/wwwroot/demo.medace.org/vendor/laravel/framework/src/Illuminate/Pipeline/Pipeline.php(180): Illuminate\\Cookie\\Middleware\\AddQueuedCookiesToResponse->handle()
#39 /www/wwwroot/demo.medace.org/vendor/laravel/framework/src/Illuminate/Cookie/Middleware/EncryptCookies.php(67): Illuminate\\Pipeline\\Pipeline->Illuminate\\Pipeline\\{closure}()
#40 /www/wwwroot/demo.medace.org/vendor/laravel/framework/src/Illuminate/Pipeline/Pipeline.php(180): Illuminate\\Cookie\\Middleware\\EncryptCookies->handle()
#41 /www/wwwroot/demo.medace.org/vendor/laravel/framework/src/Illuminate/Pipeline/Pipeline.php(116): Illuminate\\Pipeline\\Pipeline->Illuminate\\Pipeline\\{closure}()
#42 /www/wwwroot/demo.medace.org/vendor/laravel/framework/src/Illuminate/Routing/Router.php(799): Illuminate\\Pipeline\\Pipeline->then()
#43 /www/wwwroot/demo.medace.org/vendor/laravel/framework/src/Illuminate/Routing/Router.php(776): Illuminate\\Routing\\Router->runRouteWithinStack()
#44 /www/wwwroot/demo.medace.org/vendor/laravel/framework/src/Illuminate/Routing/Router.php(740): Illuminate\\Routing\\Router->runRoute()
#45 /www/wwwroot/demo.medace.org/vendor/laravel/framework/src/Illuminate/Routing/Router.php(729): Illuminate\\Routing\\Router->dispatchToRoute()
#46 /www/wwwroot/demo.medace.org/vendor/laravel/framework/src/Illuminate/Foundation/Http/Kernel.php(190): Illuminate\\Routing\\Router->dispatch()
#47 /www/wwwroot/demo.medace.org/vendor/laravel/framework/src/Illuminate/Pipeline/Pipeline.php(141): Illuminate\\Foundation\\Http\\Kernel->Illuminate\\Foundation\\Http\\{closure}()
#48 /www/wwwroot/demo.medace.org/vendor/barryvdh/laravel-debugbar/src/Middleware/InjectDebugbar.php(66): Illuminate\\Pipeline\\Pipeline->Illuminate\\Pipeline\\{closure}()
#49 /www/wwwroot/demo.medace.org/vendor/laravel/framework/src/Illuminate/Pipeline/Pipeline.php(180): Barryvdh\\Debugbar\\Middleware\\InjectDebugbar->handle()
#50 /www/wwwroot/demo.medace.org/vendor/laravel/framework/src/Illuminate/Foundation/Http/Middleware/TransformsRequest.php(21): Illuminate\\Pipeline\\Pipeline->Illuminate\\Pipeline\\{closure}()
#51 /www/wwwroot/demo.medace.org/vendor/laravel/framework/src/Illuminate/Foundation/Http/Middleware/ConvertEmptyStringsToNull.php(31): Illuminate\\Foundation\\Http\\Middleware\\TransformsRequest->handle()
#52 /www/wwwroot/demo.medace.org/vendor/laravel/framework/src/Illuminate/Pipeline/Pipeline.php(180): Illuminate\\Foundation\\Http\\Middleware\\ConvertEmptyStringsToNull->handle()
#53 /www/wwwroot/demo.medace.org/vendor/laravel/framework/src/Illuminate/Foundation/Http/Middleware/TransformsRequest.php(21): Illuminate\\Pipeline\\Pipeline->Illuminate\\Pipeline\\{closure}()
#54 /www/wwwroot/demo.medace.org/vendor/laravel/framework/src/Illuminate/Foundation/Http/Middleware/TrimStrings.php(40): Illuminate\\Foundation\\Http\\Middleware\\TransformsRequest->handle()
#55 /www/wwwroot/demo.medace.org/vendor/laravel/framework/src/Illuminate/Pipeline/Pipeline.php(180): Illuminate\\Foundation\\Http\\Middleware\\TrimStrings->handle()
#56 /www/wwwroot/demo.medace.org/vendor/laravel/framework/src/Illuminate/Foundation/Http/Middleware/ValidatePostSize.php(27): Illuminate\\Pipeline\\Pipeline->Illuminate\\Pipeline\\{closure}()
#57 /www/wwwroot/demo.medace.org/vendor/laravel/framework/src/Illuminate/Pipeline/Pipeline.php(180): Illuminate\\Foundation\\Http\\Middleware\\ValidatePostSize->handle()
#58 /www/wwwroot/demo.medace.org/vendor/laravel/framework/src/Illuminate/Foundation/Http/Middleware/PreventRequestsDuringMaintenance.php(86): Illuminate\\Pipeline\\Pipeline->Illuminate\\Pipeline\\{closure}()
#59 /www/wwwroot/demo.medace.org/vendor/laravel/framework/src/Illuminate/Pipeline/Pipeline.php(180): Illuminate\\Foundation\\Http\\Middleware\\PreventRequestsDuringMaintenance->handle()
#60 /www/wwwroot/demo.medace.org/vendor/fruitcake/laravel-cors/src/HandleCors.php(38): Illuminate\\Pipeline\\Pipeline->Illuminate\\Pipeline\\{closure}()
#61 /www/wwwroot/demo.medace.org/vendor/laravel/framework/src/Illuminate/Pipeline/Pipeline.php(180): Fruitcake\\Cors\\HandleCors->handle()
#62 /www/wwwroot/demo.medace.org/vendor/laravel/framework/src/Illuminate/Http/Middleware/TrustProxies.php(39): Illuminate\\Pipeline\\Pipeline->Illuminate\\Pipeline\\{closure}()
#63 /www/wwwroot/demo.medace.org/vendor/laravel/framework/src/Illuminate/Pipeline/Pipeline.php(180): Illuminate\\Http\\Middleware\\TrustProxies->handle()
#64 /www/wwwroot/demo.medace.org/vendor/laravel/framework/src/Illuminate/Pipeline/Pipeline.php(116): Illuminate\\Pipeline\\Pipeline->Illuminate\\Pipeline\\{closure}()
#65 /www/wwwroot/demo.medace.org/vendor/laravel/framework/src/Illuminate/Foundation/Http/Kernel.php(165): Illuminate\\Pipeline\\Pipeline->then()
#66 /www/wwwroot/demo.medace.org/vendor/laravel/framework/src/Illuminate/Foundation/Http/Kernel.php(134): Illuminate\\Foundation\\Http\\Kernel->sendRequestThroughRouter()
#67 /www/wwwroot/demo.medace.org/public/index.php(52): Illuminate\\Foundation\\Http\\Kernel->handle()
#68 {main}
"} 
[2025-04-15 21:58:04] production.ERROR: file_exists(): open_basedir restriction in effect. File(/fonts/OpenSans-Regular.ttf) is not within the allowed path(s): (/www/wwwroot/demo.medace.org/:/tmp/) {"exception":"[object] (ErrorException(code: 0): file_exists(): open_basedir restriction in effect. File(/fonts/OpenSans-Regular.ttf) is not within the allowed path(s): (/www/wwwroot/demo.medace.org/:/tmp/) at /www/wwwroot/demo.medace.org/vendor/lasserafn/php-initial-avatar-generator/src/InitialAvatar.php:739)
[stacktrace]
#0 /www/wwwroot/demo.medace.org/vendor/laravel/framework/src/Illuminate/Foundation/Bootstrap/HandleExceptions.php(270): Illuminate\\Foundation\\Bootstrap\\HandleExceptions->handleError()
#1 [internal function]: Illuminate\\Foundation\\Bootstrap\\HandleExceptions->Illuminate\\Foundation\\Bootstrap\\{closure}()
#2 /www/wwwroot/demo.medace.org/vendor/lasserafn/php-initial-avatar-generator/src/InitialAvatar.php(739): file_exists()
#3 /www/wwwroot/demo.medace.org/vendor/lasserafn/php-initial-avatar-generator/src/InitialAvatar.php(644): LasseRafn\\InitialAvatarGenerator\\InitialAvatar->findFontFile()
#4 /www/wwwroot/demo.medace.org/vendor/lasserafn/php-initial-avatar-generator/src/InitialAvatar.php(401): LasseRafn\\InitialAvatarGenerator\\InitialAvatar->makeAvatar()
#5 /www/wwwroot/demo.medace.org/app/Http/Controllers/Web/DefaultAvatarController.php(39): LasseRafn\\InitialAvatarGenerator\\InitialAvatar->generate()
#6 /www/wwwroot/demo.medace.org/vendor/laravel/framework/src/Illuminate/Routing/Controller.php(54): App\\Http\\Controllers\\Web\\DefaultAvatarController->make()
#7 /www/wwwroot/demo.medace.org/vendor/laravel/framework/src/Illuminate/Routing/ControllerDispatcher.php(43): Illuminate\\Routing\\Controller->callAction()
#8 /www/wwwroot/demo.medace.org/vendor/laravel/framework/src/Illuminate/Routing/Route.php(260): Illuminate\\Routing\\ControllerDispatcher->dispatch()
#9 /www/wwwroot/demo.medace.org/vendor/laravel/framework/src/Illuminate/Routing/Route.php(205): Illuminate\\Routing\\Route->runController()
#10 /www/wwwroot/demo.medace.org/vendor/laravel/framework/src/Illuminate/Routing/Router.php(798): Illuminate\\Routing\\Route->run()
#11 /www/wwwroot/demo.medace.org/vendor/laravel/framework/src/Illuminate/Pipeline/Pipeline.php(141): Illuminate\\Routing\\Router->Illuminate\\Routing\\{closure}()
#12 /www/wwwroot/demo.medace.org/app/Http/Middleware/CheckRestriction.php(34): Illuminate\\Pipeline\\Pipeline->Illuminate\\Pipeline\\{closure}()
#13 /www/wwwroot/demo.medace.org/vendor/laravel/framework/src/Illuminate/Pipeline/Pipeline.php(180): App\\Http\\Middleware\\CheckRestriction->handle()
#14 /www/wwwroot/demo.medace.org/app/Http/Middleware/CheckMaintenance.php(37): Illuminate\\Pipeline\\Pipeline->Illuminate\\Pipeline\\{closure}()
#15 /www/wwwroot/demo.medace.org/vendor/laravel/framework/src/Illuminate/Pipeline/Pipeline.php(180): App\\Http\\Middleware\\CheckMaintenance->handle()
#16 /www/wwwroot/demo.medace.org/app/Http/Middleware/Share.php(90): Illuminate\\Pipeline\\Pipeline->Illuminate\\Pipeline\\{closure}()
#17 /www/wwwroot/demo.medace.org/vendor/laravel/framework/src/Illuminate/Pipeline/Pipeline.php(180): App\\Http\\Middleware\\Share->handle()
#18 /www/wwwroot/demo.medace.org/app/Http/Middleware/Impersonate.php(23): Illuminate\\Pipeline\\Pipeline->Illuminate\\Pipeline\\{closure}()
#19 /www/wwwroot/demo.medace.org/vendor/laravel/framework/src/Illuminate/Pipeline/Pipeline.php(180): App\\Http\\Middleware\\Impersonate->handle()
#20 /www/wwwroot/demo.medace.org/app/Http/Middleware/CheckMobileApp.php(25): Illuminate\\Pipeline\\Pipeline->Illuminate\\Pipeline\\{closure}()
#21 /www/wwwroot/demo.medace.org/vendor/laravel/framework/src/Illuminate/Pipeline/Pipeline.php(180): App\\Http\\Middleware\\CheckMobileApp->handle()
#22 /www/wwwroot/demo.medace.org/app/Http/Middleware/DebugBar.php(22): Illuminate\\Pipeline\\Pipeline->Illuminate\\Pipeline\\{closure}()
#23 /www/wwwroot/demo.medace.org/vendor/laravel/framework/src/Illuminate/Pipeline/Pipeline.php(180): App\\Http\\Middleware\\DebugBar->handle()
#24 /www/wwwroot/demo.medace.org/app/Http/Middleware/SessionValidity.php(36): Illuminate\\Pipeline\\Pipeline->Illuminate\\Pipeline\\{closure}()
#25 /www/wwwroot/demo.medace.org/vendor/laravel/framework/src/Illuminate/Pipeline/Pipeline.php(180): App\\Http\\Middleware\\SessionValidity->handle()
#26 /www/wwwroot/demo.medace.org/app/Http/Middleware/UserLocale.php(44): Illuminate\\Pipeline\\Pipeline->Illuminate\\Pipeline\\{closure}()
#27 /www/wwwroot/demo.medace.org/vendor/laravel/framework/src/Illuminate/Pipeline/Pipeline.php(180): App\\Http\\Middleware\\UserLocale->handle()
#28 /www/wwwroot/demo.medace.org/vendor/laravel/framework/src/Illuminate/Routing/Middleware/SubstituteBindings.php(50): Illuminate\\Pipeline\\Pipeline->Illuminate\\Pipeline\\{closure}()
#29 /www/wwwroot/demo.medace.org/vendor/laravel/framework/src/Illuminate/Pipeline/Pipeline.php(180): Illuminate\\Routing\\Middleware\\SubstituteBindings->handle()
#30 /www/wwwroot/demo.medace.org/vendor/laravel/framework/src/Illuminate/Foundation/Http/Middleware/VerifyCsrfToken.php(78): Illuminate\\Pipeline\\Pipeline->Illuminate\\Pipeline\\{closure}()
#31 /www/wwwroot/demo.medace.org/vendor/laravel/framework/src/Illuminate/Pipeline/Pipeline.php(180): Illuminate\\Foundation\\Http\\Middleware\\VerifyCsrfToken->handle()
#32 /www/wwwroot/demo.medace.org/vendor/laravel/framework/src/Illuminate/View/Middleware/ShareErrorsFromSession.php(49): Illuminate\\Pipeline\\Pipeline->Illuminate\\Pipeline\\{closure}()
#33 /www/wwwroot/demo.medace.org/vendor/laravel/framework/src/Illuminate/Pipeline/Pipeline.php(180): Illuminate\\View\\Middleware\\ShareErrorsFromSession->handle()
#34 /www/wwwroot/demo.medace.org/vendor/laravel/framework/src/Illuminate/Session/Middleware/StartSession.php(121): Illuminate\\Pipeline\\Pipeline->Illuminate\\Pipeline\\{closure}()
#35 /www/wwwroot/demo.medace.org/vendor/laravel/framework/src/Illuminate/Session/Middleware/StartSession.php(64): Illuminate\\Session\\Middleware\\StartSession->handleStatefulRequest()
#36 /www/wwwroot/demo.medace.org/vendor/laravel/framework/src/Illuminate/Pipeline/Pipeline.php(180): Illuminate\\Session\\Middleware\\StartSession->handle()
#37 /www/wwwroot/demo.medace.org/vendor/laravel/framework/src/Illuminate/Cookie/Middleware/AddQueuedCookiesToResponse.php(37): Illuminate\\Pipeline\\Pipeline->Illuminate\\Pipeline\\{closure}()
#38 /www/wwwroot/demo.medace.org/vendor/laravel/framework/src/Illuminate/Pipeline/Pipeline.php(180): Illuminate\\Cookie\\Middleware\\AddQueuedCookiesToResponse->handle()
#39 /www/wwwroot/demo.medace.org/vendor/laravel/framework/src/Illuminate/Cookie/Middleware/EncryptCookies.php(67): Illuminate\\Pipeline\\Pipeline->Illuminate\\Pipeline\\{closure}()
#40 /www/wwwroot/demo.medace.org/vendor/laravel/framework/src/Illuminate/Pipeline/Pipeline.php(180): Illuminate\\Cookie\\Middleware\\EncryptCookies->handle()
#41 /www/wwwroot/demo.medace.org/vendor/laravel/framework/src/Illuminate/Pipeline/Pipeline.php(116): Illuminate\\Pipeline\\Pipeline->Illuminate\\Pipeline\\{closure}()
#42 /www/wwwroot/demo.medace.org/vendor/laravel/framework/src/Illuminate/Routing/Router.php(799): Illuminate\\Pipeline\\Pipeline->then()
#43 /www/wwwroot/demo.medace.org/vendor/laravel/framework/src/Illuminate/Routing/Router.php(776): Illuminate\\Routing\\Router->runRouteWithinStack()
#44 /www/wwwroot/demo.medace.org/vendor/laravel/framework/src/Illuminate/Routing/Router.php(740): Illuminate\\Routing\\Router->runRoute()
#45 /www/wwwroot/demo.medace.org/vendor/laravel/framework/src/Illuminate/Routing/Router.php(729): Illuminate\\Routing\\Router->dispatchToRoute()
#46 /www/wwwroot/demo.medace.org/vendor/laravel/framework/src/Illuminate/Foundation/Http/Kernel.php(190): Illuminate\\Routing\\Router->dispatch()
#47 /www/wwwroot/demo.medace.org/vendor/laravel/framework/src/Illuminate/Pipeline/Pipeline.php(141): Illuminate\\Foundation\\Http\\Kernel->Illuminate\\Foundation\\Http\\{closure}()
#48 /www/wwwroot/demo.medace.org/vendor/barryvdh/laravel-debugbar/src/Middleware/InjectDebugbar.php(66): Illuminate\\Pipeline\\Pipeline->Illuminate\\Pipeline\\{closure}()
#49 /www/wwwroot/demo.medace.org/vendor/laravel/framework/src/Illuminate/Pipeline/Pipeline.php(180): Barryvdh\\Debugbar\\Middleware\\InjectDebugbar->handle()
#50 /www/wwwroot/demo.medace.org/vendor/laravel/framework/src/Illuminate/Foundation/Http/Middleware/TransformsRequest.php(21): Illuminate\\Pipeline\\Pipeline->Illuminate\\Pipeline\\{closure}()
#51 /www/wwwroot/demo.medace.org/vendor/laravel/framework/src/Illuminate/Foundation/Http/Middleware/ConvertEmptyStringsToNull.php(31): Illuminate\\Foundation\\Http\\Middleware\\TransformsRequest->handle()
#52 /www/wwwroot/demo.medace.org/vendor/laravel/framework/src/Illuminate/Pipeline/Pipeline.php(180): Illuminate\\Foundation\\Http\\Middleware\\ConvertEmptyStringsToNull->handle()
#53 /www/wwwroot/demo.medace.org/vendor/laravel/framework/src/Illuminate/Foundation/Http/Middleware/TransformsRequest.php(21): Illuminate\\Pipeline\\Pipeline->Illuminate\\Pipeline\\{closure}()
#54 /www/wwwroot/demo.medace.org/vendor/laravel/framework/src/Illuminate/Foundation/Http/Middleware/TrimStrings.php(40): Illuminate\\Foundation\\Http\\Middleware\\TransformsRequest->handle()
#55 /www/wwwroot/demo.medace.org/vendor/laravel/framework/src/Illuminate/Pipeline/Pipeline.php(180): Illuminate\\Foundation\\Http\\Middleware\\TrimStrings->handle()
#56 /www/wwwroot/demo.medace.org/vendor/laravel/framework/src/Illuminate/Foundation/Http/Middleware/ValidatePostSize.php(27): Illuminate\\Pipeline\\Pipeline->Illuminate\\Pipeline\\{closure}()
#57 /www/wwwroot/demo.medace.org/vendor/laravel/framework/src/Illuminate/Pipeline/Pipeline.php(180): Illuminate\\Foundation\\Http\\Middleware\\ValidatePostSize->handle()
#58 /www/wwwroot/demo.medace.org/vendor/laravel/framework/src/Illuminate/Foundation/Http/Middleware/PreventRequestsDuringMaintenance.php(86): Illuminate\\Pipeline\\Pipeline->Illuminate\\Pipeline\\{closure}()
#59 /www/wwwroot/demo.medace.org/vendor/laravel/framework/src/Illuminate/Pipeline/Pipeline.php(180): Illuminate\\Foundation\\Http\\Middleware\\PreventRequestsDuringMaintenance->handle()
#60 /www/wwwroot/demo.medace.org/vendor/fruitcake/laravel-cors/src/HandleCors.php(38): Illuminate\\Pipeline\\Pipeline->Illuminate\\Pipeline\\{closure}()
#61 /www/wwwroot/demo.medace.org/vendor/laravel/framework/src/Illuminate/Pipeline/Pipeline.php(180): Fruitcake\\Cors\\HandleCors->handle()
#62 /www/wwwroot/demo.medace.org/vendor/laravel/framework/src/Illuminate/Http/Middleware/TrustProxies.php(39): Illuminate\\Pipeline\\Pipeline->Illuminate\\Pipeline\\{closure}()
#63 /www/wwwroot/demo.medace.org/vendor/laravel/framework/src/Illuminate/Pipeline/Pipeline.php(180): Illuminate\\Http\\Middleware\\TrustProxies->handle()
#64 /www/wwwroot/demo.medace.org/vendor/laravel/framework/src/Illuminate/Pipeline/Pipeline.php(116): Illuminate\\Pipeline\\Pipeline->Illuminate\\Pipeline\\{closure}()
#65 /www/wwwroot/demo.medace.org/vendor/laravel/framework/src/Illuminate/Foundation/Http/Kernel.php(165): Illuminate\\Pipeline\\Pipeline->then()
#66 /www/wwwroot/demo.medace.org/vendor/laravel/framework/src/Illuminate/Foundation/Http/Kernel.php(134): Illuminate\\Foundation\\Http\\Kernel->sendRequestThroughRouter()
#67 /www/wwwroot/demo.medace.org/public/index.php(52): Illuminate\\Foundation\\Http\\Kernel->handle()
#68 {main}
"} 
[2025-04-15 21:58:09] production.ERROR: file_exists(): open_basedir restriction in effect. File(/fonts/OpenSans-Regular.ttf) is not within the allowed path(s): (/www/wwwroot/demo.medace.org/:/tmp/) {"exception":"[object] (ErrorException(code: 0): file_exists(): open_basedir restriction in effect. File(/fonts/OpenSans-Regular.ttf) is not within the allowed path(s): (/www/wwwroot/demo.medace.org/:/tmp/) at /www/wwwroot/demo.medace.org/vendor/lasserafn/php-initial-avatar-generator/src/InitialAvatar.php:739)
[stacktrace]
#0 /www/wwwroot/demo.medace.org/vendor/laravel/framework/src/Illuminate/Foundation/Bootstrap/HandleExceptions.php(270): Illuminate\\Foundation\\Bootstrap\\HandleExceptions->handleError()
#1 [internal function]: Illuminate\\Foundation\\Bootstrap\\HandleExceptions->Illuminate\\Foundation\\Bootstrap\\{closure}()
#2 /www/wwwroot/demo.medace.org/vendor/lasserafn/php-initial-avatar-generator/src/InitialAvatar.php(739): file_exists()
#3 /www/wwwroot/demo.medace.org/vendor/lasserafn/php-initial-avatar-generator/src/InitialAvatar.php(644): LasseRafn\\InitialAvatarGenerator\\InitialAvatar->findFontFile()
#4 /www/wwwroot/demo.medace.org/vendor/lasserafn/php-initial-avatar-generator/src/InitialAvatar.php(401): LasseRafn\\InitialAvatarGenerator\\InitialAvatar->makeAvatar()
#5 /www/wwwroot/demo.medace.org/app/Http/Controllers/Web/DefaultAvatarController.php(39): LasseRafn\\InitialAvatarGenerator\\InitialAvatar->generate()
#6 /www/wwwroot/demo.medace.org/vendor/laravel/framework/src/Illuminate/Routing/Controller.php(54): App\\Http\\Controllers\\Web\\DefaultAvatarController->make()
#7 /www/wwwroot/demo.medace.org/vendor/laravel/framework/src/Illuminate/Routing/ControllerDispatcher.php(43): Illuminate\\Routing\\Controller->callAction()
#8 /www/wwwroot/demo.medace.org/vendor/laravel/framework/src/Illuminate/Routing/Route.php(260): Illuminate\\Routing\\ControllerDispatcher->dispatch()
#9 /www/wwwroot/demo.medace.org/vendor/laravel/framework/src/Illuminate/Routing/Route.php(205): Illuminate\\Routing\\Route->runController()
#10 /www/wwwroot/demo.medace.org/vendor/laravel/framework/src/Illuminate/Routing/Router.php(798): Illuminate\\Routing\\Route->run()
#11 /www/wwwroot/demo.medace.org/vendor/laravel/framework/src/Illuminate/Pipeline/Pipeline.php(141): Illuminate\\Routing\\Router->Illuminate\\Routing\\{closure}()
#12 /www/wwwroot/demo.medace.org/app/Http/Middleware/CheckRestriction.php(34): Illuminate\\Pipeline\\Pipeline->Illuminate\\Pipeline\\{closure}()
#13 /www/wwwroot/demo.medace.org/vendor/laravel/framework/src/Illuminate/Pipeline/Pipeline.php(180): App\\Http\\Middleware\\CheckRestriction->handle()
#14 /www/wwwroot/demo.medace.org/app/Http/Middleware/CheckMaintenance.php(37): Illuminate\\Pipeline\\Pipeline->Illuminate\\Pipeline\\{closure}()
#15 /www/wwwroot/demo.medace.org/vendor/laravel/framework/src/Illuminate/Pipeline/Pipeline.php(180): App\\Http\\Middleware\\CheckMaintenance->handle()
#16 /www/wwwroot/demo.medace.org/app/Http/Middleware/Share.php(90): Illuminate\\Pipeline\\Pipeline->Illuminate\\Pipeline\\{closure}()
#17 /www/wwwroot/demo.medace.org/vendor/laravel/framework/src/Illuminate/Pipeline/Pipeline.php(180): App\\Http\\Middleware\\Share->handle()
#18 /www/wwwroot/demo.medace.org/app/Http/Middleware/Impersonate.php(23): Illuminate\\Pipeline\\Pipeline->Illuminate\\Pipeline\\{closure}()
#19 /www/wwwroot/demo.medace.org/vendor/laravel/framework/src/Illuminate/Pipeline/Pipeline.php(180): App\\Http\\Middleware\\Impersonate->handle()
#20 /www/wwwroot/demo.medace.org/app/Http/Middleware/CheckMobileApp.php(25): Illuminate\\Pipeline\\Pipeline->Illuminate\\Pipeline\\{closure}()
#21 /www/wwwroot/demo.medace.org/vendor/laravel/framework/src/Illuminate/Pipeline/Pipeline.php(180): App\\Http\\Middleware\\CheckMobileApp->handle()
#22 /www/wwwroot/demo.medace.org/app/Http/Middleware/DebugBar.php(22): Illuminate\\Pipeline\\Pipeline->Illuminate\\Pipeline\\{closure}()
#23 /www/wwwroot/demo.medace.org/vendor/laravel/framework/src/Illuminate/Pipeline/Pipeline.php(180): App\\Http\\Middleware\\DebugBar->handle()
#24 /www/wwwroot/demo.medace.org/app/Http/Middleware/SessionValidity.php(36): Illuminate\\Pipeline\\Pipeline->Illuminate\\Pipeline\\{closure}()
#25 /www/wwwroot/demo.medace.org/vendor/laravel/framework/src/Illuminate/Pipeline/Pipeline.php(180): App\\Http\\Middleware\\SessionValidity->handle()
#26 /www/wwwroot/demo.medace.org/app/Http/Middleware/UserLocale.php(44): Illuminate\\Pipeline\\Pipeline->Illuminate\\Pipeline\\{closure}()
#27 /www/wwwroot/demo.medace.org/vendor/laravel/framework/src/Illuminate/Pipeline/Pipeline.php(180): App\\Http\\Middleware\\UserLocale->handle()
#28 /www/wwwroot/demo.medace.org/vendor/laravel/framework/src/Illuminate/Routing/Middleware/SubstituteBindings.php(50): Illuminate\\Pipeline\\Pipeline->Illuminate\\Pipeline\\{closure}()
#29 /www/wwwroot/demo.medace.org/vendor/laravel/framework/src/Illuminate/Pipeline/Pipeline.php(180): Illuminate\\Routing\\Middleware\\SubstituteBindings->handle()
#30 /www/wwwroot/demo.medace.org/vendor/laravel/framework/src/Illuminate/Foundation/Http/Middleware/VerifyCsrfToken.php(78): Illuminate\\Pipeline\\Pipeline->Illuminate\\Pipeline\\{closure}()
#31 /www/wwwroot/demo.medace.org/vendor/laravel/framework/src/Illuminate/Pipeline/Pipeline.php(180): Illuminate\\Foundation\\Http\\Middleware\\VerifyCsrfToken->handle()
#32 /www/wwwroot/demo.medace.org/vendor/laravel/framework/src/Illuminate/View/Middleware/ShareErrorsFromSession.php(49): Illuminate\\Pipeline\\Pipeline->Illuminate\\Pipeline\\{closure}()
#33 /www/wwwroot/demo.medace.org/vendor/laravel/framework/src/Illuminate/Pipeline/Pipeline.php(180): Illuminate\\View\\Middleware\\ShareErrorsFromSession->handle()
#34 /www/wwwroot/demo.medace.org/vendor/laravel/framework/src/Illuminate/Session/Middleware/StartSession.php(121): Illuminate\\Pipeline\\Pipeline->Illuminate\\Pipeline\\{closure}()
#35 /www/wwwroot/demo.medace.org/vendor/laravel/framework/src/Illuminate/Session/Middleware/StartSession.php(64): Illuminate\\Session\\Middleware\\StartSession->handleStatefulRequest()
#36 /www/wwwroot/demo.medace.org/vendor/laravel/framework/src/Illuminate/Pipeline/Pipeline.php(180): Illuminate\\Session\\Middleware\\StartSession->handle()
#37 /www/wwwroot/demo.medace.org/vendor/laravel/framework/src/Illuminate/Cookie/Middleware/AddQueuedCookiesToResponse.php(37): Illuminate\\Pipeline\\Pipeline->Illuminate\\Pipeline\\{closure}()
#38 /www/wwwroot/demo.medace.org/vendor/laravel/framework/src/Illuminate/Pipeline/Pipeline.php(180): Illuminate\\Cookie\\Middleware\\AddQueuedCookiesToResponse->handle()
#39 /www/wwwroot/demo.medace.org/vendor/laravel/framework/src/Illuminate/Cookie/Middleware/EncryptCookies.php(67): Illuminate\\Pipeline\\Pipeline->Illuminate\\Pipeline\\{closure}()
#40 /www/wwwroot/demo.medace.org/vendor/laravel/framework/src/Illuminate/Pipeline/Pipeline.php(180): Illuminate\\Cookie\\Middleware\\EncryptCookies->handle()
#41 /www/wwwroot/demo.medace.org/vendor/laravel/framework/src/Illuminate/Pipeline/Pipeline.php(116): Illuminate\\Pipeline\\Pipeline->Illuminate\\Pipeline\\{closure}()
#42 /www/wwwroot/demo.medace.org/vendor/laravel/framework/src/Illuminate/Routing/Router.php(799): Illuminate\\Pipeline\\Pipeline->then()
#43 /www/wwwroot/demo.medace.org/vendor/laravel/framework/src/Illuminate/Routing/Router.php(776): Illuminate\\Routing\\Router->runRouteWithinStack()
#44 /www/wwwroot/demo.medace.org/vendor/laravel/framework/src/Illuminate/Routing/Router.php(740): Illuminate\\Routing\\Router->runRoute()
#45 /www/wwwroot/demo.medace.org/vendor/laravel/framework/src/Illuminate/Routing/Router.php(729): Illuminate\\Routing\\Router->dispatchToRoute()
#46 /www/wwwroot/demo.medace.org/vendor/laravel/framework/src/Illuminate/Foundation/Http/Kernel.php(190): Illuminate\\Routing\\Router->dispatch()
#47 /www/wwwroot/demo.medace.org/vendor/laravel/framework/src/Illuminate/Pipeline/Pipeline.php(141): Illuminate\\Foundation\\Http\\Kernel->Illuminate\\Foundation\\Http\\{closure}()
#48 /www/wwwroot/demo.medace.org/vendor/barryvdh/laravel-debugbar/src/Middleware/InjectDebugbar.php(66): Illuminate\\Pipeline\\Pipeline->Illuminate\\Pipeline\\{closure}()
#49 /www/wwwroot/demo.medace.org/vendor/laravel/framework/src/Illuminate/Pipeline/Pipeline.php(180): Barryvdh\\Debugbar\\Middleware\\InjectDebugbar->handle()
#50 /www/wwwroot/demo.medace.org/vendor/laravel/framework/src/Illuminate/Foundation/Http/Middleware/TransformsRequest.php(21): Illuminate\\Pipeline\\Pipeline->Illuminate\\Pipeline\\{closure}()
#51 /www/wwwroot/demo.medace.org/vendor/laravel/framework/src/Illuminate/Foundation/Http/Middleware/ConvertEmptyStringsToNull.php(31): Illuminate\\Foundation\\Http\\Middleware\\TransformsRequest->handle()
#52 /www/wwwroot/demo.medace.org/vendor/laravel/framework/src/Illuminate/Pipeline/Pipeline.php(180): Illuminate\\Foundation\\Http\\Middleware\\ConvertEmptyStringsToNull->handle()
#53 /www/wwwroot/demo.medace.org/vendor/laravel/framework/src/Illuminate/Foundation/Http/Middleware/TransformsRequest.php(21): Illuminate\\Pipeline\\Pipeline->Illuminate\\Pipeline\\{closure}()
#54 /www/wwwroot/demo.medace.org/vendor/laravel/framework/src/Illuminate/Foundation/Http/Middleware/TrimStrings.php(40): Illuminate\\Foundation\\Http\\Middleware\\TransformsRequest->handle()
#55 /www/wwwroot/demo.medace.org/vendor/laravel/framework/src/Illuminate/Pipeline/Pipeline.php(180): Illuminate\\Foundation\\Http\\Middleware\\TrimStrings->handle()
#56 /www/wwwroot/demo.medace.org/vendor/laravel/framework/src/Illuminate/Foundation/Http/Middleware/ValidatePostSize.php(27): Illuminate\\Pipeline\\Pipeline->Illuminate\\Pipeline\\{closure}()
#57 /www/wwwroot/demo.medace.org/vendor/laravel/framework/src/Illuminate/Pipeline/Pipeline.php(180): Illuminate\\Foundation\\Http\\Middleware\\ValidatePostSize->handle()
#58 /www/wwwroot/demo.medace.org/vendor/laravel/framework/src/Illuminate/Foundation/Http/Middleware/PreventRequestsDuringMaintenance.php(86): Illuminate\\Pipeline\\Pipeline->Illuminate\\Pipeline\\{closure}()
#59 /www/wwwroot/demo.medace.org/vendor/laravel/framework/src/Illuminate/Pipeline/Pipeline.php(180): Illuminate\\Foundation\\Http\\Middleware\\PreventRequestsDuringMaintenance->handle()
#60 /www/wwwroot/demo.medace.org/vendor/fruitcake/laravel-cors/src/HandleCors.php(38): Illuminate\\Pipeline\\Pipeline->Illuminate\\Pipeline\\{closure}()
#61 /www/wwwroot/demo.medace.org/vendor/laravel/framework/src/Illuminate/Pipeline/Pipeline.php(180): Fruitcake\\Cors\\HandleCors->handle()
#62 /www/wwwroot/demo.medace.org/vendor/laravel/framework/src/Illuminate/Http/Middleware/TrustProxies.php(39): Illuminate\\Pipeline\\Pipeline->Illuminate\\Pipeline\\{closure}()
#63 /www/wwwroot/demo.medace.org/vendor/laravel/framework/src/Illuminate/Pipeline/Pipeline.php(180): Illuminate\\Http\\Middleware\\TrustProxies->handle()
#64 /www/wwwroot/demo.medace.org/vendor/laravel/framework/src/Illuminate/Pipeline/Pipeline.php(116): Illuminate\\Pipeline\\Pipeline->Illuminate\\Pipeline\\{closure}()
#65 /www/wwwroot/demo.medace.org/vendor/laravel/framework/src/Illuminate/Foundation/Http/Kernel.php(165): Illuminate\\Pipeline\\Pipeline->then()
#66 /www/wwwroot/demo.medace.org/vendor/laravel/framework/src/Illuminate/Foundation/Http/Kernel.php(134): Illuminate\\Foundation\\Http\\Kernel->sendRequestThroughRouter()
#67 /www/wwwroot/demo.medace.org/public/index.php(52): Illuminate\\Foundation\\Http\\Kernel->handle()
#68 {main}
"} 
[2025-04-15 21:59:02] production.ERROR: file_exists(): open_basedir restriction in effect. File(/fonts/OpenSans-Regular.ttf) is not within the allowed path(s): (/www/wwwroot/demo.medace.org/:/tmp/) {"userId":1049,"exception":"[object] (ErrorException(code: 0): file_exists(): open_basedir restriction in effect. File(/fonts/OpenSans-Regular.ttf) is not within the allowed path(s): (/www/wwwroot/demo.medace.org/:/tmp/) at /www/wwwroot/demo.medace.org/vendor/lasserafn/php-initial-avatar-generator/src/InitialAvatar.php:739)
[stacktrace]
#0 /www/wwwroot/demo.medace.org/vendor/laravel/framework/src/Illuminate/Foundation/Bootstrap/HandleExceptions.php(270): Illuminate\\Foundation\\Bootstrap\\HandleExceptions->handleError()
#1 [internal function]: Illuminate\\Foundation\\Bootstrap\\HandleExceptions->Illuminate\\Foundation\\Bootstrap\\{closure}()
#2 /www/wwwroot/demo.medace.org/vendor/lasserafn/php-initial-avatar-generator/src/InitialAvatar.php(739): file_exists()
#3 /www/wwwroot/demo.medace.org/vendor/lasserafn/php-initial-avatar-generator/src/InitialAvatar.php(644): LasseRafn\\InitialAvatarGenerator\\InitialAvatar->findFontFile()
#4 /www/wwwroot/demo.medace.org/vendor/lasserafn/php-initial-avatar-generator/src/InitialAvatar.php(401): LasseRafn\\InitialAvatarGenerator\\InitialAvatar->makeAvatar()
#5 /www/wwwroot/demo.medace.org/app/Http/Controllers/Web/DefaultAvatarController.php(39): LasseRafn\\InitialAvatarGenerator\\InitialAvatar->generate()
#6 /www/wwwroot/demo.medace.org/vendor/laravel/framework/src/Illuminate/Routing/Controller.php(54): App\\Http\\Controllers\\Web\\DefaultAvatarController->make()
#7 /www/wwwroot/demo.medace.org/vendor/laravel/framework/src/Illuminate/Routing/ControllerDispatcher.php(43): Illuminate\\Routing\\Controller->callAction()
#8 /www/wwwroot/demo.medace.org/vendor/laravel/framework/src/Illuminate/Routing/Route.php(260): Illuminate\\Routing\\ControllerDispatcher->dispatch()
#9 /www/wwwroot/demo.medace.org/vendor/laravel/framework/src/Illuminate/Routing/Route.php(205): Illuminate\\Routing\\Route->runController()
#10 /www/wwwroot/demo.medace.org/vendor/laravel/framework/src/Illuminate/Routing/Router.php(798): Illuminate\\Routing\\Route->run()
#11 /www/wwwroot/demo.medace.org/vendor/laravel/framework/src/Illuminate/Pipeline/Pipeline.php(141): Illuminate\\Routing\\Router->Illuminate\\Routing\\{closure}()
#12 /www/wwwroot/demo.medace.org/app/Http/Middleware/CheckRestriction.php(34): Illuminate\\Pipeline\\Pipeline->Illuminate\\Pipeline\\{closure}()
#13 /www/wwwroot/demo.medace.org/vendor/laravel/framework/src/Illuminate/Pipeline/Pipeline.php(180): App\\Http\\Middleware\\CheckRestriction->handle()
#14 /www/wwwroot/demo.medace.org/app/Http/Middleware/CheckMaintenance.php(37): Illuminate\\Pipeline\\Pipeline->Illuminate\\Pipeline\\{closure}()
#15 /www/wwwroot/demo.medace.org/vendor/laravel/framework/src/Illuminate/Pipeline/Pipeline.php(180): App\\Http\\Middleware\\CheckMaintenance->handle()
#16 /www/wwwroot/demo.medace.org/app/Http/Middleware/Share.php(90): Illuminate\\Pipeline\\Pipeline->Illuminate\\Pipeline\\{closure}()
#17 /www/wwwroot/demo.medace.org/vendor/laravel/framework/src/Illuminate/Pipeline/Pipeline.php(180): App\\Http\\Middleware\\Share->handle()
#18 /www/wwwroot/demo.medace.org/app/Http/Middleware/Impersonate.php(23): Illuminate\\Pipeline\\Pipeline->Illuminate\\Pipeline\\{closure}()
#19 /www/wwwroot/demo.medace.org/vendor/laravel/framework/src/Illuminate/Pipeline/Pipeline.php(180): App\\Http\\Middleware\\Impersonate->handle()
#20 /www/wwwroot/demo.medace.org/app/Http/Middleware/CheckMobileApp.php(25): Illuminate\\Pipeline\\Pipeline->Illuminate\\Pipeline\\{closure}()
#21 /www/wwwroot/demo.medace.org/vendor/laravel/framework/src/Illuminate/Pipeline/Pipeline.php(180): App\\Http\\Middleware\\CheckMobileApp->handle()
#22 /www/wwwroot/demo.medace.org/app/Http/Middleware/DebugBar.php(22): Illuminate\\Pipeline\\Pipeline->Illuminate\\Pipeline\\{closure}()
#23 /www/wwwroot/demo.medace.org/vendor/laravel/framework/src/Illuminate/Pipeline/Pipeline.php(180): App\\Http\\Middleware\\DebugBar->handle()
#24 /www/wwwroot/demo.medace.org/app/Http/Middleware/SessionValidity.php(36): Illuminate\\Pipeline\\Pipeline->Illuminate\\Pipeline\\{closure}()
#25 /www/wwwroot/demo.medace.org/vendor/laravel/framework/src/Illuminate/Pipeline/Pipeline.php(180): App\\Http\\Middleware\\SessionValidity->handle()
#26 /www/wwwroot/demo.medace.org/app/Http/Middleware/UserLocale.php(44): Illuminate\\Pipeline\\Pipeline->Illuminate\\Pipeline\\{closure}()
#27 /www/wwwroot/demo.medace.org/vendor/laravel/framework/src/Illuminate/Pipeline/Pipeline.php(180): App\\Http\\Middleware\\UserLocale->handle()
#28 /www/wwwroot/demo.medace.org/vendor/laravel/framework/src/Illuminate/Routing/Middleware/SubstituteBindings.php(50): Illuminate\\Pipeline\\Pipeline->Illuminate\\Pipeline\\{closure}()
#29 /www/wwwroot/demo.medace.org/vendor/laravel/framework/src/Illuminate/Pipeline/Pipeline.php(180): Illuminate\\Routing\\Middleware\\SubstituteBindings->handle()
#30 /www/wwwroot/demo.medace.org/vendor/laravel/framework/src/Illuminate/Foundation/Http/Middleware/VerifyCsrfToken.php(78): Illuminate\\Pipeline\\Pipeline->Illuminate\\Pipeline\\{closure}()
#31 /www/wwwroot/demo.medace.org/vendor/laravel/framework/src/Illuminate/Pipeline/Pipeline.php(180): Illuminate\\Foundation\\Http\\Middleware\\VerifyCsrfToken->handle()
#32 /www/wwwroot/demo.medace.org/vendor/laravel/framework/src/Illuminate/View/Middleware/ShareErrorsFromSession.php(49): Illuminate\\Pipeline\\Pipeline->Illuminate\\Pipeline\\{closure}()
#33 /www/wwwroot/demo.medace.org/vendor/laravel/framework/src/Illuminate/Pipeline/Pipeline.php(180): Illuminate\\View\\Middleware\\ShareErrorsFromSession->handle()
#34 /www/wwwroot/demo.medace.org/vendor/laravel/framework/src/Illuminate/Session/Middleware/StartSession.php(121): Illuminate\\Pipeline\\Pipeline->Illuminate\\Pipeline\\{closure}()
#35 /www/wwwroot/demo.medace.org/vendor/laravel/framework/src/Illuminate/Session/Middleware/StartSession.php(64): Illuminate\\Session\\Middleware\\StartSession->handleStatefulRequest()
#36 /www/wwwroot/demo.medace.org/vendor/laravel/framework/src/Illuminate/Pipeline/Pipeline.php(180): Illuminate\\Session\\Middleware\\StartSession->handle()
#37 /www/wwwroot/demo.medace.org/vendor/laravel/framework/src/Illuminate/Cookie/Middleware/AddQueuedCookiesToResponse.php(37): Illuminate\\Pipeline\\Pipeline->Illuminate\\Pipeline\\{closure}()
#38 /www/wwwroot/demo.medace.org/vendor/laravel/framework/src/Illuminate/Pipeline/Pipeline.php(180): Illuminate\\Cookie\\Middleware\\AddQueuedCookiesToResponse->handle()
#39 /www/wwwroot/demo.medace.org/vendor/laravel/framework/src/Illuminate/Cookie/Middleware/EncryptCookies.php(67): Illuminate\\Pipeline\\Pipeline->Illuminate\\Pipeline\\{closure}()
#40 /www/wwwroot/demo.medace.org/vendor/laravel/framework/src/Illuminate/Pipeline/Pipeline.php(180): Illuminate\\Cookie\\Middleware\\EncryptCookies->handle()
#41 /www/wwwroot/demo.medace.org/vendor/laravel/framework/src/Illuminate/Pipeline/Pipeline.php(116): Illuminate\\Pipeline\\Pipeline->Illuminate\\Pipeline\\{closure}()
#42 /www/wwwroot/demo.medace.org/vendor/laravel/framework/src/Illuminate/Routing/Router.php(799): Illuminate\\Pipeline\\Pipeline->then()
#43 /www/wwwroot/demo.medace.org/vendor/laravel/framework/src/Illuminate/Routing/Router.php(776): Illuminate\\Routing\\Router->runRouteWithinStack()
#44 /www/wwwroot/demo.medace.org/vendor/laravel/framework/src/Illuminate/Routing/Router.php(740): Illuminate\\Routing\\Router->runRoute()
#45 /www/wwwroot/demo.medace.org/vendor/laravel/framework/src/Illuminate/Routing/Router.php(729): Illuminate\\Routing\\Router->dispatchToRoute()
#46 /www/wwwroot/demo.medace.org/vendor/laravel/framework/src/Illuminate/Foundation/Http/Kernel.php(190): Illuminate\\Routing\\Router->dispatch()
#47 /www/wwwroot/demo.medace.org/vendor/laravel/framework/src/Illuminate/Pipeline/Pipeline.php(141): Illuminate\\Foundation\\Http\\Kernel->Illuminate\\Foundation\\Http\\{closure}()
#48 /www/wwwroot/demo.medace.org/vendor/barryvdh/laravel-debugbar/src/Middleware/InjectDebugbar.php(66): Illuminate\\Pipeline\\Pipeline->Illuminate\\Pipeline\\{closure}()
#49 /www/wwwroot/demo.medace.org/vendor/laravel/framework/src/Illuminate/Pipeline/Pipeline.php(180): Barryvdh\\Debugbar\\Middleware\\InjectDebugbar->handle()
#50 /www/wwwroot/demo.medace.org/vendor/laravel/framework/src/Illuminate/Foundation/Http/Middleware/TransformsRequest.php(21): Illuminate\\Pipeline\\Pipeline->Illuminate\\Pipeline\\{closure}()
#51 /www/wwwroot/demo.medace.org/vendor/laravel/framework/src/Illuminate/Foundation/Http/Middleware/ConvertEmptyStringsToNull.php(31): Illuminate\\Foundation\\Http\\Middleware\\TransformsRequest->handle()
#52 /www/wwwroot/demo.medace.org/vendor/laravel/framework/src/Illuminate/Pipeline/Pipeline.php(180): Illuminate\\Foundation\\Http\\Middleware\\ConvertEmptyStringsToNull->handle()
#53 /www/wwwroot/demo.medace.org/vendor/laravel/framework/src/Illuminate/Foundation/Http/Middleware/TransformsRequest.php(21): Illuminate\\Pipeline\\Pipeline->Illuminate\\Pipeline\\{closure}()
#54 /www/wwwroot/demo.medace.org/vendor/laravel/framework/src/Illuminate/Foundation/Http/Middleware/TrimStrings.php(40): Illuminate\\Foundation\\Http\\Middleware\\TransformsRequest->handle()
#55 /www/wwwroot/demo.medace.org/vendor/laravel/framework/src/Illuminate/Pipeline/Pipeline.php(180): Illuminate\\Foundation\\Http\\Middleware\\TrimStrings->handle()
#56 /www/wwwroot/demo.medace.org/vendor/laravel/framework/src/Illuminate/Foundation/Http/Middleware/ValidatePostSize.php(27): Illuminate\\Pipeline\\Pipeline->Illuminate\\Pipeline\\{closure}()
#57 /www/wwwroot/demo.medace.org/vendor/laravel/framework/src/Illuminate/Pipeline/Pipeline.php(180): Illuminate\\Foundation\\Http\\Middleware\\ValidatePostSize->handle()
#58 /www/wwwroot/demo.medace.org/vendor/laravel/framework/src/Illuminate/Foundation/Http/Middleware/PreventRequestsDuringMaintenance.php(86): Illuminate\\Pipeline\\Pipeline->Illuminate\\Pipeline\\{closure}()
#59 /www/wwwroot/demo.medace.org/vendor/laravel/framework/src/Illuminate/Pipeline/Pipeline.php(180): Illuminate\\Foundation\\Http\\Middleware\\PreventRequestsDuringMaintenance->handle()
#60 /www/wwwroot/demo.medace.org/vendor/fruitcake/laravel-cors/src/HandleCors.php(38): Illuminate\\Pipeline\\Pipeline->Illuminate\\Pipeline\\{closure}()
#61 /www/wwwroot/demo.medace.org/vendor/laravel/framework/src/Illuminate/Pipeline/Pipeline.php(180): Fruitcake\\Cors\\HandleCors->handle()
#62 /www/wwwroot/demo.medace.org/vendor/laravel/framework/src/Illuminate/Http/Middleware/TrustProxies.php(39): Illuminate\\Pipeline\\Pipeline->Illuminate\\Pipeline\\{closure}()
#63 /www/wwwroot/demo.medace.org/vendor/laravel/framework/src/Illuminate/Pipeline/Pipeline.php(180): Illuminate\\Http\\Middleware\\TrustProxies->handle()
#64 /www/wwwroot/demo.medace.org/vendor/laravel/framework/src/Illuminate/Pipeline/Pipeline.php(116): Illuminate\\Pipeline\\Pipeline->Illuminate\\Pipeline\\{closure}()
#65 /www/wwwroot/demo.medace.org/vendor/laravel/framework/src/Illuminate/Foundation/Http/Kernel.php(165): Illuminate\\Pipeline\\Pipeline->then()
#66 /www/wwwroot/demo.medace.org/vendor/laravel/framework/src/Illuminate/Foundation/Http/Kernel.php(134): Illuminate\\Foundation\\Http\\Kernel->sendRequestThroughRouter()
#67 /www/wwwroot/demo.medace.org/public/index.php(52): Illuminate\\Foundation\\Http\\Kernel->handle()
#68 {main}
"} 
[2025-04-15 22:00:20] production.ERROR: file_exists(): open_basedir restriction in effect. File(/fonts/OpenSans-Regular.ttf) is not within the allowed path(s): (/www/wwwroot/demo.medace.org/:/tmp/) {"userId":1049,"exception":"[object] (ErrorException(code: 0): file_exists(): open_basedir restriction in effect. File(/fonts/OpenSans-Regular.ttf) is not within the allowed path(s): (/www/wwwroot/demo.medace.org/:/tmp/) at /www/wwwroot/demo.medace.org/vendor/lasserafn/php-initial-avatar-generator/src/InitialAvatar.php:739)
[stacktrace]
#0 /www/wwwroot/demo.medace.org/vendor/laravel/framework/src/Illuminate/Foundation/Bootstrap/HandleExceptions.php(270): Illuminate\\Foundation\\Bootstrap\\HandleExceptions->handleError()
#1 [internal function]: Illuminate\\Foundation\\Bootstrap\\HandleExceptions->Illuminate\\Foundation\\Bootstrap\\{closure}()
#2 /www/wwwroot/demo.medace.org/vendor/lasserafn/php-initial-avatar-generator/src/InitialAvatar.php(739): file_exists()
#3 /www/wwwroot/demo.medace.org/vendor/lasserafn/php-initial-avatar-generator/src/InitialAvatar.php(644): LasseRafn\\InitialAvatarGenerator\\InitialAvatar->findFontFile()
#4 /www/wwwroot/demo.medace.org/vendor/lasserafn/php-initial-avatar-generator/src/InitialAvatar.php(401): LasseRafn\\InitialAvatarGenerator\\InitialAvatar->makeAvatar()
#5 /www/wwwroot/demo.medace.org/app/Http/Controllers/Web/DefaultAvatarController.php(39): LasseRafn\\InitialAvatarGenerator\\InitialAvatar->generate()
#6 /www/wwwroot/demo.medace.org/vendor/laravel/framework/src/Illuminate/Routing/Controller.php(54): App\\Http\\Controllers\\Web\\DefaultAvatarController->make()
#7 /www/wwwroot/demo.medace.org/vendor/laravel/framework/src/Illuminate/Routing/ControllerDispatcher.php(43): Illuminate\\Routing\\Controller->callAction()
#8 /www/wwwroot/demo.medace.org/vendor/laravel/framework/src/Illuminate/Routing/Route.php(260): Illuminate\\Routing\\ControllerDispatcher->dispatch()
#9 /www/wwwroot/demo.medace.org/vendor/laravel/framework/src/Illuminate/Routing/Route.php(205): Illuminate\\Routing\\Route->runController()
#10 /www/wwwroot/demo.medace.org/vendor/laravel/framework/src/Illuminate/Routing/Router.php(798): Illuminate\\Routing\\Route->run()
#11 /www/wwwroot/demo.medace.org/vendor/laravel/framework/src/Illuminate/Pipeline/Pipeline.php(141): Illuminate\\Routing\\Router->Illuminate\\Routing\\{closure}()
#12 /www/wwwroot/demo.medace.org/app/Http/Middleware/CheckRestriction.php(34): Illuminate\\Pipeline\\Pipeline->Illuminate\\Pipeline\\{closure}()
#13 /www/wwwroot/demo.medace.org/vendor/laravel/framework/src/Illuminate/Pipeline/Pipeline.php(180): App\\Http\\Middleware\\CheckRestriction->handle()
#14 /www/wwwroot/demo.medace.org/app/Http/Middleware/CheckMaintenance.php(37): Illuminate\\Pipeline\\Pipeline->Illuminate\\Pipeline\\{closure}()
#15 /www/wwwroot/demo.medace.org/vendor/laravel/framework/src/Illuminate/Pipeline/Pipeline.php(180): App\\Http\\Middleware\\CheckMaintenance->handle()
#16 /www/wwwroot/demo.medace.org/app/Http/Middleware/Share.php(90): Illuminate\\Pipeline\\Pipeline->Illuminate\\Pipeline\\{closure}()
#17 /www/wwwroot/demo.medace.org/vendor/laravel/framework/src/Illuminate/Pipeline/Pipeline.php(180): App\\Http\\Middleware\\Share->handle()
#18 /www/wwwroot/demo.medace.org/app/Http/Middleware/Impersonate.php(23): Illuminate\\Pipeline\\Pipeline->Illuminate\\Pipeline\\{closure}()
#19 /www/wwwroot/demo.medace.org/vendor/laravel/framework/src/Illuminate/Pipeline/Pipeline.php(180): App\\Http\\Middleware\\Impersonate->handle()
#20 /www/wwwroot/demo.medace.org/app/Http/Middleware/CheckMobileApp.php(25): Illuminate\\Pipeline\\Pipeline->Illuminate\\Pipeline\\{closure}()
#21 /www/wwwroot/demo.medace.org/vendor/laravel/framework/src/Illuminate/Pipeline/Pipeline.php(180): App\\Http\\Middleware\\CheckMobileApp->handle()
#22 /www/wwwroot/demo.medace.org/app/Http/Middleware/DebugBar.php(22): Illuminate\\Pipeline\\Pipeline->Illuminate\\Pipeline\\{closure}()
#23 /www/wwwroot/demo.medace.org/vendor/laravel/framework/src/Illuminate/Pipeline/Pipeline.php(180): App\\Http\\Middleware\\DebugBar->handle()
#24 /www/wwwroot/demo.medace.org/app/Http/Middleware/SessionValidity.php(36): Illuminate\\Pipeline\\Pipeline->Illuminate\\Pipeline\\{closure}()
#25 /www/wwwroot/demo.medace.org/vendor/laravel/framework/src/Illuminate/Pipeline/Pipeline.php(180): App\\Http\\Middleware\\SessionValidity->handle()
#26 /www/wwwroot/demo.medace.org/app/Http/Middleware/UserLocale.php(44): Illuminate\\Pipeline\\Pipeline->Illuminate\\Pipeline\\{closure}()
#27 /www/wwwroot/demo.medace.org/vendor/laravel/framework/src/Illuminate/Pipeline/Pipeline.php(180): App\\Http\\Middleware\\UserLocale->handle()
#28 /www/wwwroot/demo.medace.org/vendor/laravel/framework/src/Illuminate/Routing/Middleware/SubstituteBindings.php(50): Illuminate\\Pipeline\\Pipeline->Illuminate\\Pipeline\\{closure}()
#29 /www/wwwroot/demo.medace.org/vendor/laravel/framework/src/Illuminate/Pipeline/Pipeline.php(180): Illuminate\\Routing\\Middleware\\SubstituteBindings->handle()
#30 /www/wwwroot/demo.medace.org/vendor/laravel/framework/src/Illuminate/Foundation/Http/Middleware/VerifyCsrfToken.php(78): Illuminate\\Pipeline\\Pipeline->Illuminate\\Pipeline\\{closure}()
#31 /www/wwwroot/demo.medace.org/vendor/laravel/framework/src/Illuminate/Pipeline/Pipeline.php(180): Illuminate\\Foundation\\Http\\Middleware\\VerifyCsrfToken->handle()
#32 /www/wwwroot/demo.medace.org/vendor/laravel/framework/src/Illuminate/View/Middleware/ShareErrorsFromSession.php(49): Illuminate\\Pipeline\\Pipeline->Illuminate\\Pipeline\\{closure}()
#33 /www/wwwroot/demo.medace.org/vendor/laravel/framework/src/Illuminate/Pipeline/Pipeline.php(180): Illuminate\\View\\Middleware\\ShareErrorsFromSession->handle()
#34 /www/wwwroot/demo.medace.org/vendor/laravel/framework/src/Illuminate/Session/Middleware/StartSession.php(121): Illuminate\\Pipeline\\Pipeline->Illuminate\\Pipeline\\{closure}()
#35 /www/wwwroot/demo.medace.org/vendor/laravel/framework/src/Illuminate/Session/Middleware/StartSession.php(64): Illuminate\\Session\\Middleware\\StartSession->handleStatefulRequest()
#36 /www/wwwroot/demo.medace.org/vendor/laravel/framework/src/Illuminate/Pipeline/Pipeline.php(180): Illuminate\\Session\\Middleware\\StartSession->handle()
#37 /www/wwwroot/demo.medace.org/vendor/laravel/framework/src/Illuminate/Cookie/Middleware/AddQueuedCookiesToResponse.php(37): Illuminate\\Pipeline\\Pipeline->Illuminate\\Pipeline\\{closure}()
#38 /www/wwwroot/demo.medace.org/vendor/laravel/framework/src/Illuminate/Pipeline/Pipeline.php(180): Illuminate\\Cookie\\Middleware\\AddQueuedCookiesToResponse->handle()
#39 /www/wwwroot/demo.medace.org/vendor/laravel/framework/src/Illuminate/Cookie/Middleware/EncryptCookies.php(67): Illuminate\\Pipeline\\Pipeline->Illuminate\\Pipeline\\{closure}()
#40 /www/wwwroot/demo.medace.org/vendor/laravel/framework/src/Illuminate/Pipeline/Pipeline.php(180): Illuminate\\Cookie\\Middleware\\EncryptCookies->handle()
#41 /www/wwwroot/demo.medace.org/vendor/laravel/framework/src/Illuminate/Pipeline/Pipeline.php(116): Illuminate\\Pipeline\\Pipeline->Illuminate\\Pipeline\\{closure}()
#42 /www/wwwroot/demo.medace.org/vendor/laravel/framework/src/Illuminate/Routing/Router.php(799): Illuminate\\Pipeline\\Pipeline->then()
#43 /www/wwwroot/demo.medace.org/vendor/laravel/framework/src/Illuminate/Routing/Router.php(776): Illuminate\\Routing\\Router->runRouteWithinStack()
#44 /www/wwwroot/demo.medace.org/vendor/laravel/framework/src/Illuminate/Routing/Router.php(740): Illuminate\\Routing\\Router->runRoute()
#45 /www/wwwroot/demo.medace.org/vendor/laravel/framework/src/Illuminate/Routing/Router.php(729): Illuminate\\Routing\\Router->dispatchToRoute()
#46 /www/wwwroot/demo.medace.org/vendor/laravel/framework/src/Illuminate/Foundation/Http/Kernel.php(190): Illuminate\\Routing\\Router->dispatch()
#47 /www/wwwroot/demo.medace.org/vendor/laravel/framework/src/Illuminate/Pipeline/Pipeline.php(141): Illuminate\\Foundation\\Http\\Kernel->Illuminate\\Foundation\\Http\\{closure}()
#48 /www/wwwroot/demo.medace.org/vendor/barryvdh/laravel-debugbar/src/Middleware/InjectDebugbar.php(66): Illuminate\\Pipeline\\Pipeline->Illuminate\\Pipeline\\{closure}()
#49 /www/wwwroot/demo.medace.org/vendor/laravel/framework/src/Illuminate/Pipeline/Pipeline.php(180): Barryvdh\\Debugbar\\Middleware\\InjectDebugbar->handle()
#50 /www/wwwroot/demo.medace.org/vendor/laravel/framework/src/Illuminate/Foundation/Http/Middleware/TransformsRequest.php(21): Illuminate\\Pipeline\\Pipeline->Illuminate\\Pipeline\\{closure}()
#51 /www/wwwroot/demo.medace.org/vendor/laravel/framework/src/Illuminate/Foundation/Http/Middleware/ConvertEmptyStringsToNull.php(31): Illuminate\\Foundation\\Http\\Middleware\\TransformsRequest->handle()
#52 /www/wwwroot/demo.medace.org/vendor/laravel/framework/src/Illuminate/Pipeline/Pipeline.php(180): Illuminate\\Foundation\\Http\\Middleware\\ConvertEmptyStringsToNull->handle()
#53 /www/wwwroot/demo.medace.org/vendor/laravel/framework/src/Illuminate/Foundation/Http/Middleware/TransformsRequest.php(21): Illuminate\\Pipeline\\Pipeline->Illuminate\\Pipeline\\{closure}()
#54 /www/wwwroot/demo.medace.org/vendor/laravel/framework/src/Illuminate/Foundation/Http/Middleware/TrimStrings.php(40): Illuminate\\Foundation\\Http\\Middleware\\TransformsRequest->handle()
#55 /www/wwwroot/demo.medace.org/vendor/laravel/framework/src/Illuminate/Pipeline/Pipeline.php(180): Illuminate\\Foundation\\Http\\Middleware\\TrimStrings->handle()
#56 /www/wwwroot/demo.medace.org/vendor/laravel/framework/src/Illuminate/Foundation/Http/Middleware/ValidatePostSize.php(27): Illuminate\\Pipeline\\Pipeline->Illuminate\\Pipeline\\{closure}()
#57 /www/wwwroot/demo.medace.org/vendor/laravel/framework/src/Illuminate/Pipeline/Pipeline.php(180): Illuminate\\Foundation\\Http\\Middleware\\ValidatePostSize->handle()
#58 /www/wwwroot/demo.medace.org/vendor/laravel/framework/src/Illuminate/Foundation/Http/Middleware/PreventRequestsDuringMaintenance.php(86): Illuminate\\Pipeline\\Pipeline->Illuminate\\Pipeline\\{closure}()
#59 /www/wwwroot/demo.medace.org/vendor/laravel/framework/src/Illuminate/Pipeline/Pipeline.php(180): Illuminate\\Foundation\\Http\\Middleware\\PreventRequestsDuringMaintenance->handle()
#60 /www/wwwroot/demo.medace.org/vendor/fruitcake/laravel-cors/src/HandleCors.php(38): Illuminate\\Pipeline\\Pipeline->Illuminate\\Pipeline\\{closure}()
#61 /www/wwwroot/demo.medace.org/vendor/laravel/framework/src/Illuminate/Pipeline/Pipeline.php(180): Fruitcake\\Cors\\HandleCors->handle()
#62 /www/wwwroot/demo.medace.org/vendor/laravel/framework/src/Illuminate/Http/Middleware/TrustProxies.php(39): Illuminate\\Pipeline\\Pipeline->Illuminate\\Pipeline\\{closure}()
#63 /www/wwwroot/demo.medace.org/vendor/laravel/framework/src/Illuminate/Pipeline/Pipeline.php(180): Illuminate\\Http\\Middleware\\TrustProxies->handle()
#64 /www/wwwroot/demo.medace.org/vendor/laravel/framework/src/Illuminate/Pipeline/Pipeline.php(116): Illuminate\\Pipeline\\Pipeline->Illuminate\\Pipeline\\{closure}()
#65 /www/wwwroot/demo.medace.org/vendor/laravel/framework/src/Illuminate/Foundation/Http/Kernel.php(165): Illuminate\\Pipeline\\Pipeline->then()
#66 /www/wwwroot/demo.medace.org/vendor/laravel/framework/src/Illuminate/Foundation/Http/Kernel.php(134): Illuminate\\Foundation\\Http\\Kernel->sendRequestThroughRouter()
#67 /www/wwwroot/demo.medace.org/public/index.php(52): Illuminate\\Foundation\\Http\\Kernel->handle()
#68 {main}
"} 
[2025-04-15 22:00:20] production.ERROR: file_exists(): open_basedir restriction in effect. File(/fonts/OpenSans-Regular.ttf) is not within the allowed path(s): (/www/wwwroot/demo.medace.org/:/tmp/) {"userId":1049,"exception":"[object] (ErrorException(code: 0): file_exists(): open_basedir restriction in effect. File(/fonts/OpenSans-Regular.ttf) is not within the allowed path(s): (/www/wwwroot/demo.medace.org/:/tmp/) at /www/wwwroot/demo.medace.org/vendor/lasserafn/php-initial-avatar-generator/src/InitialAvatar.php:739)
[stacktrace]
#0 /www/wwwroot/demo.medace.org/vendor/laravel/framework/src/Illuminate/Foundation/Bootstrap/HandleExceptions.php(270): Illuminate\\Foundation\\Bootstrap\\HandleExceptions->handleError()
#1 [internal function]: Illuminate\\Foundation\\Bootstrap\\HandleExceptions->Illuminate\\Foundation\\Bootstrap\\{closure}()
#2 /www/wwwroot/demo.medace.org/vendor/lasserafn/php-initial-avatar-generator/src/InitialAvatar.php(739): file_exists()
#3 /www/wwwroot/demo.medace.org/vendor/lasserafn/php-initial-avatar-generator/src/InitialAvatar.php(644): LasseRafn\\InitialAvatarGenerator\\InitialAvatar->findFontFile()
#4 /www/wwwroot/demo.medace.org/vendor/lasserafn/php-initial-avatar-generator/src/InitialAvatar.php(401): LasseRafn\\InitialAvatarGenerator\\InitialAvatar->makeAvatar()
#5 /www/wwwroot/demo.medace.org/app/Http/Controllers/Web/DefaultAvatarController.php(39): LasseRafn\\InitialAvatarGenerator\\InitialAvatar->generate()
#6 /www/wwwroot/demo.medace.org/vendor/laravel/framework/src/Illuminate/Routing/Controller.php(54): App\\Http\\Controllers\\Web\\DefaultAvatarController->make()
#7 /www/wwwroot/demo.medace.org/vendor/laravel/framework/src/Illuminate/Routing/ControllerDispatcher.php(43): Illuminate\\Routing\\Controller->callAction()
#8 /www/wwwroot/demo.medace.org/vendor/laravel/framework/src/Illuminate/Routing/Route.php(260): Illuminate\\Routing\\ControllerDispatcher->dispatch()
#9 /www/wwwroot/demo.medace.org/vendor/laravel/framework/src/Illuminate/Routing/Route.php(205): Illuminate\\Routing\\Route->runController()
#10 /www/wwwroot/demo.medace.org/vendor/laravel/framework/src/Illuminate/Routing/Router.php(798): Illuminate\\Routing\\Route->run()
#11 /www/wwwroot/demo.medace.org/vendor/laravel/framework/src/Illuminate/Pipeline/Pipeline.php(141): Illuminate\\Routing\\Router->Illuminate\\Routing\\{closure}()
#12 /www/wwwroot/demo.medace.org/app/Http/Middleware/CheckRestriction.php(34): Illuminate\\Pipeline\\Pipeline->Illuminate\\Pipeline\\{closure}()
#13 /www/wwwroot/demo.medace.org/vendor/laravel/framework/src/Illuminate/Pipeline/Pipeline.php(180): App\\Http\\Middleware\\CheckRestriction->handle()
#14 /www/wwwroot/demo.medace.org/app/Http/Middleware/CheckMaintenance.php(37): Illuminate\\Pipeline\\Pipeline->Illuminate\\Pipeline\\{closure}()
#15 /www/wwwroot/demo.medace.org/vendor/laravel/framework/src/Illuminate/Pipeline/Pipeline.php(180): App\\Http\\Middleware\\CheckMaintenance->handle()
#16 /www/wwwroot/demo.medace.org/app/Http/Middleware/Share.php(90): Illuminate\\Pipeline\\Pipeline->Illuminate\\Pipeline\\{closure}()
#17 /www/wwwroot/demo.medace.org/vendor/laravel/framework/src/Illuminate/Pipeline/Pipeline.php(180): App\\Http\\Middleware\\Share->handle()
#18 /www/wwwroot/demo.medace.org/app/Http/Middleware/Impersonate.php(23): Illuminate\\Pipeline\\Pipeline->Illuminate\\Pipeline\\{closure}()
#19 /www/wwwroot/demo.medace.org/vendor/laravel/framework/src/Illuminate/Pipeline/Pipeline.php(180): App\\Http\\Middleware\\Impersonate->handle()
#20 /www/wwwroot/demo.medace.org/app/Http/Middleware/CheckMobileApp.php(25): Illuminate\\Pipeline\\Pipeline->Illuminate\\Pipeline\\{closure}()
#21 /www/wwwroot/demo.medace.org/vendor/laravel/framework/src/Illuminate/Pipeline/Pipeline.php(180): App\\Http\\Middleware\\CheckMobileApp->handle()
#22 /www/wwwroot/demo.medace.org/app/Http/Middleware/DebugBar.php(22): Illuminate\\Pipeline\\Pipeline->Illuminate\\Pipeline\\{closure}()
#23 /www/wwwroot/demo.medace.org/vendor/laravel/framework/src/Illuminate/Pipeline/Pipeline.php(180): App\\Http\\Middleware\\DebugBar->handle()
#24 /www/wwwroot/demo.medace.org/app/Http/Middleware/SessionValidity.php(36): Illuminate\\Pipeline\\Pipeline->Illuminate\\Pipeline\\{closure}()
#25 /www/wwwroot/demo.medace.org/vendor/laravel/framework/src/Illuminate/Pipeline/Pipeline.php(180): App\\Http\\Middleware\\SessionValidity->handle()
#26 /www/wwwroot/demo.medace.org/app/Http/Middleware/UserLocale.php(44): Illuminate\\Pipeline\\Pipeline->Illuminate\\Pipeline\\{closure}()
#27 /www/wwwroot/demo.medace.org/vendor/laravel/framework/src/Illuminate/Pipeline/Pipeline.php(180): App\\Http\\Middleware\\UserLocale->handle()
#28 /www/wwwroot/demo.medace.org/vendor/laravel/framework/src/Illuminate/Routing/Middleware/SubstituteBindings.php(50): Illuminate\\Pipeline\\Pipeline->Illuminate\\Pipeline\\{closure}()
#29 /www/wwwroot/demo.medace.org/vendor/laravel/framework/src/Illuminate/Pipeline/Pipeline.php(180): Illuminate\\Routing\\Middleware\\SubstituteBindings->handle()
#30 /www/wwwroot/demo.medace.org/vendor/laravel/framework/src/Illuminate/Foundation/Http/Middleware/VerifyCsrfToken.php(78): Illuminate\\Pipeline\\Pipeline->Illuminate\\Pipeline\\{closure}()
#31 /www/wwwroot/demo.medace.org/vendor/laravel/framework/src/Illuminate/Pipeline/Pipeline.php(180): Illuminate\\Foundation\\Http\\Middleware\\VerifyCsrfToken->handle()
#32 /www/wwwroot/demo.medace.org/vendor/laravel/framework/src/Illuminate/View/Middleware/ShareErrorsFromSession.php(49): Illuminate\\Pipeline\\Pipeline->Illuminate\\Pipeline\\{closure}()
#33 /www/wwwroot/demo.medace.org/vendor/laravel/framework/src/Illuminate/Pipeline/Pipeline.php(180): Illuminate\\View\\Middleware\\ShareErrorsFromSession->handle()
#34 /www/wwwroot/demo.medace.org/vendor/laravel/framework/src/Illuminate/Session/Middleware/StartSession.php(121): Illuminate\\Pipeline\\Pipeline->Illuminate\\Pipeline\\{closure}()
#35 /www/wwwroot/demo.medace.org/vendor/laravel/framework/src/Illuminate/Session/Middleware/StartSession.php(64): Illuminate\\Session\\Middleware\\StartSession->handleStatefulRequest()
#36 /www/wwwroot/demo.medace.org/vendor/laravel/framework/src/Illuminate/Pipeline/Pipeline.php(180): Illuminate\\Session\\Middleware\\StartSession->handle()
#37 /www/wwwroot/demo.medace.org/vendor/laravel/framework/src/Illuminate/Cookie/Middleware/AddQueuedCookiesToResponse.php(37): Illuminate\\Pipeline\\Pipeline->Illuminate\\Pipeline\\{closure}()
#38 /www/wwwroot/demo.medace.org/vendor/laravel/framework/src/Illuminate/Pipeline/Pipeline.php(180): Illuminate\\Cookie\\Middleware\\AddQueuedCookiesToResponse->handle()
#39 /www/wwwroot/demo.medace.org/vendor/laravel/framework/src/Illuminate/Cookie/Middleware/EncryptCookies.php(67): Illuminate\\Pipeline\\Pipeline->Illuminate\\Pipeline\\{closure}()
#40 /www/wwwroot/demo.medace.org/vendor/laravel/framework/src/Illuminate/Pipeline/Pipeline.php(180): Illuminate\\Cookie\\Middleware\\EncryptCookies->handle()
#41 /www/wwwroot/demo.medace.org/vendor/laravel/framework/src/Illuminate/Pipeline/Pipeline.php(116): Illuminate\\Pipeline\\Pipeline->Illuminate\\Pipeline\\{closure}()
#42 /www/wwwroot/demo.medace.org/vendor/laravel/framework/src/Illuminate/Routing/Router.php(799): Illuminate\\Pipeline\\Pipeline->then()
#43 /www/wwwroot/demo.medace.org/vendor/laravel/framework/src/Illuminate/Routing/Router.php(776): Illuminate\\Routing\\Router->runRouteWithinStack()
#44 /www/wwwroot/demo.medace.org/vendor/laravel/framework/src/Illuminate/Routing/Router.php(740): Illuminate\\Routing\\Router->runRoute()
#45 /www/wwwroot/demo.medace.org/vendor/laravel/framework/src/Illuminate/Routing/Router.php(729): Illuminate\\Routing\\Router->dispatchToRoute()
#46 /www/wwwroot/demo.medace.org/vendor/laravel/framework/src/Illuminate/Foundation/Http/Kernel.php(190): Illuminate\\Routing\\Router->dispatch()
#47 /www/wwwroot/demo.medace.org/vendor/laravel/framework/src/Illuminate/Pipeline/Pipeline.php(141): Illuminate\\Foundation\\Http\\Kernel->Illuminate\\Foundation\\Http\\{closure}()
#48 /www/wwwroot/demo.medace.org/vendor/barryvdh/laravel-debugbar/src/Middleware/InjectDebugbar.php(66): Illuminate\\Pipeline\\Pipeline->Illuminate\\Pipeline\\{closure}()
#49 /www/wwwroot/demo.medace.org/vendor/laravel/framework/src/Illuminate/Pipeline/Pipeline.php(180): Barryvdh\\Debugbar\\Middleware\\InjectDebugbar->handle()
#50 /www/wwwroot/demo.medace.org/vendor/laravel/framework/src/Illuminate/Foundation/Http/Middleware/TransformsRequest.php(21): Illuminate\\Pipeline\\Pipeline->Illuminate\\Pipeline\\{closure}()
#51 /www/wwwroot/demo.medace.org/vendor/laravel/framework/src/Illuminate/Foundation/Http/Middleware/ConvertEmptyStringsToNull.php(31): Illuminate\\Foundation\\Http\\Middleware\\TransformsRequest->handle()
#52 /www/wwwroot/demo.medace.org/vendor/laravel/framework/src/Illuminate/Pipeline/Pipeline.php(180): Illuminate\\Foundation\\Http\\Middleware\\ConvertEmptyStringsToNull->handle()
#53 /www/wwwroot/demo.medace.org/vendor/laravel/framework/src/Illuminate/Foundation/Http/Middleware/TransformsRequest.php(21): Illuminate\\Pipeline\\Pipeline->Illuminate\\Pipeline\\{closure}()
#54 /www/wwwroot/demo.medace.org/vendor/laravel/framework/src/Illuminate/Foundation/Http/Middleware/TrimStrings.php(40): Illuminate\\Foundation\\Http\\Middleware\\TransformsRequest->handle()
#55 /www/wwwroot/demo.medace.org/vendor/laravel/framework/src/Illuminate/Pipeline/Pipeline.php(180): Illuminate\\Foundation\\Http\\Middleware\\TrimStrings->handle()
#56 /www/wwwroot/demo.medace.org/vendor/laravel/framework/src/Illuminate/Foundation/Http/Middleware/ValidatePostSize.php(27): Illuminate\\Pipeline\\Pipeline->Illuminate\\Pipeline\\{closure}()
#57 /www/wwwroot/demo.medace.org/vendor/laravel/framework/src/Illuminate/Pipeline/Pipeline.php(180): Illuminate\\Foundation\\Http\\Middleware\\ValidatePostSize->handle()
#58 /www/wwwroot/demo.medace.org/vendor/laravel/framework/src/Illuminate/Foundation/Http/Middleware/PreventRequestsDuringMaintenance.php(86): Illuminate\\Pipeline\\Pipeline->Illuminate\\Pipeline\\{closure}()
#59 /www/wwwroot/demo.medace.org/vendor/laravel/framework/src/Illuminate/Pipeline/Pipeline.php(180): Illuminate\\Foundation\\Http\\Middleware\\PreventRequestsDuringMaintenance->handle()
#60 /www/wwwroot/demo.medace.org/vendor/fruitcake/laravel-cors/src/HandleCors.php(38): Illuminate\\Pipeline\\Pipeline->Illuminate\\Pipeline\\{closure}()
#61 /www/wwwroot/demo.medace.org/vendor/laravel/framework/src/Illuminate/Pipeline/Pipeline.php(180): Fruitcake\\Cors\\HandleCors->handle()
#62 /www/wwwroot/demo.medace.org/vendor/laravel/framework/src/Illuminate/Http/Middleware/TrustProxies.php(39): Illuminate\\Pipeline\\Pipeline->Illuminate\\Pipeline\\{closure}()
#63 /www/wwwroot/demo.medace.org/vendor/laravel/framework/src/Illuminate/Pipeline/Pipeline.php(180): Illuminate\\Http\\Middleware\\TrustProxies->handle()
#64 /www/wwwroot/demo.medace.org/vendor/laravel/framework/src/Illuminate/Pipeline/Pipeline.php(116): Illuminate\\Pipeline\\Pipeline->Illuminate\\Pipeline\\{closure}()
#65 /www/wwwroot/demo.medace.org/vendor/laravel/framework/src/Illuminate/Foundation/Http/Kernel.php(165): Illuminate\\Pipeline\\Pipeline->then()
#66 /www/wwwroot/demo.medace.org/vendor/laravel/framework/src/Illuminate/Foundation/Http/Kernel.php(134): Illuminate\\Foundation\\Http\\Kernel->sendRequestThroughRouter()
#67 /www/wwwroot/demo.medace.org/public/index.php(52): Illuminate\\Foundation\\Http\\Kernel->handle()
#68 {main}
"} 
[2025-04-15 22:00:20] production.ERROR: file_exists(): open_basedir restriction in effect. File(/fonts/OpenSans-Regular.ttf) is not within the allowed path(s): (/www/wwwroot/demo.medace.org/:/tmp/) {"userId":1049,"exception":"[object] (ErrorException(code: 0): file_exists(): open_basedir restriction in effect. File(/fonts/OpenSans-Regular.ttf) is not within the allowed path(s): (/www/wwwroot/demo.medace.org/:/tmp/) at /www/wwwroot/demo.medace.org/vendor/lasserafn/php-initial-avatar-generator/src/InitialAvatar.php:739)
[stacktrace]
#0 /www/wwwroot/demo.medace.org/vendor/laravel/framework/src/Illuminate/Foundation/Bootstrap/HandleExceptions.php(270): Illuminate\\Foundation\\Bootstrap\\HandleExceptions->handleError()
#1 [internal function]: Illuminate\\Foundation\\Bootstrap\\HandleExceptions->Illuminate\\Foundation\\Bootstrap\\{closure}()
#2 /www/wwwroot/demo.medace.org/vendor/lasserafn/php-initial-avatar-generator/src/InitialAvatar.php(739): file_exists()
#3 /www/wwwroot/demo.medace.org/vendor/lasserafn/php-initial-avatar-generator/src/InitialAvatar.php(644): LasseRafn\\InitialAvatarGenerator\\InitialAvatar->findFontFile()
#4 /www/wwwroot/demo.medace.org/vendor/lasserafn/php-initial-avatar-generator/src/InitialAvatar.php(401): LasseRafn\\InitialAvatarGenerator\\InitialAvatar->makeAvatar()
#5 /www/wwwroot/demo.medace.org/app/Http/Controllers/Web/DefaultAvatarController.php(39): LasseRafn\\InitialAvatarGenerator\\InitialAvatar->generate()
#6 /www/wwwroot/demo.medace.org/vendor/laravel/framework/src/Illuminate/Routing/Controller.php(54): App\\Http\\Controllers\\Web\\DefaultAvatarController->make()
#7 /www/wwwroot/demo.medace.org/vendor/laravel/framework/src/Illuminate/Routing/ControllerDispatcher.php(43): Illuminate\\Routing\\Controller->callAction()
#8 /www/wwwroot/demo.medace.org/vendor/laravel/framework/src/Illuminate/Routing/Route.php(260): Illuminate\\Routing\\ControllerDispatcher->dispatch()
#9 /www/wwwroot/demo.medace.org/vendor/laravel/framework/src/Illuminate/Routing/Route.php(205): Illuminate\\Routing\\Route->runController()
#10 /www/wwwroot/demo.medace.org/vendor/laravel/framework/src/Illuminate/Routing/Router.php(798): Illuminate\\Routing\\Route->run()
#11 /www/wwwroot/demo.medace.org/vendor/laravel/framework/src/Illuminate/Pipeline/Pipeline.php(141): Illuminate\\Routing\\Router->Illuminate\\Routing\\{closure}()
#12 /www/wwwroot/demo.medace.org/app/Http/Middleware/CheckRestriction.php(34): Illuminate\\Pipeline\\Pipeline->Illuminate\\Pipeline\\{closure}()
#13 /www/wwwroot/demo.medace.org/vendor/laravel/framework/src/Illuminate/Pipeline/Pipeline.php(180): App\\Http\\Middleware\\CheckRestriction->handle()
#14 /www/wwwroot/demo.medace.org/app/Http/Middleware/CheckMaintenance.php(37): Illuminate\\Pipeline\\Pipeline->Illuminate\\Pipeline\\{closure}()
#15 /www/wwwroot/demo.medace.org/vendor/laravel/framework/src/Illuminate/Pipeline/Pipeline.php(180): App\\Http\\Middleware\\CheckMaintenance->handle()
#16 /www/wwwroot/demo.medace.org/app/Http/Middleware/Share.php(90): Illuminate\\Pipeline\\Pipeline->Illuminate\\Pipeline\\{closure}()
#17 /www/wwwroot/demo.medace.org/vendor/laravel/framework/src/Illuminate/Pipeline/Pipeline.php(180): App\\Http\\Middleware\\Share->handle()
#18 /www/wwwroot/demo.medace.org/app/Http/Middleware/Impersonate.php(23): Illuminate\\Pipeline\\Pipeline->Illuminate\\Pipeline\\{closure}()
#19 /www/wwwroot/demo.medace.org/vendor/laravel/framework/src/Illuminate/Pipeline/Pipeline.php(180): App\\Http\\Middleware\\Impersonate->handle()
#20 /www/wwwroot/demo.medace.org/app/Http/Middleware/CheckMobileApp.php(25): Illuminate\\Pipeline\\Pipeline->Illuminate\\Pipeline\\{closure}()
#21 /www/wwwroot/demo.medace.org/vendor/laravel/framework/src/Illuminate/Pipeline/Pipeline.php(180): App\\Http\\Middleware\\CheckMobileApp->handle()
#22 /www/wwwroot/demo.medace.org/app/Http/Middleware/DebugBar.php(22): Illuminate\\Pipeline\\Pipeline->Illuminate\\Pipeline\\{closure}()
#23 /www/wwwroot/demo.medace.org/vendor/laravel/framework/src/Illuminate/Pipeline/Pipeline.php(180): App\\Http\\Middleware\\DebugBar->handle()
#24 /www/wwwroot/demo.medace.org/app/Http/Middleware/SessionValidity.php(36): Illuminate\\Pipeline\\Pipeline->Illuminate\\Pipeline\\{closure}()
#25 /www/wwwroot/demo.medace.org/vendor/laravel/framework/src/Illuminate/Pipeline/Pipeline.php(180): App\\Http\\Middleware\\SessionValidity->handle()
#26 /www/wwwroot/demo.medace.org/app/Http/Middleware/UserLocale.php(44): Illuminate\\Pipeline\\Pipeline->Illuminate\\Pipeline\\{closure}()
#27 /www/wwwroot/demo.medace.org/vendor/laravel/framework/src/Illuminate/Pipeline/Pipeline.php(180): App\\Http\\Middleware\\UserLocale->handle()
#28 /www/wwwroot/demo.medace.org/vendor/laravel/framework/src/Illuminate/Routing/Middleware/SubstituteBindings.php(50): Illuminate\\Pipeline\\Pipeline->Illuminate\\Pipeline\\{closure}()
#29 /www/wwwroot/demo.medace.org/vendor/laravel/framework/src/Illuminate/Pipeline/Pipeline.php(180): Illuminate\\Routing\\Middleware\\SubstituteBindings->handle()
#30 /www/wwwroot/demo.medace.org/vendor/laravel/framework/src/Illuminate/Foundation/Http/Middleware/VerifyCsrfToken.php(78): Illuminate\\Pipeline\\Pipeline->Illuminate\\Pipeline\\{closure}()
#31 /www/wwwroot/demo.medace.org/vendor/laravel/framework/src/Illuminate/Pipeline/Pipeline.php(180): Illuminate\\Foundation\\Http\\Middleware\\VerifyCsrfToken->handle()
#32 /www/wwwroot/demo.medace.org/vendor/laravel/framework/src/Illuminate/View/Middleware/ShareErrorsFromSession.php(49): Illuminate\\Pipeline\\Pipeline->Illuminate\\Pipeline\\{closure}()
#33 /www/wwwroot/demo.medace.org/vendor/laravel/framework/src/Illuminate/Pipeline/Pipeline.php(180): Illuminate\\View\\Middleware\\ShareErrorsFromSession->handle()
#34 /www/wwwroot/demo.medace.org/vendor/laravel/framework/src/Illuminate/Session/Middleware/StartSession.php(121): Illuminate\\Pipeline\\Pipeline->Illuminate\\Pipeline\\{closure}()
#35 /www/wwwroot/demo.medace.org/vendor/laravel/framework/src/Illuminate/Session/Middleware/StartSession.php(64): Illuminate\\Session\\Middleware\\StartSession->handleStatefulRequest()
#36 /www/wwwroot/demo.medace.org/vendor/laravel/framework/src/Illuminate/Pipeline/Pipeline.php(180): Illuminate\\Session\\Middleware\\StartSession->handle()
#37 /www/wwwroot/demo.medace.org/vendor/laravel/framework/src/Illuminate/Cookie/Middleware/AddQueuedCookiesToResponse.php(37): Illuminate\\Pipeline\\Pipeline->Illuminate\\Pipeline\\{closure}()
#38 /www/wwwroot/demo.medace.org/vendor/laravel/framework/src/Illuminate/Pipeline/Pipeline.php(180): Illuminate\\Cookie\\Middleware\\AddQueuedCookiesToResponse->handle()
#39 /www/wwwroot/demo.medace.org/vendor/laravel/framework/src/Illuminate/Cookie/Middleware/EncryptCookies.php(67): Illuminate\\Pipeline\\Pipeline->Illuminate\\Pipeline\\{closure}()
#40 /www/wwwroot/demo.medace.org/vendor/laravel/framework/src/Illuminate/Pipeline/Pipeline.php(180): Illuminate\\Cookie\\Middleware\\EncryptCookies->handle()
#41 /www/wwwroot/demo.medace.org/vendor/laravel/framework/src/Illuminate/Pipeline/Pipeline.php(116): Illuminate\\Pipeline\\Pipeline->Illuminate\\Pipeline\\{closure}()
#42 /www/wwwroot/demo.medace.org/vendor/laravel/framework/src/Illuminate/Routing/Router.php(799): Illuminate\\Pipeline\\Pipeline->then()
#43 /www/wwwroot/demo.medace.org/vendor/laravel/framework/src/Illuminate/Routing/Router.php(776): Illuminate\\Routing\\Router->runRouteWithinStack()
#44 /www/wwwroot/demo.medace.org/vendor/laravel/framework/src/Illuminate/Routing/Router.php(740): Illuminate\\Routing\\Router->runRoute()
#45 /www/wwwroot/demo.medace.org/vendor/laravel/framework/src/Illuminate/Routing/Router.php(729): Illuminate\\Routing\\Router->dispatchToRoute()
#46 /www/wwwroot/demo.medace.org/vendor/laravel/framework/src/Illuminate/Foundation/Http/Kernel.php(190): Illuminate\\Routing\\Router->dispatch()
#47 /www/wwwroot/demo.medace.org/vendor/laravel/framework/src/Illuminate/Pipeline/Pipeline.php(141): Illuminate\\Foundation\\Http\\Kernel->Illuminate\\Foundation\\Http\\{closure}()
#48 /www/wwwroot/demo.medace.org/vendor/barryvdh/laravel-debugbar/src/Middleware/InjectDebugbar.php(66): Illuminate\\Pipeline\\Pipeline->Illuminate\\Pipeline\\{closure}()
#49 /www/wwwroot/demo.medace.org/vendor/laravel/framework/src/Illuminate/Pipeline/Pipeline.php(180): Barryvdh\\Debugbar\\Middleware\\InjectDebugbar->handle()
#50 /www/wwwroot/demo.medace.org/vendor/laravel/framework/src/Illuminate/Foundation/Http/Middleware/TransformsRequest.php(21): Illuminate\\Pipeline\\Pipeline->Illuminate\\Pipeline\\{closure}()
#51 /www/wwwroot/demo.medace.org/vendor/laravel/framework/src/Illuminate/Foundation/Http/Middleware/ConvertEmptyStringsToNull.php(31): Illuminate\\Foundation\\Http\\Middleware\\TransformsRequest->handle()
#52 /www/wwwroot/demo.medace.org/vendor/laravel/framework/src/Illuminate/Pipeline/Pipeline.php(180): Illuminate\\Foundation\\Http\\Middleware\\ConvertEmptyStringsToNull->handle()
#53 /www/wwwroot/demo.medace.org/vendor/laravel/framework/src/Illuminate/Foundation/Http/Middleware/TransformsRequest.php(21): Illuminate\\Pipeline\\Pipeline->Illuminate\\Pipeline\\{closure}()
#54 /www/wwwroot/demo.medace.org/vendor/laravel/framework/src/Illuminate/Foundation/Http/Middleware/TrimStrings.php(40): Illuminate\\Foundation\\Http\\Middleware\\TransformsRequest->handle()
#55 /www/wwwroot/demo.medace.org/vendor/laravel/framework/src/Illuminate/Pipeline/Pipeline.php(180): Illuminate\\Foundation\\Http\\Middleware\\TrimStrings->handle()
#56 /www/wwwroot/demo.medace.org/vendor/laravel/framework/src/Illuminate/Foundation/Http/Middleware/ValidatePostSize.php(27): Illuminate\\Pipeline\\Pipeline->Illuminate\\Pipeline\\{closure}()
#57 /www/wwwroot/demo.medace.org/vendor/laravel/framework/src/Illuminate/Pipeline/Pipeline.php(180): Illuminate\\Foundation\\Http\\Middleware\\ValidatePostSize->handle()
#58 /www/wwwroot/demo.medace.org/vendor/laravel/framework/src/Illuminate/Foundation/Http/Middleware/PreventRequestsDuringMaintenance.php(86): Illuminate\\Pipeline\\Pipeline->Illuminate\\Pipeline\\{closure}()
#59 /www/wwwroot/demo.medace.org/vendor/laravel/framework/src/Illuminate/Pipeline/Pipeline.php(180): Illuminate\\Foundation\\Http\\Middleware\\PreventRequestsDuringMaintenance->handle()
#60 /www/wwwroot/demo.medace.org/vendor/fruitcake/laravel-cors/src/HandleCors.php(38): Illuminate\\Pipeline\\Pipeline->Illuminate\\Pipeline\\{closure}()
#61 /www/wwwroot/demo.medace.org/vendor/laravel/framework/src/Illuminate/Pipeline/Pipeline.php(180): Fruitcake\\Cors\\HandleCors->handle()
#62 /www/wwwroot/demo.medace.org/vendor/laravel/framework/src/Illuminate/Http/Middleware/TrustProxies.php(39): Illuminate\\Pipeline\\Pipeline->Illuminate\\Pipeline\\{closure}()
#63 /www/wwwroot/demo.medace.org/vendor/laravel/framework/src/Illuminate/Pipeline/Pipeline.php(180): Illuminate\\Http\\Middleware\\TrustProxies->handle()
#64 /www/wwwroot/demo.medace.org/vendor/laravel/framework/src/Illuminate/Pipeline/Pipeline.php(116): Illuminate\\Pipeline\\Pipeline->Illuminate\\Pipeline\\{closure}()
#65 /www/wwwroot/demo.medace.org/vendor/laravel/framework/src/Illuminate/Foundation/Http/Kernel.php(165): Illuminate\\Pipeline\\Pipeline->then()
#66 /www/wwwroot/demo.medace.org/vendor/laravel/framework/src/Illuminate/Foundation/Http/Kernel.php(134): Illuminate\\Foundation\\Http\\Kernel->sendRequestThroughRouter()
#67 /www/wwwroot/demo.medace.org/public/index.php(52): Illuminate\\Foundation\\Http\\Kernel->handle()
#68 {main}
"} 
[2025-04-15 22:00:20] production.ERROR: file_exists(): open_basedir restriction in effect. File(/fonts/OpenSans-Regular.ttf) is not within the allowed path(s): (/www/wwwroot/demo.medace.org/:/tmp/) {"userId":1049,"exception":"[object] (ErrorException(code: 0): file_exists(): open_basedir restriction in effect. File(/fonts/OpenSans-Regular.ttf) is not within the allowed path(s): (/www/wwwroot/demo.medace.org/:/tmp/) at /www/wwwroot/demo.medace.org/vendor/lasserafn/php-initial-avatar-generator/src/InitialAvatar.php:739)
[stacktrace]
#0 /www/wwwroot/demo.medace.org/vendor/laravel/framework/src/Illuminate/Foundation/Bootstrap/HandleExceptions.php(270): Illuminate\\Foundation\\Bootstrap\\HandleExceptions->handleError()
#1 [internal function]: Illuminate\\Foundation\\Bootstrap\\HandleExceptions->Illuminate\\Foundation\\Bootstrap\\{closure}()
#2 /www/wwwroot/demo.medace.org/vendor/lasserafn/php-initial-avatar-generator/src/InitialAvatar.php(739): file_exists()
#3 /www/wwwroot/demo.medace.org/vendor/lasserafn/php-initial-avatar-generator/src/InitialAvatar.php(644): LasseRafn\\InitialAvatarGenerator\\InitialAvatar->findFontFile()
#4 /www/wwwroot/demo.medace.org/vendor/lasserafn/php-initial-avatar-generator/src/InitialAvatar.php(401): LasseRafn\\InitialAvatarGenerator\\InitialAvatar->makeAvatar()
#5 /www/wwwroot/demo.medace.org/app/Http/Controllers/Web/DefaultAvatarController.php(39): LasseRafn\\InitialAvatarGenerator\\InitialAvatar->generate()
#6 /www/wwwroot/demo.medace.org/vendor/laravel/framework/src/Illuminate/Routing/Controller.php(54): App\\Http\\Controllers\\Web\\DefaultAvatarController->make()
#7 /www/wwwroot/demo.medace.org/vendor/laravel/framework/src/Illuminate/Routing/ControllerDispatcher.php(43): Illuminate\\Routing\\Controller->callAction()
#8 /www/wwwroot/demo.medace.org/vendor/laravel/framework/src/Illuminate/Routing/Route.php(260): Illuminate\\Routing\\ControllerDispatcher->dispatch()
#9 /www/wwwroot/demo.medace.org/vendor/laravel/framework/src/Illuminate/Routing/Route.php(205): Illuminate\\Routing\\Route->runController()
#10 /www/wwwroot/demo.medace.org/vendor/laravel/framework/src/Illuminate/Routing/Router.php(798): Illuminate\\Routing\\Route->run()
#11 /www/wwwroot/demo.medace.org/vendor/laravel/framework/src/Illuminate/Pipeline/Pipeline.php(141): Illuminate\\Routing\\Router->Illuminate\\Routing\\{closure}()
#12 /www/wwwroot/demo.medace.org/app/Http/Middleware/CheckRestriction.php(34): Illuminate\\Pipeline\\Pipeline->Illuminate\\Pipeline\\{closure}()
#13 /www/wwwroot/demo.medace.org/vendor/laravel/framework/src/Illuminate/Pipeline/Pipeline.php(180): App\\Http\\Middleware\\CheckRestriction->handle()
#14 /www/wwwroot/demo.medace.org/app/Http/Middleware/CheckMaintenance.php(37): Illuminate\\Pipeline\\Pipeline->Illuminate\\Pipeline\\{closure}()
#15 /www/wwwroot/demo.medace.org/vendor/laravel/framework/src/Illuminate/Pipeline/Pipeline.php(180): App\\Http\\Middleware\\CheckMaintenance->handle()
#16 /www/wwwroot/demo.medace.org/app/Http/Middleware/Share.php(90): Illuminate\\Pipeline\\Pipeline->Illuminate\\Pipeline\\{closure}()
#17 /www/wwwroot/demo.medace.org/vendor/laravel/framework/src/Illuminate/Pipeline/Pipeline.php(180): App\\Http\\Middleware\\Share->handle()
#18 /www/wwwroot/demo.medace.org/app/Http/Middleware/Impersonate.php(23): Illuminate\\Pipeline\\Pipeline->Illuminate\\Pipeline\\{closure}()
#19 /www/wwwroot/demo.medace.org/vendor/laravel/framework/src/Illuminate/Pipeline/Pipeline.php(180): App\\Http\\Middleware\\Impersonate->handle()
#20 /www/wwwroot/demo.medace.org/app/Http/Middleware/CheckMobileApp.php(25): Illuminate\\Pipeline\\Pipeline->Illuminate\\Pipeline\\{closure}()
#21 /www/wwwroot/demo.medace.org/vendor/laravel/framework/src/Illuminate/Pipeline/Pipeline.php(180): App\\Http\\Middleware\\CheckMobileApp->handle()
#22 /www/wwwroot/demo.medace.org/app/Http/Middleware/DebugBar.php(22): Illuminate\\Pipeline\\Pipeline->Illuminate\\Pipeline\\{closure}()
#23 /www/wwwroot/demo.medace.org/vendor/laravel/framework/src/Illuminate/Pipeline/Pipeline.php(180): App\\Http\\Middleware\\DebugBar->handle()
#24 /www/wwwroot/demo.medace.org/app/Http/Middleware/SessionValidity.php(36): Illuminate\\Pipeline\\Pipeline->Illuminate\\Pipeline\\{closure}()
#25 /www/wwwroot/demo.medace.org/vendor/laravel/framework/src/Illuminate/Pipeline/Pipeline.php(180): App\\Http\\Middleware\\SessionValidity->handle()
#26 /www/wwwroot/demo.medace.org/app/Http/Middleware/UserLocale.php(44): Illuminate\\Pipeline\\Pipeline->Illuminate\\Pipeline\\{closure}()
#27 /www/wwwroot/demo.medace.org/vendor/laravel/framework/src/Illuminate/Pipeline/Pipeline.php(180): App\\Http\\Middleware\\UserLocale->handle()
#28 /www/wwwroot/demo.medace.org/vendor/laravel/framework/src/Illuminate/Routing/Middleware/SubstituteBindings.php(50): Illuminate\\Pipeline\\Pipeline->Illuminate\\Pipeline\\{closure}()
#29 /www/wwwroot/demo.medace.org/vendor/laravel/framework/src/Illuminate/Pipeline/Pipeline.php(180): Illuminate\\Routing\\Middleware\\SubstituteBindings->handle()
#30 /www/wwwroot/demo.medace.org/vendor/laravel/framework/src/Illuminate/Foundation/Http/Middleware/VerifyCsrfToken.php(78): Illuminate\\Pipeline\\Pipeline->Illuminate\\Pipeline\\{closure}()
#31 /www/wwwroot/demo.medace.org/vendor/laravel/framework/src/Illuminate/Pipeline/Pipeline.php(180): Illuminate\\Foundation\\Http\\Middleware\\VerifyCsrfToken->handle()
#32 /www/wwwroot/demo.medace.org/vendor/laravel/framework/src/Illuminate/View/Middleware/ShareErrorsFromSession.php(49): Illuminate\\Pipeline\\Pipeline->Illuminate\\Pipeline\\{closure}()
#33 /www/wwwroot/demo.medace.org/vendor/laravel/framework/src/Illuminate/Pipeline/Pipeline.php(180): Illuminate\\View\\Middleware\\ShareErrorsFromSession->handle()
#34 /www/wwwroot/demo.medace.org/vendor/laravel/framework/src/Illuminate/Session/Middleware/StartSession.php(121): Illuminate\\Pipeline\\Pipeline->Illuminate\\Pipeline\\{closure}()
#35 /www/wwwroot/demo.medace.org/vendor/laravel/framework/src/Illuminate/Session/Middleware/StartSession.php(64): Illuminate\\Session\\Middleware\\StartSession->handleStatefulRequest()
#36 /www/wwwroot/demo.medace.org/vendor/laravel/framework/src/Illuminate/Pipeline/Pipeline.php(180): Illuminate\\Session\\Middleware\\StartSession->handle()
#37 /www/wwwroot/demo.medace.org/vendor/laravel/framework/src/Illuminate/Cookie/Middleware/AddQueuedCookiesToResponse.php(37): Illuminate\\Pipeline\\Pipeline->Illuminate\\Pipeline\\{closure}()
#38 /www/wwwroot/demo.medace.org/vendor/laravel/framework/src/Illuminate/Pipeline/Pipeline.php(180): Illuminate\\Cookie\\Middleware\\AddQueuedCookiesToResponse->handle()
#39 /www/wwwroot/demo.medace.org/vendor/laravel/framework/src/Illuminate/Cookie/Middleware/EncryptCookies.php(67): Illuminate\\Pipeline\\Pipeline->Illuminate\\Pipeline\\{closure}()
#40 /www/wwwroot/demo.medace.org/vendor/laravel/framework/src/Illuminate/Pipeline/Pipeline.php(180): Illuminate\\Cookie\\Middleware\\EncryptCookies->handle()
#41 /www/wwwroot/demo.medace.org/vendor/laravel/framework/src/Illuminate/Pipeline/Pipeline.php(116): Illuminate\\Pipeline\\Pipeline->Illuminate\\Pipeline\\{closure}()
#42 /www/wwwroot/demo.medace.org/vendor/laravel/framework/src/Illuminate/Routing/Router.php(799): Illuminate\\Pipeline\\Pipeline->then()
#43 /www/wwwroot/demo.medace.org/vendor/laravel/framework/src/Illuminate/Routing/Router.php(776): Illuminate\\Routing\\Router->runRouteWithinStack()
#44 /www/wwwroot/demo.medace.org/vendor/laravel/framework/src/Illuminate/Routing/Router.php(740): Illuminate\\Routing\\Router->runRoute()
#45 /www/wwwroot/demo.medace.org/vendor/laravel/framework/src/Illuminate/Routing/Router.php(729): Illuminate\\Routing\\Router->dispatchToRoute()
#46 /www/wwwroot/demo.medace.org/vendor/laravel/framework/src/Illuminate/Foundation/Http/Kernel.php(190): Illuminate\\Routing\\Router->dispatch()
#47 /www/wwwroot/demo.medace.org/vendor/laravel/framework/src/Illuminate/Pipeline/Pipeline.php(141): Illuminate\\Foundation\\Http\\Kernel->Illuminate\\Foundation\\Http\\{closure}()
#48 /www/wwwroot/demo.medace.org/vendor/barryvdh/laravel-debugbar/src/Middleware/InjectDebugbar.php(66): Illuminate\\Pipeline\\Pipeline->Illuminate\\Pipeline\\{closure}()
#49 /www/wwwroot/demo.medace.org/vendor/laravel/framework/src/Illuminate/Pipeline/Pipeline.php(180): Barryvdh\\Debugbar\\Middleware\\InjectDebugbar->handle()
#50 /www/wwwroot/demo.medace.org/vendor/laravel/framework/src/Illuminate/Foundation/Http/Middleware/TransformsRequest.php(21): Illuminate\\Pipeline\\Pipeline->Illuminate\\Pipeline\\{closure}()
#51 /www/wwwroot/demo.medace.org/vendor/laravel/framework/src/Illuminate/Foundation/Http/Middleware/ConvertEmptyStringsToNull.php(31): Illuminate\\Foundation\\Http\\Middleware\\TransformsRequest->handle()
#52 /www/wwwroot/demo.medace.org/vendor/laravel/framework/src/Illuminate/Pipeline/Pipeline.php(180): Illuminate\\Foundation\\Http\\Middleware\\ConvertEmptyStringsToNull->handle()
#53 /www/wwwroot/demo.medace.org/vendor/laravel/framework/src/Illuminate/Foundation/Http/Middleware/TransformsRequest.php(21): Illuminate\\Pipeline\\Pipeline->Illuminate\\Pipeline\\{closure}()
#54 /www/wwwroot/demo.medace.org/vendor/laravel/framework/src/Illuminate/Foundation/Http/Middleware/TrimStrings.php(40): Illuminate\\Foundation\\Http\\Middleware\\TransformsRequest->handle()
#55 /www/wwwroot/demo.medace.org/vendor/laravel/framework/src/Illuminate/Pipeline/Pipeline.php(180): Illuminate\\Foundation\\Http\\Middleware\\TrimStrings->handle()
#56 /www/wwwroot/demo.medace.org/vendor/laravel/framework/src/Illuminate/Foundation/Http/Middleware/ValidatePostSize.php(27): Illuminate\\Pipeline\\Pipeline->Illuminate\\Pipeline\\{closure}()
#57 /www/wwwroot/demo.medace.org/vendor/laravel/framework/src/Illuminate/Pipeline/Pipeline.php(180): Illuminate\\Foundation\\Http\\Middleware\\ValidatePostSize->handle()
#58 /www/wwwroot/demo.medace.org/vendor/laravel/framework/src/Illuminate/Foundation/Http/Middleware/PreventRequestsDuringMaintenance.php(86): Illuminate\\Pipeline\\Pipeline->Illuminate\\Pipeline\\{closure}()
#59 /www/wwwroot/demo.medace.org/vendor/laravel/framework/src/Illuminate/Pipeline/Pipeline.php(180): Illuminate\\Foundation\\Http\\Middleware\\PreventRequestsDuringMaintenance->handle()
#60 /www/wwwroot/demo.medace.org/vendor/fruitcake/laravel-cors/src/HandleCors.php(38): Illuminate\\Pipeline\\Pipeline->Illuminate\\Pipeline\\{closure}()
#61 /www/wwwroot/demo.medace.org/vendor/laravel/framework/src/Illuminate/Pipeline/Pipeline.php(180): Fruitcake\\Cors\\HandleCors->handle()
#62 /www/wwwroot/demo.medace.org/vendor/laravel/framework/src/Illuminate/Http/Middleware/TrustProxies.php(39): Illuminate\\Pipeline\\Pipeline->Illuminate\\Pipeline\\{closure}()
#63 /www/wwwroot/demo.medace.org/vendor/laravel/framework/src/Illuminate/Pipeline/Pipeline.php(180): Illuminate\\Http\\Middleware\\TrustProxies->handle()
#64 /www/wwwroot/demo.medace.org/vendor/laravel/framework/src/Illuminate/Pipeline/Pipeline.php(116): Illuminate\\Pipeline\\Pipeline->Illuminate\\Pipeline\\{closure}()
#65 /www/wwwroot/demo.medace.org/vendor/laravel/framework/src/Illuminate/Foundation/Http/Kernel.php(165): Illuminate\\Pipeline\\Pipeline->then()
#66 /www/wwwroot/demo.medace.org/vendor/laravel/framework/src/Illuminate/Foundation/Http/Kernel.php(134): Illuminate\\Foundation\\Http\\Kernel->sendRequestThroughRouter()
#67 /www/wwwroot/demo.medace.org/public/index.php(52): Illuminate\\Foundation\\Http\\Kernel->handle()
#68 {main}
"} 
[2025-04-15 22:00:21] production.ERROR: file_exists(): open_basedir restriction in effect. File(/fonts/OpenSans-Regular.ttf) is not within the allowed path(s): (/www/wwwroot/demo.medace.org/:/tmp/) {"userId":1049,"exception":"[object] (ErrorException(code: 0): file_exists(): open_basedir restriction in effect. File(/fonts/OpenSans-Regular.ttf) is not within the allowed path(s): (/www/wwwroot/demo.medace.org/:/tmp/) at /www/wwwroot/demo.medace.org/vendor/lasserafn/php-initial-avatar-generator/src/InitialAvatar.php:739)
[stacktrace]
#0 /www/wwwroot/demo.medace.org/vendor/laravel/framework/src/Illuminate/Foundation/Bootstrap/HandleExceptions.php(270): Illuminate\\Foundation\\Bootstrap\\HandleExceptions->handleError()
#1 [internal function]: Illuminate\\Foundation\\Bootstrap\\HandleExceptions->Illuminate\\Foundation\\Bootstrap\\{closure}()
#2 /www/wwwroot/demo.medace.org/vendor/lasserafn/php-initial-avatar-generator/src/InitialAvatar.php(739): file_exists()
#3 /www/wwwroot/demo.medace.org/vendor/lasserafn/php-initial-avatar-generator/src/InitialAvatar.php(644): LasseRafn\\InitialAvatarGenerator\\InitialAvatar->findFontFile()
#4 /www/wwwroot/demo.medace.org/vendor/lasserafn/php-initial-avatar-generator/src/InitialAvatar.php(401): LasseRafn\\InitialAvatarGenerator\\InitialAvatar->makeAvatar()
#5 /www/wwwroot/demo.medace.org/app/Http/Controllers/Web/DefaultAvatarController.php(39): LasseRafn\\InitialAvatarGenerator\\InitialAvatar->generate()
#6 /www/wwwroot/demo.medace.org/vendor/laravel/framework/src/Illuminate/Routing/Controller.php(54): App\\Http\\Controllers\\Web\\DefaultAvatarController->make()
#7 /www/wwwroot/demo.medace.org/vendor/laravel/framework/src/Illuminate/Routing/ControllerDispatcher.php(43): Illuminate\\Routing\\Controller->callAction()
#8 /www/wwwroot/demo.medace.org/vendor/laravel/framework/src/Illuminate/Routing/Route.php(260): Illuminate\\Routing\\ControllerDispatcher->dispatch()
#9 /www/wwwroot/demo.medace.org/vendor/laravel/framework/src/Illuminate/Routing/Route.php(205): Illuminate\\Routing\\Route->runController()
#10 /www/wwwroot/demo.medace.org/vendor/laravel/framework/src/Illuminate/Routing/Router.php(798): Illuminate\\Routing\\Route->run()
#11 /www/wwwroot/demo.medace.org/vendor/laravel/framework/src/Illuminate/Pipeline/Pipeline.php(141): Illuminate\\Routing\\Router->Illuminate\\Routing\\{closure}()
#12 /www/wwwroot/demo.medace.org/app/Http/Middleware/CheckRestriction.php(34): Illuminate\\Pipeline\\Pipeline->Illuminate\\Pipeline\\{closure}()
#13 /www/wwwroot/demo.medace.org/vendor/laravel/framework/src/Illuminate/Pipeline/Pipeline.php(180): App\\Http\\Middleware\\CheckRestriction->handle()
#14 /www/wwwroot/demo.medace.org/app/Http/Middleware/CheckMaintenance.php(37): Illuminate\\Pipeline\\Pipeline->Illuminate\\Pipeline\\{closure}()
#15 /www/wwwroot/demo.medace.org/vendor/laravel/framework/src/Illuminate/Pipeline/Pipeline.php(180): App\\Http\\Middleware\\CheckMaintenance->handle()
#16 /www/wwwroot/demo.medace.org/app/Http/Middleware/Share.php(90): Illuminate\\Pipeline\\Pipeline->Illuminate\\Pipeline\\{closure}()
#17 /www/wwwroot/demo.medace.org/vendor/laravel/framework/src/Illuminate/Pipeline/Pipeline.php(180): App\\Http\\Middleware\\Share->handle()
#18 /www/wwwroot/demo.medace.org/app/Http/Middleware/Impersonate.php(23): Illuminate\\Pipeline\\Pipeline->Illuminate\\Pipeline\\{closure}()
#19 /www/wwwroot/demo.medace.org/vendor/laravel/framework/src/Illuminate/Pipeline/Pipeline.php(180): App\\Http\\Middleware\\Impersonate->handle()
#20 /www/wwwroot/demo.medace.org/app/Http/Middleware/CheckMobileApp.php(25): Illuminate\\Pipeline\\Pipeline->Illuminate\\Pipeline\\{closure}()
#21 /www/wwwroot/demo.medace.org/vendor/laravel/framework/src/Illuminate/Pipeline/Pipeline.php(180): App\\Http\\Middleware\\CheckMobileApp->handle()
#22 /www/wwwroot/demo.medace.org/app/Http/Middleware/DebugBar.php(22): Illuminate\\Pipeline\\Pipeline->Illuminate\\Pipeline\\{closure}()
#23 /www/wwwroot/demo.medace.org/vendor/laravel/framework/src/Illuminate/Pipeline/Pipeline.php(180): App\\Http\\Middleware\\DebugBar->handle()
#24 /www/wwwroot/demo.medace.org/app/Http/Middleware/SessionValidity.php(36): Illuminate\\Pipeline\\Pipeline->Illuminate\\Pipeline\\{closure}()
#25 /www/wwwroot/demo.medace.org/vendor/laravel/framework/src/Illuminate/Pipeline/Pipeline.php(180): App\\Http\\Middleware\\SessionValidity->handle()
#26 /www/wwwroot/demo.medace.org/app/Http/Middleware/UserLocale.php(44): Illuminate\\Pipeline\\Pipeline->Illuminate\\Pipeline\\{closure}()
#27 /www/wwwroot/demo.medace.org/vendor/laravel/framework/src/Illuminate/Pipeline/Pipeline.php(180): App\\Http\\Middleware\\UserLocale->handle()
#28 /www/wwwroot/demo.medace.org/vendor/laravel/framework/src/Illuminate/Routing/Middleware/SubstituteBindings.php(50): Illuminate\\Pipeline\\Pipeline->Illuminate\\Pipeline\\{closure}()
#29 /www/wwwroot/demo.medace.org/vendor/laravel/framework/src/Illuminate/Pipeline/Pipeline.php(180): Illuminate\\Routing\\Middleware\\SubstituteBindings->handle()
#30 /www/wwwroot/demo.medace.org/vendor/laravel/framework/src/Illuminate/Foundation/Http/Middleware/VerifyCsrfToken.php(78): Illuminate\\Pipeline\\Pipeline->Illuminate\\Pipeline\\{closure}()
#31 /www/wwwroot/demo.medace.org/vendor/laravel/framework/src/Illuminate/Pipeline/Pipeline.php(180): Illuminate\\Foundation\\Http\\Middleware\\VerifyCsrfToken->handle()
#32 /www/wwwroot/demo.medace.org/vendor/laravel/framework/src/Illuminate/View/Middleware/ShareErrorsFromSession.php(49): Illuminate\\Pipeline\\Pipeline->Illuminate\\Pipeline\\{closure}()
#33 /www/wwwroot/demo.medace.org/vendor/laravel/framework/src/Illuminate/Pipeline/Pipeline.php(180): Illuminate\\View\\Middleware\\ShareErrorsFromSession->handle()
#34 /www/wwwroot/demo.medace.org/vendor/laravel/framework/src/Illuminate/Session/Middleware/StartSession.php(121): Illuminate\\Pipeline\\Pipeline->Illuminate\\Pipeline\\{closure}()
#35 /www/wwwroot/demo.medace.org/vendor/laravel/framework/src/Illuminate/Session/Middleware/StartSession.php(64): Illuminate\\Session\\Middleware\\StartSession->handleStatefulRequest()
#36 /www/wwwroot/demo.medace.org/vendor/laravel/framework/src/Illuminate/Pipeline/Pipeline.php(180): Illuminate\\Session\\Middleware\\StartSession->handle()
#37 /www/wwwroot/demo.medace.org/vendor/laravel/framework/src/Illuminate/Cookie/Middleware/AddQueuedCookiesToResponse.php(37): Illuminate\\Pipeline\\Pipeline->Illuminate\\Pipeline\\{closure}()
#38 /www/wwwroot/demo.medace.org/vendor/laravel/framework/src/Illuminate/Pipeline/Pipeline.php(180): Illuminate\\Cookie\\Middleware\\AddQueuedCookiesToResponse->handle()
#39 /www/wwwroot/demo.medace.org/vendor/laravel/framework/src/Illuminate/Cookie/Middleware/EncryptCookies.php(67): Illuminate\\Pipeline\\Pipeline->Illuminate\\Pipeline\\{closure}()
#40 /www/wwwroot/demo.medace.org/vendor/laravel/framework/src/Illuminate/Pipeline/Pipeline.php(180): Illuminate\\Cookie\\Middleware\\EncryptCookies->handle()
#41 /www/wwwroot/demo.medace.org/vendor/laravel/framework/src/Illuminate/Pipeline/Pipeline.php(116): Illuminate\\Pipeline\\Pipeline->Illuminate\\Pipeline\\{closure}()
#42 /www/wwwroot/demo.medace.org/vendor/laravel/framework/src/Illuminate/Routing/Router.php(799): Illuminate\\Pipeline\\Pipeline->then()
#43 /www/wwwroot/demo.medace.org/vendor/laravel/framework/src/Illuminate/Routing/Router.php(776): Illuminate\\Routing\\Router->runRouteWithinStack()
#44 /www/wwwroot/demo.medace.org/vendor/laravel/framework/src/Illuminate/Routing/Router.php(740): Illuminate\\Routing\\Router->runRoute()
#45 /www/wwwroot/demo.medace.org/vendor/laravel/framework/src/Illuminate/Routing/Router.php(729): Illuminate\\Routing\\Router->dispatchToRoute()
#46 /www/wwwroot/demo.medace.org/vendor/laravel/framework/src/Illuminate/Foundation/Http/Kernel.php(190): Illuminate\\Routing\\Router->dispatch()
#47 /www/wwwroot/demo.medace.org/vendor/laravel/framework/src/Illuminate/Pipeline/Pipeline.php(141): Illuminate\\Foundation\\Http\\Kernel->Illuminate\\Foundation\\Http\\{closure}()
#48 /www/wwwroot/demo.medace.org/vendor/barryvdh/laravel-debugbar/src/Middleware/InjectDebugbar.php(66): Illuminate\\Pipeline\\Pipeline->Illuminate\\Pipeline\\{closure}()
#49 /www/wwwroot/demo.medace.org/vendor/laravel/framework/src/Illuminate/Pipeline/Pipeline.php(180): Barryvdh\\Debugbar\\Middleware\\InjectDebugbar->handle()
#50 /www/wwwroot/demo.medace.org/vendor/laravel/framework/src/Illuminate/Foundation/Http/Middleware/TransformsRequest.php(21): Illuminate\\Pipeline\\Pipeline->Illuminate\\Pipeline\\{closure}()
#51 /www/wwwroot/demo.medace.org/vendor/laravel/framework/src/Illuminate/Foundation/Http/Middleware/ConvertEmptyStringsToNull.php(31): Illuminate\\Foundation\\Http\\Middleware\\TransformsRequest->handle()
#52 /www/wwwroot/demo.medace.org/vendor/laravel/framework/src/Illuminate/Pipeline/Pipeline.php(180): Illuminate\\Foundation\\Http\\Middleware\\ConvertEmptyStringsToNull->handle()
#53 /www/wwwroot/demo.medace.org/vendor/laravel/framework/src/Illuminate/Foundation/Http/Middleware/TransformsRequest.php(21): Illuminate\\Pipeline\\Pipeline->Illuminate\\Pipeline\\{closure}()
#54 /www/wwwroot/demo.medace.org/vendor/laravel/framework/src/Illuminate/Foundation/Http/Middleware/TrimStrings.php(40): Illuminate\\Foundation\\Http\\Middleware\\TransformsRequest->handle()
#55 /www/wwwroot/demo.medace.org/vendor/laravel/framework/src/Illuminate/Pipeline/Pipeline.php(180): Illuminate\\Foundation\\Http\\Middleware\\TrimStrings->handle()
#56 /www/wwwroot/demo.medace.org/vendor/laravel/framework/src/Illuminate/Foundation/Http/Middleware/ValidatePostSize.php(27): Illuminate\\Pipeline\\Pipeline->Illuminate\\Pipeline\\{closure}()
#57 /www/wwwroot/demo.medace.org/vendor/laravel/framework/src/Illuminate/Pipeline/Pipeline.php(180): Illuminate\\Foundation\\Http\\Middleware\\ValidatePostSize->handle()
#58 /www/wwwroot/demo.medace.org/vendor/laravel/framework/src/Illuminate/Foundation/Http/Middleware/PreventRequestsDuringMaintenance.php(86): Illuminate\\Pipeline\\Pipeline->Illuminate\\Pipeline\\{closure}()
#59 /www/wwwroot/demo.medace.org/vendor/laravel/framework/src/Illuminate/Pipeline/Pipeline.php(180): Illuminate\\Foundation\\Http\\Middleware\\PreventRequestsDuringMaintenance->handle()
#60 /www/wwwroot/demo.medace.org/vendor/fruitcake/laravel-cors/src/HandleCors.php(38): Illuminate\\Pipeline\\Pipeline->Illuminate\\Pipeline\\{closure}()
#61 /www/wwwroot/demo.medace.org/vendor/laravel/framework/src/Illuminate/Pipeline/Pipeline.php(180): Fruitcake\\Cors\\HandleCors->handle()
#62 /www/wwwroot/demo.medace.org/vendor/laravel/framework/src/Illuminate/Http/Middleware/TrustProxies.php(39): Illuminate\\Pipeline\\Pipeline->Illuminate\\Pipeline\\{closure}()
#63 /www/wwwroot/demo.medace.org/vendor/laravel/framework/src/Illuminate/Pipeline/Pipeline.php(180): Illuminate\\Http\\Middleware\\TrustProxies->handle()
#64 /www/wwwroot/demo.medace.org/vendor/laravel/framework/src/Illuminate/Pipeline/Pipeline.php(116): Illuminate\\Pipeline\\Pipeline->Illuminate\\Pipeline\\{closure}()
#65 /www/wwwroot/demo.medace.org/vendor/laravel/framework/src/Illuminate/Foundation/Http/Kernel.php(165): Illuminate\\Pipeline\\Pipeline->then()
#66 /www/wwwroot/demo.medace.org/vendor/laravel/framework/src/Illuminate/Foundation/Http/Kernel.php(134): Illuminate\\Foundation\\Http\\Kernel->sendRequestThroughRouter()
#67 /www/wwwroot/demo.medace.org/public/index.php(52): Illuminate\\Foundation\\Http\\Kernel->handle()
#68 {main}
"} 
[2025-04-15 22:00:21] production.ERROR: file_exists(): open_basedir restriction in effect. File(/fonts/OpenSans-Regular.ttf) is not within the allowed path(s): (/www/wwwroot/demo.medace.org/:/tmp/) {"userId":1049,"exception":"[object] (ErrorException(code: 0): file_exists(): open_basedir restriction in effect. File(/fonts/OpenSans-Regular.ttf) is not within the allowed path(s): (/www/wwwroot/demo.medace.org/:/tmp/) at /www/wwwroot/demo.medace.org/vendor/lasserafn/php-initial-avatar-generator/src/InitialAvatar.php:739)
[stacktrace]
#0 /www/wwwroot/demo.medace.org/vendor/laravel/framework/src/Illuminate/Foundation/Bootstrap/HandleExceptions.php(270): Illuminate\\Foundation\\Bootstrap\\HandleExceptions->handleError()
#1 [internal function]: Illuminate\\Foundation\\Bootstrap\\HandleExceptions->Illuminate\\Foundation\\Bootstrap\\{closure}()
#2 /www/wwwroot/demo.medace.org/vendor/lasserafn/php-initial-avatar-generator/src/InitialAvatar.php(739): file_exists()
#3 /www/wwwroot/demo.medace.org/vendor/lasserafn/php-initial-avatar-generator/src/InitialAvatar.php(644): LasseRafn\\InitialAvatarGenerator\\InitialAvatar->findFontFile()
#4 /www/wwwroot/demo.medace.org/vendor/lasserafn/php-initial-avatar-generator/src/InitialAvatar.php(401): LasseRafn\\InitialAvatarGenerator\\InitialAvatar->makeAvatar()
#5 /www/wwwroot/demo.medace.org/app/Http/Controllers/Web/DefaultAvatarController.php(39): LasseRafn\\InitialAvatarGenerator\\InitialAvatar->generate()
#6 /www/wwwroot/demo.medace.org/vendor/laravel/framework/src/Illuminate/Routing/Controller.php(54): App\\Http\\Controllers\\Web\\DefaultAvatarController->make()
#7 /www/wwwroot/demo.medace.org/vendor/laravel/framework/src/Illuminate/Routing/ControllerDispatcher.php(43): Illuminate\\Routing\\Controller->callAction()
#8 /www/wwwroot/demo.medace.org/vendor/laravel/framework/src/Illuminate/Routing/Route.php(260): Illuminate\\Routing\\ControllerDispatcher->dispatch()
#9 /www/wwwroot/demo.medace.org/vendor/laravel/framework/src/Illuminate/Routing/Route.php(205): Illuminate\\Routing\\Route->runController()
#10 /www/wwwroot/demo.medace.org/vendor/laravel/framework/src/Illuminate/Routing/Router.php(798): Illuminate\\Routing\\Route->run()
#11 /www/wwwroot/demo.medace.org/vendor/laravel/framework/src/Illuminate/Pipeline/Pipeline.php(141): Illuminate\\Routing\\Router->Illuminate\\Routing\\{closure}()
#12 /www/wwwroot/demo.medace.org/app/Http/Middleware/CheckRestriction.php(34): Illuminate\\Pipeline\\Pipeline->Illuminate\\Pipeline\\{closure}()
#13 /www/wwwroot/demo.medace.org/vendor/laravel/framework/src/Illuminate/Pipeline/Pipeline.php(180): App\\Http\\Middleware\\CheckRestriction->handle()
#14 /www/wwwroot/demo.medace.org/app/Http/Middleware/CheckMaintenance.php(37): Illuminate\\Pipeline\\Pipeline->Illuminate\\Pipeline\\{closure}()
#15 /www/wwwroot/demo.medace.org/vendor/laravel/framework/src/Illuminate/Pipeline/Pipeline.php(180): App\\Http\\Middleware\\CheckMaintenance->handle()
#16 /www/wwwroot/demo.medace.org/app/Http/Middleware/Share.php(90): Illuminate\\Pipeline\\Pipeline->Illuminate\\Pipeline\\{closure}()
#17 /www/wwwroot/demo.medace.org/vendor/laravel/framework/src/Illuminate/Pipeline/Pipeline.php(180): App\\Http\\Middleware\\Share->handle()
#18 /www/wwwroot/demo.medace.org/app/Http/Middleware/Impersonate.php(23): Illuminate\\Pipeline\\Pipeline->Illuminate\\Pipeline\\{closure}()
#19 /www/wwwroot/demo.medace.org/vendor/laravel/framework/src/Illuminate/Pipeline/Pipeline.php(180): App\\Http\\Middleware\\Impersonate->handle()
#20 /www/wwwroot/demo.medace.org/app/Http/Middleware/CheckMobileApp.php(25): Illuminate\\Pipeline\\Pipeline->Illuminate\\Pipeline\\{closure}()
#21 /www/wwwroot/demo.medace.org/vendor/laravel/framework/src/Illuminate/Pipeline/Pipeline.php(180): App\\Http\\Middleware\\CheckMobileApp->handle()
#22 /www/wwwroot/demo.medace.org/app/Http/Middleware/DebugBar.php(22): Illuminate\\Pipeline\\Pipeline->Illuminate\\Pipeline\\{closure}()
#23 /www/wwwroot/demo.medace.org/vendor/laravel/framework/src/Illuminate/Pipeline/Pipeline.php(180): App\\Http\\Middleware\\DebugBar->handle()
#24 /www/wwwroot/demo.medace.org/app/Http/Middleware/SessionValidity.php(36): Illuminate\\Pipeline\\Pipeline->Illuminate\\Pipeline\\{closure}()
#25 /www/wwwroot/demo.medace.org/vendor/laravel/framework/src/Illuminate/Pipeline/Pipeline.php(180): App\\Http\\Middleware\\SessionValidity->handle()
#26 /www/wwwroot/demo.medace.org/app/Http/Middleware/UserLocale.php(44): Illuminate\\Pipeline\\Pipeline->Illuminate\\Pipeline\\{closure}()
#27 /www/wwwroot/demo.medace.org/vendor/laravel/framework/src/Illuminate/Pipeline/Pipeline.php(180): App\\Http\\Middleware\\UserLocale->handle()
#28 /www/wwwroot/demo.medace.org/vendor/laravel/framework/src/Illuminate/Routing/Middleware/SubstituteBindings.php(50): Illuminate\\Pipeline\\Pipeline->Illuminate\\Pipeline\\{closure}()
#29 /www/wwwroot/demo.medace.org/vendor/laravel/framework/src/Illuminate/Pipeline/Pipeline.php(180): Illuminate\\Routing\\Middleware\\SubstituteBindings->handle()
#30 /www/wwwroot/demo.medace.org/vendor/laravel/framework/src/Illuminate/Foundation/Http/Middleware/VerifyCsrfToken.php(78): Illuminate\\Pipeline\\Pipeline->Illuminate\\Pipeline\\{closure}()
#31 /www/wwwroot/demo.medace.org/vendor/laravel/framework/src/Illuminate/Pipeline/Pipeline.php(180): Illuminate\\Foundation\\Http\\Middleware\\VerifyCsrfToken->handle()
#32 /www/wwwroot/demo.medace.org/vendor/laravel/framework/src/Illuminate/View/Middleware/ShareErrorsFromSession.php(49): Illuminate\\Pipeline\\Pipeline->Illuminate\\Pipeline\\{closure}()
#33 /www/wwwroot/demo.medace.org/vendor/laravel/framework/src/Illuminate/Pipeline/Pipeline.php(180): Illuminate\\View\\Middleware\\ShareErrorsFromSession->handle()
#34 /www/wwwroot/demo.medace.org/vendor/laravel/framework/src/Illuminate/Session/Middleware/StartSession.php(121): Illuminate\\Pipeline\\Pipeline->Illuminate\\Pipeline\\{closure}()
#35 /www/wwwroot/demo.medace.org/vendor/laravel/framework/src/Illuminate/Session/Middleware/StartSession.php(64): Illuminate\\Session\\Middleware\\StartSession->handleStatefulRequest()
#36 /www/wwwroot/demo.medace.org/vendor/laravel/framework/src/Illuminate/Pipeline/Pipeline.php(180): Illuminate\\Session\\Middleware\\StartSession->handle()
#37 /www/wwwroot/demo.medace.org/vendor/laravel/framework/src/Illuminate/Cookie/Middleware/AddQueuedCookiesToResponse.php(37): Illuminate\\Pipeline\\Pipeline->Illuminate\\Pipeline\\{closure}()
#38 /www/wwwroot/demo.medace.org/vendor/laravel/framework/src/Illuminate/Pipeline/Pipeline.php(180): Illuminate\\Cookie\\Middleware\\AddQueuedCookiesToResponse->handle()
#39 /www/wwwroot/demo.medace.org/vendor/laravel/framework/src/Illuminate/Cookie/Middleware/EncryptCookies.php(67): Illuminate\\Pipeline\\Pipeline->Illuminate\\Pipeline\\{closure}()
#40 /www/wwwroot/demo.medace.org/vendor/laravel/framework/src/Illuminate/Pipeline/Pipeline.php(180): Illuminate\\Cookie\\Middleware\\EncryptCookies->handle()
#41 /www/wwwroot/demo.medace.org/vendor/laravel/framework/src/Illuminate/Pipeline/Pipeline.php(116): Illuminate\\Pipeline\\Pipeline->Illuminate\\Pipeline\\{closure}()
#42 /www/wwwroot/demo.medace.org/vendor/laravel/framework/src/Illuminate/Routing/Router.php(799): Illuminate\\Pipeline\\Pipeline->then()
#43 /www/wwwroot/demo.medace.org/vendor/laravel/framework/src/Illuminate/Routing/Router.php(776): Illuminate\\Routing\\Router->runRouteWithinStack()
#44 /www/wwwroot/demo.medace.org/vendor/laravel/framework/src/Illuminate/Routing/Router.php(740): Illuminate\\Routing\\Router->runRoute()
#45 /www/wwwroot/demo.medace.org/vendor/laravel/framework/src/Illuminate/Routing/Router.php(729): Illuminate\\Routing\\Router->dispatchToRoute()
#46 /www/wwwroot/demo.medace.org/vendor/laravel/framework/src/Illuminate/Foundation/Http/Kernel.php(190): Illuminate\\Routing\\Router->dispatch()
#47 /www/wwwroot/demo.medace.org/vendor/laravel/framework/src/Illuminate/Pipeline/Pipeline.php(141): Illuminate\\Foundation\\Http\\Kernel->Illuminate\\Foundation\\Http\\{closure}()
#48 /www/wwwroot/demo.medace.org/vendor/barryvdh/laravel-debugbar/src/Middleware/InjectDebugbar.php(66): Illuminate\\Pipeline\\Pipeline->Illuminate\\Pipeline\\{closure}()
#49 /www/wwwroot/demo.medace.org/vendor/laravel/framework/src/Illuminate/Pipeline/Pipeline.php(180): Barryvdh\\Debugbar\\Middleware\\InjectDebugbar->handle()
#50 /www/wwwroot/demo.medace.org/vendor/laravel/framework/src/Illuminate/Foundation/Http/Middleware/TransformsRequest.php(21): Illuminate\\Pipeline\\Pipeline->Illuminate\\Pipeline\\{closure}()
#51 /www/wwwroot/demo.medace.org/vendor/laravel/framework/src/Illuminate/Foundation/Http/Middleware/ConvertEmptyStringsToNull.php(31): Illuminate\\Foundation\\Http\\Middleware\\TransformsRequest->handle()
#52 /www/wwwroot/demo.medace.org/vendor/laravel/framework/src/Illuminate/Pipeline/Pipeline.php(180): Illuminate\\Foundation\\Http\\Middleware\\ConvertEmptyStringsToNull->handle()
#53 /www/wwwroot/demo.medace.org/vendor/laravel/framework/src/Illuminate/Foundation/Http/Middleware/TransformsRequest.php(21): Illuminate\\Pipeline\\Pipeline->Illuminate\\Pipeline\\{closure}()
#54 /www/wwwroot/demo.medace.org/vendor/laravel/framework/src/Illuminate/Foundation/Http/Middleware/TrimStrings.php(40): Illuminate\\Foundation\\Http\\Middleware\\TransformsRequest->handle()
#55 /www/wwwroot/demo.medace.org/vendor/laravel/framework/src/Illuminate/Pipeline/Pipeline.php(180): Illuminate\\Foundation\\Http\\Middleware\\TrimStrings->handle()
#56 /www/wwwroot/demo.medace.org/vendor/laravel/framework/src/Illuminate/Foundation/Http/Middleware/ValidatePostSize.php(27): Illuminate\\Pipeline\\Pipeline->Illuminate\\Pipeline\\{closure}()
#57 /www/wwwroot/demo.medace.org/vendor/laravel/framework/src/Illuminate/Pipeline/Pipeline.php(180): Illuminate\\Foundation\\Http\\Middleware\\ValidatePostSize->handle()
#58 /www/wwwroot/demo.medace.org/vendor/laravel/framework/src/Illuminate/Foundation/Http/Middleware/PreventRequestsDuringMaintenance.php(86): Illuminate\\Pipeline\\Pipeline->Illuminate\\Pipeline\\{closure}()
#59 /www/wwwroot/demo.medace.org/vendor/laravel/framework/src/Illuminate/Pipeline/Pipeline.php(180): Illuminate\\Foundation\\Http\\Middleware\\PreventRequestsDuringMaintenance->handle()
#60 /www/wwwroot/demo.medace.org/vendor/fruitcake/laravel-cors/src/HandleCors.php(38): Illuminate\\Pipeline\\Pipeline->Illuminate\\Pipeline\\{closure}()
#61 /www/wwwroot/demo.medace.org/vendor/laravel/framework/src/Illuminate/Pipeline/Pipeline.php(180): Fruitcake\\Cors\\HandleCors->handle()
#62 /www/wwwroot/demo.medace.org/vendor/laravel/framework/src/Illuminate/Http/Middleware/TrustProxies.php(39): Illuminate\\Pipeline\\Pipeline->Illuminate\\Pipeline\\{closure}()
#63 /www/wwwroot/demo.medace.org/vendor/laravel/framework/src/Illuminate/Pipeline/Pipeline.php(180): Illuminate\\Http\\Middleware\\TrustProxies->handle()
#64 /www/wwwroot/demo.medace.org/vendor/laravel/framework/src/Illuminate/Pipeline/Pipeline.php(116): Illuminate\\Pipeline\\Pipeline->Illuminate\\Pipeline\\{closure}()
#65 /www/wwwroot/demo.medace.org/vendor/laravel/framework/src/Illuminate/Foundation/Http/Kernel.php(165): Illuminate\\Pipeline\\Pipeline->then()
#66 /www/wwwroot/demo.medace.org/vendor/laravel/framework/src/Illuminate/Foundation/Http/Kernel.php(134): Illuminate\\Foundation\\Http\\Kernel->sendRequestThroughRouter()
#67 /www/wwwroot/demo.medace.org/public/index.php(52): Illuminate\\Foundation\\Http\\Kernel->handle()
#68 {main}
"} 
[2025-04-15 22:00:22] production.ERROR: file_exists(): open_basedir restriction in effect. File(/fonts/OpenSans-Regular.ttf) is not within the allowed path(s): (/www/wwwroot/demo.medace.org/:/tmp/) {"userId":1049,"exception":"[object] (ErrorException(code: 0): file_exists(): open_basedir restriction in effect. File(/fonts/OpenSans-Regular.ttf) is not within the allowed path(s): (/www/wwwroot/demo.medace.org/:/tmp/) at /www/wwwroot/demo.medace.org/vendor/lasserafn/php-initial-avatar-generator/src/InitialAvatar.php:739)
[stacktrace]
#0 /www/wwwroot/demo.medace.org/vendor/laravel/framework/src/Illuminate/Foundation/Bootstrap/HandleExceptions.php(270): Illuminate\\Foundation\\Bootstrap\\HandleExceptions->handleError()
#1 [internal function]: Illuminate\\Foundation\\Bootstrap\\HandleExceptions->Illuminate\\Foundation\\Bootstrap\\{closure}()
#2 /www/wwwroot/demo.medace.org/vendor/lasserafn/php-initial-avatar-generator/src/InitialAvatar.php(739): file_exists()
#3 /www/wwwroot/demo.medace.org/vendor/lasserafn/php-initial-avatar-generator/src/InitialAvatar.php(644): LasseRafn\\InitialAvatarGenerator\\InitialAvatar->findFontFile()
#4 /www/wwwroot/demo.medace.org/vendor/lasserafn/php-initial-avatar-generator/src/InitialAvatar.php(401): LasseRafn\\InitialAvatarGenerator\\InitialAvatar->makeAvatar()
#5 /www/wwwroot/demo.medace.org/app/Http/Controllers/Web/DefaultAvatarController.php(39): LasseRafn\\InitialAvatarGenerator\\InitialAvatar->generate()
#6 /www/wwwroot/demo.medace.org/vendor/laravel/framework/src/Illuminate/Routing/Controller.php(54): App\\Http\\Controllers\\Web\\DefaultAvatarController->make()
#7 /www/wwwroot/demo.medace.org/vendor/laravel/framework/src/Illuminate/Routing/ControllerDispatcher.php(43): Illuminate\\Routing\\Controller->callAction()
#8 /www/wwwroot/demo.medace.org/vendor/laravel/framework/src/Illuminate/Routing/Route.php(260): Illuminate\\Routing\\ControllerDispatcher->dispatch()
#9 /www/wwwroot/demo.medace.org/vendor/laravel/framework/src/Illuminate/Routing/Route.php(205): Illuminate\\Routing\\Route->runController()
#10 /www/wwwroot/demo.medace.org/vendor/laravel/framework/src/Illuminate/Routing/Router.php(798): Illuminate\\Routing\\Route->run()
#11 /www/wwwroot/demo.medace.org/vendor/laravel/framework/src/Illuminate/Pipeline/Pipeline.php(141): Illuminate\\Routing\\Router->Illuminate\\Routing\\{closure}()
#12 /www/wwwroot/demo.medace.org/app/Http/Middleware/CheckRestriction.php(34): Illuminate\\Pipeline\\Pipeline->Illuminate\\Pipeline\\{closure}()
#13 /www/wwwroot/demo.medace.org/vendor/laravel/framework/src/Illuminate/Pipeline/Pipeline.php(180): App\\Http\\Middleware\\CheckRestriction->handle()
#14 /www/wwwroot/demo.medace.org/app/Http/Middleware/CheckMaintenance.php(37): Illuminate\\Pipeline\\Pipeline->Illuminate\\Pipeline\\{closure}()
#15 /www/wwwroot/demo.medace.org/vendor/laravel/framework/src/Illuminate/Pipeline/Pipeline.php(180): App\\Http\\Middleware\\CheckMaintenance->handle()
#16 /www/wwwroot/demo.medace.org/app/Http/Middleware/Share.php(90): Illuminate\\Pipeline\\Pipeline->Illuminate\\Pipeline\\{closure}()
#17 /www/wwwroot/demo.medace.org/vendor/laravel/framework/src/Illuminate/Pipeline/Pipeline.php(180): App\\Http\\Middleware\\Share->handle()
#18 /www/wwwroot/demo.medace.org/app/Http/Middleware/Impersonate.php(23): Illuminate\\Pipeline\\Pipeline->Illuminate\\Pipeline\\{closure}()
#19 /www/wwwroot/demo.medace.org/vendor/laravel/framework/src/Illuminate/Pipeline/Pipeline.php(180): App\\Http\\Middleware\\Impersonate->handle()
#20 /www/wwwroot/demo.medace.org/app/Http/Middleware/CheckMobileApp.php(25): Illuminate\\Pipeline\\Pipeline->Illuminate\\Pipeline\\{closure}()
#21 /www/wwwroot/demo.medace.org/vendor/laravel/framework/src/Illuminate/Pipeline/Pipeline.php(180): App\\Http\\Middleware\\CheckMobileApp->handle()
#22 /www/wwwroot/demo.medace.org/app/Http/Middleware/DebugBar.php(22): Illuminate\\Pipeline\\Pipeline->Illuminate\\Pipeline\\{closure}()
#23 /www/wwwroot/demo.medace.org/vendor/laravel/framework/src/Illuminate/Pipeline/Pipeline.php(180): App\\Http\\Middleware\\DebugBar->handle()
#24 /www/wwwroot/demo.medace.org/app/Http/Middleware/SessionValidity.php(36): Illuminate\\Pipeline\\Pipeline->Illuminate\\Pipeline\\{closure}()
#25 /www/wwwroot/demo.medace.org/vendor/laravel/framework/src/Illuminate/Pipeline/Pipeline.php(180): App\\Http\\Middleware\\SessionValidity->handle()
#26 /www/wwwroot/demo.medace.org/app/Http/Middleware/UserLocale.php(44): Illuminate\\Pipeline\\Pipeline->Illuminate\\Pipeline\\{closure}()
#27 /www/wwwroot/demo.medace.org/vendor/laravel/framework/src/Illuminate/Pipeline/Pipeline.php(180): App\\Http\\Middleware\\UserLocale->handle()
#28 /www/wwwroot/demo.medace.org/vendor/laravel/framework/src/Illuminate/Routing/Middleware/SubstituteBindings.php(50): Illuminate\\Pipeline\\Pipeline->Illuminate\\Pipeline\\{closure}()
#29 /www/wwwroot/demo.medace.org/vendor/laravel/framework/src/Illuminate/Pipeline/Pipeline.php(180): Illuminate\\Routing\\Middleware\\SubstituteBindings->handle()
#30 /www/wwwroot/demo.medace.org/vendor/laravel/framework/src/Illuminate/Foundation/Http/Middleware/VerifyCsrfToken.php(78): Illuminate\\Pipeline\\Pipeline->Illuminate\\Pipeline\\{closure}()
#31 /www/wwwroot/demo.medace.org/vendor/laravel/framework/src/Illuminate/Pipeline/Pipeline.php(180): Illuminate\\Foundation\\Http\\Middleware\\VerifyCsrfToken->handle()
#32 /www/wwwroot/demo.medace.org/vendor/laravel/framework/src/Illuminate/View/Middleware/ShareErrorsFromSession.php(49): Illuminate\\Pipeline\\Pipeline->Illuminate\\Pipeline\\{closure}()
#33 /www/wwwroot/demo.medace.org/vendor/laravel/framework/src/Illuminate/Pipeline/Pipeline.php(180): Illuminate\\View\\Middleware\\ShareErrorsFromSession->handle()
#34 /www/wwwroot/demo.medace.org/vendor/laravel/framework/src/Illuminate/Session/Middleware/StartSession.php(121): Illuminate\\Pipeline\\Pipeline->Illuminate\\Pipeline\\{closure}()
#35 /www/wwwroot/demo.medace.org/vendor/laravel/framework/src/Illuminate/Session/Middleware/StartSession.php(64): Illuminate\\Session\\Middleware\\StartSession->handleStatefulRequest()
#36 /www/wwwroot/demo.medace.org/vendor/laravel/framework/src/Illuminate/Pipeline/Pipeline.php(180): Illuminate\\Session\\Middleware\\StartSession->handle()
#37 /www/wwwroot/demo.medace.org/vendor/laravel/framework/src/Illuminate/Cookie/Middleware/AddQueuedCookiesToResponse.php(37): Illuminate\\Pipeline\\Pipeline->Illuminate\\Pipeline\\{closure}()
#38 /www/wwwroot/demo.medace.org/vendor/laravel/framework/src/Illuminate/Pipeline/Pipeline.php(180): Illuminate\\Cookie\\Middleware\\AddQueuedCookiesToResponse->handle()
#39 /www/wwwroot/demo.medace.org/vendor/laravel/framework/src/Illuminate/Cookie/Middleware/EncryptCookies.php(67): Illuminate\\Pipeline\\Pipeline->Illuminate\\Pipeline\\{closure}()
#40 /www/wwwroot/demo.medace.org/vendor/laravel/framework/src/Illuminate/Pipeline/Pipeline.php(180): Illuminate\\Cookie\\Middleware\\EncryptCookies->handle()
#41 /www/wwwroot/demo.medace.org/vendor/laravel/framework/src/Illuminate/Pipeline/Pipeline.php(116): Illuminate\\Pipeline\\Pipeline->Illuminate\\Pipeline\\{closure}()
#42 /www/wwwroot/demo.medace.org/vendor/laravel/framework/src/Illuminate/Routing/Router.php(799): Illuminate\\Pipeline\\Pipeline->then()
#43 /www/wwwroot/demo.medace.org/vendor/laravel/framework/src/Illuminate/Routing/Router.php(776): Illuminate\\Routing\\Router->runRouteWithinStack()
#44 /www/wwwroot/demo.medace.org/vendor/laravel/framework/src/Illuminate/Routing/Router.php(740): Illuminate\\Routing\\Router->runRoute()
#45 /www/wwwroot/demo.medace.org/vendor/laravel/framework/src/Illuminate/Routing/Router.php(729): Illuminate\\Routing\\Router->dispatchToRoute()
#46 /www/wwwroot/demo.medace.org/vendor/laravel/framework/src/Illuminate/Foundation/Http/Kernel.php(190): Illuminate\\Routing\\Router->dispatch()
#47 /www/wwwroot/demo.medace.org/vendor/laravel/framework/src/Illuminate/Pipeline/Pipeline.php(141): Illuminate\\Foundation\\Http\\Kernel->Illuminate\\Foundation\\Http\\{closure}()
#48 /www/wwwroot/demo.medace.org/vendor/barryvdh/laravel-debugbar/src/Middleware/InjectDebugbar.php(66): Illuminate\\Pipeline\\Pipeline->Illuminate\\Pipeline\\{closure}()
#49 /www/wwwroot/demo.medace.org/vendor/laravel/framework/src/Illuminate/Pipeline/Pipeline.php(180): Barryvdh\\Debugbar\\Middleware\\InjectDebugbar->handle()
#50 /www/wwwroot/demo.medace.org/vendor/laravel/framework/src/Illuminate/Foundation/Http/Middleware/TransformsRequest.php(21): Illuminate\\Pipeline\\Pipeline->Illuminate\\Pipeline\\{closure}()
#51 /www/wwwroot/demo.medace.org/vendor/laravel/framework/src/Illuminate/Foundation/Http/Middleware/ConvertEmptyStringsToNull.php(31): Illuminate\\Foundation\\Http\\Middleware\\TransformsRequest->handle()
#52 /www/wwwroot/demo.medace.org/vendor/laravel/framework/src/Illuminate/Pipeline/Pipeline.php(180): Illuminate\\Foundation\\Http\\Middleware\\ConvertEmptyStringsToNull->handle()
#53 /www/wwwroot/demo.medace.org/vendor/laravel/framework/src/Illuminate/Foundation/Http/Middleware/TransformsRequest.php(21): Illuminate\\Pipeline\\Pipeline->Illuminate\\Pipeline\\{closure}()
#54 /www/wwwroot/demo.medace.org/vendor/laravel/framework/src/Illuminate/Foundation/Http/Middleware/TrimStrings.php(40): Illuminate\\Foundation\\Http\\Middleware\\TransformsRequest->handle()
#55 /www/wwwroot/demo.medace.org/vendor/laravel/framework/src/Illuminate/Pipeline/Pipeline.php(180): Illuminate\\Foundation\\Http\\Middleware\\TrimStrings->handle()
#56 /www/wwwroot/demo.medace.org/vendor/laravel/framework/src/Illuminate/Foundation/Http/Middleware/ValidatePostSize.php(27): Illuminate\\Pipeline\\Pipeline->Illuminate\\Pipeline\\{closure}()
#57 /www/wwwroot/demo.medace.org/vendor/laravel/framework/src/Illuminate/Pipeline/Pipeline.php(180): Illuminate\\Foundation\\Http\\Middleware\\ValidatePostSize->handle()
#58 /www/wwwroot/demo.medace.org/vendor/laravel/framework/src/Illuminate/Foundation/Http/Middleware/PreventRequestsDuringMaintenance.php(86): Illuminate\\Pipeline\\Pipeline->Illuminate\\Pipeline\\{closure}()
#59 /www/wwwroot/demo.medace.org/vendor/laravel/framework/src/Illuminate/Pipeline/Pipeline.php(180): Illuminate\\Foundation\\Http\\Middleware\\PreventRequestsDuringMaintenance->handle()
#60 /www/wwwroot/demo.medace.org/vendor/fruitcake/laravel-cors/src/HandleCors.php(38): Illuminate\\Pipeline\\Pipeline->Illuminate\\Pipeline\\{closure}()
#61 /www/wwwroot/demo.medace.org/vendor/laravel/framework/src/Illuminate/Pipeline/Pipeline.php(180): Fruitcake\\Cors\\HandleCors->handle()
#62 /www/wwwroot/demo.medace.org/vendor/laravel/framework/src/Illuminate/Http/Middleware/TrustProxies.php(39): Illuminate\\Pipeline\\Pipeline->Illuminate\\Pipeline\\{closure}()
#63 /www/wwwroot/demo.medace.org/vendor/laravel/framework/src/Illuminate/Pipeline/Pipeline.php(180): Illuminate\\Http\\Middleware\\TrustProxies->handle()
#64 /www/wwwroot/demo.medace.org/vendor/laravel/framework/src/Illuminate/Pipeline/Pipeline.php(116): Illuminate\\Pipeline\\Pipeline->Illuminate\\Pipeline\\{closure}()
#65 /www/wwwroot/demo.medace.org/vendor/laravel/framework/src/Illuminate/Foundation/Http/Kernel.php(165): Illuminate\\Pipeline\\Pipeline->then()
#66 /www/wwwroot/demo.medace.org/vendor/laravel/framework/src/Illuminate/Foundation/Http/Kernel.php(134): Illuminate\\Foundation\\Http\\Kernel->sendRequestThroughRouter()
#67 /www/wwwroot/demo.medace.org/public/index.php(52): Illuminate\\Foundation\\Http\\Kernel->handle()
#68 {main}
"} 
[2025-04-15 22:00:22] production.ERROR: file_exists(): open_basedir restriction in effect. File(/fonts/OpenSans-Regular.ttf) is not within the allowed path(s): (/www/wwwroot/demo.medace.org/:/tmp/) {"userId":1049,"exception":"[object] (ErrorException(code: 0): file_exists(): open_basedir restriction in effect. File(/fonts/OpenSans-Regular.ttf) is not within the allowed path(s): (/www/wwwroot/demo.medace.org/:/tmp/) at /www/wwwroot/demo.medace.org/vendor/lasserafn/php-initial-avatar-generator/src/InitialAvatar.php:739)
[stacktrace]
#0 /www/wwwroot/demo.medace.org/vendor/laravel/framework/src/Illuminate/Foundation/Bootstrap/HandleExceptions.php(270): Illuminate\\Foundation\\Bootstrap\\HandleExceptions->handleError()
#1 [internal function]: Illuminate\\Foundation\\Bootstrap\\HandleExceptions->Illuminate\\Foundation\\Bootstrap\\{closure}()
#2 /www/wwwroot/demo.medace.org/vendor/lasserafn/php-initial-avatar-generator/src/InitialAvatar.php(739): file_exists()
#3 /www/wwwroot/demo.medace.org/vendor/lasserafn/php-initial-avatar-generator/src/InitialAvatar.php(644): LasseRafn\\InitialAvatarGenerator\\InitialAvatar->findFontFile()
#4 /www/wwwroot/demo.medace.org/vendor/lasserafn/php-initial-avatar-generator/src/InitialAvatar.php(401): LasseRafn\\InitialAvatarGenerator\\InitialAvatar->makeAvatar()
#5 /www/wwwroot/demo.medace.org/app/Http/Controllers/Web/DefaultAvatarController.php(39): LasseRafn\\InitialAvatarGenerator\\InitialAvatar->generate()
#6 /www/wwwroot/demo.medace.org/vendor/laravel/framework/src/Illuminate/Routing/Controller.php(54): App\\Http\\Controllers\\Web\\DefaultAvatarController->make()
#7 /www/wwwroot/demo.medace.org/vendor/laravel/framework/src/Illuminate/Routing/ControllerDispatcher.php(43): Illuminate\\Routing\\Controller->callAction()
#8 /www/wwwroot/demo.medace.org/vendor/laravel/framework/src/Illuminate/Routing/Route.php(260): Illuminate\\Routing\\ControllerDispatcher->dispatch()
#9 /www/wwwroot/demo.medace.org/vendor/laravel/framework/src/Illuminate/Routing/Route.php(205): Illuminate\\Routing\\Route->runController()
#10 /www/wwwroot/demo.medace.org/vendor/laravel/framework/src/Illuminate/Routing/Router.php(798): Illuminate\\Routing\\Route->run()
#11 /www/wwwroot/demo.medace.org/vendor/laravel/framework/src/Illuminate/Pipeline/Pipeline.php(141): Illuminate\\Routing\\Router->Illuminate\\Routing\\{closure}()
#12 /www/wwwroot/demo.medace.org/app/Http/Middleware/CheckRestriction.php(34): Illuminate\\Pipeline\\Pipeline->Illuminate\\Pipeline\\{closure}()
#13 /www/wwwroot/demo.medace.org/vendor/laravel/framework/src/Illuminate/Pipeline/Pipeline.php(180): App\\Http\\Middleware\\CheckRestriction->handle()
#14 /www/wwwroot/demo.medace.org/app/Http/Middleware/CheckMaintenance.php(37): Illuminate\\Pipeline\\Pipeline->Illuminate\\Pipeline\\{closure}()
#15 /www/wwwroot/demo.medace.org/vendor/laravel/framework/src/Illuminate/Pipeline/Pipeline.php(180): App\\Http\\Middleware\\CheckMaintenance->handle()
#16 /www/wwwroot/demo.medace.org/app/Http/Middleware/Share.php(90): Illuminate\\Pipeline\\Pipeline->Illuminate\\Pipeline\\{closure}()
#17 /www/wwwroot/demo.medace.org/vendor/laravel/framework/src/Illuminate/Pipeline/Pipeline.php(180): App\\Http\\Middleware\\Share->handle()
#18 /www/wwwroot/demo.medace.org/app/Http/Middleware/Impersonate.php(23): Illuminate\\Pipeline\\Pipeline->Illuminate\\Pipeline\\{closure}()
#19 /www/wwwroot/demo.medace.org/vendor/laravel/framework/src/Illuminate/Pipeline/Pipeline.php(180): App\\Http\\Middleware\\Impersonate->handle()
#20 /www/wwwroot/demo.medace.org/app/Http/Middleware/CheckMobileApp.php(25): Illuminate\\Pipeline\\Pipeline->Illuminate\\Pipeline\\{closure}()
#21 /www/wwwroot/demo.medace.org/vendor/laravel/framework/src/Illuminate/Pipeline/Pipeline.php(180): App\\Http\\Middleware\\CheckMobileApp->handle()
#22 /www/wwwroot/demo.medace.org/app/Http/Middleware/DebugBar.php(22): Illuminate\\Pipeline\\Pipeline->Illuminate\\Pipeline\\{closure}()
#23 /www/wwwroot/demo.medace.org/vendor/laravel/framework/src/Illuminate/Pipeline/Pipeline.php(180): App\\Http\\Middleware\\DebugBar->handle()
#24 /www/wwwroot/demo.medace.org/app/Http/Middleware/SessionValidity.php(36): Illuminate\\Pipeline\\Pipeline->Illuminate\\Pipeline\\{closure}()
#25 /www/wwwroot/demo.medace.org/vendor/laravel/framework/src/Illuminate/Pipeline/Pipeline.php(180): App\\Http\\Middleware\\SessionValidity->handle()
#26 /www/wwwroot/demo.medace.org/app/Http/Middleware/UserLocale.php(44): Illuminate\\Pipeline\\Pipeline->Illuminate\\Pipeline\\{closure}()
#27 /www/wwwroot/demo.medace.org/vendor/laravel/framework/src/Illuminate/Pipeline/Pipeline.php(180): App\\Http\\Middleware\\UserLocale->handle()
#28 /www/wwwroot/demo.medace.org/vendor/laravel/framework/src/Illuminate/Routing/Middleware/SubstituteBindings.php(50): Illuminate\\Pipeline\\Pipeline->Illuminate\\Pipeline\\{closure}()
#29 /www/wwwroot/demo.medace.org/vendor/laravel/framework/src/Illuminate/Pipeline/Pipeline.php(180): Illuminate\\Routing\\Middleware\\SubstituteBindings->handle()
#30 /www/wwwroot/demo.medace.org/vendor/laravel/framework/src/Illuminate/Foundation/Http/Middleware/VerifyCsrfToken.php(78): Illuminate\\Pipeline\\Pipeline->Illuminate\\Pipeline\\{closure}()
#31 /www/wwwroot/demo.medace.org/vendor/laravel/framework/src/Illuminate/Pipeline/Pipeline.php(180): Illuminate\\Foundation\\Http\\Middleware\\VerifyCsrfToken->handle()
#32 /www/wwwroot/demo.medace.org/vendor/laravel/framework/src/Illuminate/View/Middleware/ShareErrorsFromSession.php(49): Illuminate\\Pipeline\\Pipeline->Illuminate\\Pipeline\\{closure}()
#33 /www/wwwroot/demo.medace.org/vendor/laravel/framework/src/Illuminate/Pipeline/Pipeline.php(180): Illuminate\\View\\Middleware\\ShareErrorsFromSession->handle()
#34 /www/wwwroot/demo.medace.org/vendor/laravel/framework/src/Illuminate/Session/Middleware/StartSession.php(121): Illuminate\\Pipeline\\Pipeline->Illuminate\\Pipeline\\{closure}()
#35 /www/wwwroot/demo.medace.org/vendor/laravel/framework/src/Illuminate/Session/Middleware/StartSession.php(64): Illuminate\\Session\\Middleware\\StartSession->handleStatefulRequest()
#36 /www/wwwroot/demo.medace.org/vendor/laravel/framework/src/Illuminate/Pipeline/Pipeline.php(180): Illuminate\\Session\\Middleware\\StartSession->handle()
#37 /www/wwwroot/demo.medace.org/vendor/laravel/framework/src/Illuminate/Cookie/Middleware/AddQueuedCookiesToResponse.php(37): Illuminate\\Pipeline\\Pipeline->Illuminate\\Pipeline\\{closure}()
#38 /www/wwwroot/demo.medace.org/vendor/laravel/framework/src/Illuminate/Pipeline/Pipeline.php(180): Illuminate\\Cookie\\Middleware\\AddQueuedCookiesToResponse->handle()
#39 /www/wwwroot/demo.medace.org/vendor/laravel/framework/src/Illuminate/Cookie/Middleware/EncryptCookies.php(67): Illuminate\\Pipeline\\Pipeline->Illuminate\\Pipeline\\{closure}()
#40 /www/wwwroot/demo.medace.org/vendor/laravel/framework/src/Illuminate/Pipeline/Pipeline.php(180): Illuminate\\Cookie\\Middleware\\EncryptCookies->handle()
#41 /www/wwwroot/demo.medace.org/vendor/laravel/framework/src/Illuminate/Pipeline/Pipeline.php(116): Illuminate\\Pipeline\\Pipeline->Illuminate\\Pipeline\\{closure}()
#42 /www/wwwroot/demo.medace.org/vendor/laravel/framework/src/Illuminate/Routing/Router.php(799): Illuminate\\Pipeline\\Pipeline->then()
#43 /www/wwwroot/demo.medace.org/vendor/laravel/framework/src/Illuminate/Routing/Router.php(776): Illuminate\\Routing\\Router->runRouteWithinStack()
#44 /www/wwwroot/demo.medace.org/vendor/laravel/framework/src/Illuminate/Routing/Router.php(740): Illuminate\\Routing\\Router->runRoute()
#45 /www/wwwroot/demo.medace.org/vendor/laravel/framework/src/Illuminate/Routing/Router.php(729): Illuminate\\Routing\\Router->dispatchToRoute()
#46 /www/wwwroot/demo.medace.org/vendor/laravel/framework/src/Illuminate/Foundation/Http/Kernel.php(190): Illuminate\\Routing\\Router->dispatch()
#47 /www/wwwroot/demo.medace.org/vendor/laravel/framework/src/Illuminate/Pipeline/Pipeline.php(141): Illuminate\\Foundation\\Http\\Kernel->Illuminate\\Foundation\\Http\\{closure}()
#48 /www/wwwroot/demo.medace.org/vendor/barryvdh/laravel-debugbar/src/Middleware/InjectDebugbar.php(66): Illuminate\\Pipeline\\Pipeline->Illuminate\\Pipeline\\{closure}()
#49 /www/wwwroot/demo.medace.org/vendor/laravel/framework/src/Illuminate/Pipeline/Pipeline.php(180): Barryvdh\\Debugbar\\Middleware\\InjectDebugbar->handle()
#50 /www/wwwroot/demo.medace.org/vendor/laravel/framework/src/Illuminate/Foundation/Http/Middleware/TransformsRequest.php(21): Illuminate\\Pipeline\\Pipeline->Illuminate\\Pipeline\\{closure}()
#51 /www/wwwroot/demo.medace.org/vendor/laravel/framework/src/Illuminate/Foundation/Http/Middleware/ConvertEmptyStringsToNull.php(31): Illuminate\\Foundation\\Http\\Middleware\\TransformsRequest->handle()
#52 /www/wwwroot/demo.medace.org/vendor/laravel/framework/src/Illuminate/Pipeline/Pipeline.php(180): Illuminate\\Foundation\\Http\\Middleware\\ConvertEmptyStringsToNull->handle()
#53 /www/wwwroot/demo.medace.org/vendor/laravel/framework/src/Illuminate/Foundation/Http/Middleware/TransformsRequest.php(21): Illuminate\\Pipeline\\Pipeline->Illuminate\\Pipeline\\{closure}()
#54 /www/wwwroot/demo.medace.org/vendor/laravel/framework/src/Illuminate/Foundation/Http/Middleware/TrimStrings.php(40): Illuminate\\Foundation\\Http\\Middleware\\TransformsRequest->handle()
#55 /www/wwwroot/demo.medace.org/vendor/laravel/framework/src/Illuminate/Pipeline/Pipeline.php(180): Illuminate\\Foundation\\Http\\Middleware\\TrimStrings->handle()
#56 /www/wwwroot/demo.medace.org/vendor/laravel/framework/src/Illuminate/Foundation/Http/Middleware/ValidatePostSize.php(27): Illuminate\\Pipeline\\Pipeline->Illuminate\\Pipeline\\{closure}()
#57 /www/wwwroot/demo.medace.org/vendor/laravel/framework/src/Illuminate/Pipeline/Pipeline.php(180): Illuminate\\Foundation\\Http\\Middleware\\ValidatePostSize->handle()
#58 /www/wwwroot/demo.medace.org/vendor/laravel/framework/src/Illuminate/Foundation/Http/Middleware/PreventRequestsDuringMaintenance.php(86): Illuminate\\Pipeline\\Pipeline->Illuminate\\Pipeline\\{closure}()
#59 /www/wwwroot/demo.medace.org/vendor/laravel/framework/src/Illuminate/Pipeline/Pipeline.php(180): Illuminate\\Foundation\\Http\\Middleware\\PreventRequestsDuringMaintenance->handle()
#60 /www/wwwroot/demo.medace.org/vendor/fruitcake/laravel-cors/src/HandleCors.php(38): Illuminate\\Pipeline\\Pipeline->Illuminate\\Pipeline\\{closure}()
#61 /www/wwwroot/demo.medace.org/vendor/laravel/framework/src/Illuminate/Pipeline/Pipeline.php(180): Fruitcake\\Cors\\HandleCors->handle()
#62 /www/wwwroot/demo.medace.org/vendor/laravel/framework/src/Illuminate/Http/Middleware/TrustProxies.php(39): Illuminate\\Pipeline\\Pipeline->Illuminate\\Pipeline\\{closure}()
#63 /www/wwwroot/demo.medace.org/vendor/laravel/framework/src/Illuminate/Pipeline/Pipeline.php(180): Illuminate\\Http\\Middleware\\TrustProxies->handle()
#64 /www/wwwroot/demo.medace.org/vendor/laravel/framework/src/Illuminate/Pipeline/Pipeline.php(116): Illuminate\\Pipeline\\Pipeline->Illuminate\\Pipeline\\{closure}()
#65 /www/wwwroot/demo.medace.org/vendor/laravel/framework/src/Illuminate/Foundation/Http/Kernel.php(165): Illuminate\\Pipeline\\Pipeline->then()
#66 /www/wwwroot/demo.medace.org/vendor/laravel/framework/src/Illuminate/Foundation/Http/Kernel.php(134): Illuminate\\Foundation\\Http\\Kernel->sendRequestThroughRouter()
#67 /www/wwwroot/demo.medace.org/public/index.php(52): Illuminate\\Foundation\\Http\\Kernel->handle()
#68 {main}
"} 
[2025-04-15 22:00:23] production.ERROR: file_exists(): open_basedir restriction in effect. File(/fonts/OpenSans-Regular.ttf) is not within the allowed path(s): (/www/wwwroot/demo.medace.org/:/tmp/) {"userId":1049,"exception":"[object] (ErrorException(code: 0): file_exists(): open_basedir restriction in effect. File(/fonts/OpenSans-Regular.ttf) is not within the allowed path(s): (/www/wwwroot/demo.medace.org/:/tmp/) at /www/wwwroot/demo.medace.org/vendor/lasserafn/php-initial-avatar-generator/src/InitialAvatar.php:739)
[stacktrace]
#0 /www/wwwroot/demo.medace.org/vendor/laravel/framework/src/Illuminate/Foundation/Bootstrap/HandleExceptions.php(270): Illuminate\\Foundation\\Bootstrap\\HandleExceptions->handleError()
#1 [internal function]: Illuminate\\Foundation\\Bootstrap\\HandleExceptions->Illuminate\\Foundation\\Bootstrap\\{closure}()
#2 /www/wwwroot/demo.medace.org/vendor/lasserafn/php-initial-avatar-generator/src/InitialAvatar.php(739): file_exists()
#3 /www/wwwroot/demo.medace.org/vendor/lasserafn/php-initial-avatar-generator/src/InitialAvatar.php(644): LasseRafn\\InitialAvatarGenerator\\InitialAvatar->findFontFile()
#4 /www/wwwroot/demo.medace.org/vendor/lasserafn/php-initial-avatar-generator/src/InitialAvatar.php(401): LasseRafn\\InitialAvatarGenerator\\InitialAvatar->makeAvatar()
#5 /www/wwwroot/demo.medace.org/app/Http/Controllers/Web/DefaultAvatarController.php(39): LasseRafn\\InitialAvatarGenerator\\InitialAvatar->generate()
#6 /www/wwwroot/demo.medace.org/vendor/laravel/framework/src/Illuminate/Routing/Controller.php(54): App\\Http\\Controllers\\Web\\DefaultAvatarController->make()
#7 /www/wwwroot/demo.medace.org/vendor/laravel/framework/src/Illuminate/Routing/ControllerDispatcher.php(43): Illuminate\\Routing\\Controller->callAction()
#8 /www/wwwroot/demo.medace.org/vendor/laravel/framework/src/Illuminate/Routing/Route.php(260): Illuminate\\Routing\\ControllerDispatcher->dispatch()
#9 /www/wwwroot/demo.medace.org/vendor/laravel/framework/src/Illuminate/Routing/Route.php(205): Illuminate\\Routing\\Route->runController()
#10 /www/wwwroot/demo.medace.org/vendor/laravel/framework/src/Illuminate/Routing/Router.php(798): Illuminate\\Routing\\Route->run()
#11 /www/wwwroot/demo.medace.org/vendor/laravel/framework/src/Illuminate/Pipeline/Pipeline.php(141): Illuminate\\Routing\\Router->Illuminate\\Routing\\{closure}()
#12 /www/wwwroot/demo.medace.org/app/Http/Middleware/CheckRestriction.php(34): Illuminate\\Pipeline\\Pipeline->Illuminate\\Pipeline\\{closure}()
#13 /www/wwwroot/demo.medace.org/vendor/laravel/framework/src/Illuminate/Pipeline/Pipeline.php(180): App\\Http\\Middleware\\CheckRestriction->handle()
#14 /www/wwwroot/demo.medace.org/app/Http/Middleware/CheckMaintenance.php(37): Illuminate\\Pipeline\\Pipeline->Illuminate\\Pipeline\\{closure}()
#15 /www/wwwroot/demo.medace.org/vendor/laravel/framework/src/Illuminate/Pipeline/Pipeline.php(180): App\\Http\\Middleware\\CheckMaintenance->handle()
#16 /www/wwwroot/demo.medace.org/app/Http/Middleware/Share.php(90): Illuminate\\Pipeline\\Pipeline->Illuminate\\Pipeline\\{closure}()
#17 /www/wwwroot/demo.medace.org/vendor/laravel/framework/src/Illuminate/Pipeline/Pipeline.php(180): App\\Http\\Middleware\\Share->handle()
#18 /www/wwwroot/demo.medace.org/app/Http/Middleware/Impersonate.php(23): Illuminate\\Pipeline\\Pipeline->Illuminate\\Pipeline\\{closure}()
#19 /www/wwwroot/demo.medace.org/vendor/laravel/framework/src/Illuminate/Pipeline/Pipeline.php(180): App\\Http\\Middleware\\Impersonate->handle()
#20 /www/wwwroot/demo.medace.org/app/Http/Middleware/CheckMobileApp.php(25): Illuminate\\Pipeline\\Pipeline->Illuminate\\Pipeline\\{closure}()
#21 /www/wwwroot/demo.medace.org/vendor/laravel/framework/src/Illuminate/Pipeline/Pipeline.php(180): App\\Http\\Middleware\\CheckMobileApp->handle()
#22 /www/wwwroot/demo.medace.org/app/Http/Middleware/DebugBar.php(22): Illuminate\\Pipeline\\Pipeline->Illuminate\\Pipeline\\{closure}()
#23 /www/wwwroot/demo.medace.org/vendor/laravel/framework/src/Illuminate/Pipeline/Pipeline.php(180): App\\Http\\Middleware\\DebugBar->handle()
#24 /www/wwwroot/demo.medace.org/app/Http/Middleware/SessionValidity.php(36): Illuminate\\Pipeline\\Pipeline->Illuminate\\Pipeline\\{closure}()
#25 /www/wwwroot/demo.medace.org/vendor/laravel/framework/src/Illuminate/Pipeline/Pipeline.php(180): App\\Http\\Middleware\\SessionValidity->handle()
#26 /www/wwwroot/demo.medace.org/app/Http/Middleware/UserLocale.php(44): Illuminate\\Pipeline\\Pipeline->Illuminate\\Pipeline\\{closure}()
#27 /www/wwwroot/demo.medace.org/vendor/laravel/framework/src/Illuminate/Pipeline/Pipeline.php(180): App\\Http\\Middleware\\UserLocale->handle()
#28 /www/wwwroot/demo.medace.org/vendor/laravel/framework/src/Illuminate/Routing/Middleware/SubstituteBindings.php(50): Illuminate\\Pipeline\\Pipeline->Illuminate\\Pipeline\\{closure}()
#29 /www/wwwroot/demo.medace.org/vendor/laravel/framework/src/Illuminate/Pipeline/Pipeline.php(180): Illuminate\\Routing\\Middleware\\SubstituteBindings->handle()
#30 /www/wwwroot/demo.medace.org/vendor/laravel/framework/src/Illuminate/Foundation/Http/Middleware/VerifyCsrfToken.php(78): Illuminate\\Pipeline\\Pipeline->Illuminate\\Pipeline\\{closure}()
#31 /www/wwwroot/demo.medace.org/vendor/laravel/framework/src/Illuminate/Pipeline/Pipeline.php(180): Illuminate\\Foundation\\Http\\Middleware\\VerifyCsrfToken->handle()
#32 /www/wwwroot/demo.medace.org/vendor/laravel/framework/src/Illuminate/View/Middleware/ShareErrorsFromSession.php(49): Illuminate\\Pipeline\\Pipeline->Illuminate\\Pipeline\\{closure}()
#33 /www/wwwroot/demo.medace.org/vendor/laravel/framework/src/Illuminate/Pipeline/Pipeline.php(180): Illuminate\\View\\Middleware\\ShareErrorsFromSession->handle()
#34 /www/wwwroot/demo.medace.org/vendor/laravel/framework/src/Illuminate/Session/Middleware/StartSession.php(121): Illuminate\\Pipeline\\Pipeline->Illuminate\\Pipeline\\{closure}()
#35 /www/wwwroot/demo.medace.org/vendor/laravel/framework/src/Illuminate/Session/Middleware/StartSession.php(64): Illuminate\\Session\\Middleware\\StartSession->handleStatefulRequest()
#36 /www/wwwroot/demo.medace.org/vendor/laravel/framework/src/Illuminate/Pipeline/Pipeline.php(180): Illuminate\\Session\\Middleware\\StartSession->handle()
#37 /www/wwwroot/demo.medace.org/vendor/laravel/framework/src/Illuminate/Cookie/Middleware/AddQueuedCookiesToResponse.php(37): Illuminate\\Pipeline\\Pipeline->Illuminate\\Pipeline\\{closure}()
#38 /www/wwwroot/demo.medace.org/vendor/laravel/framework/src/Illuminate/Pipeline/Pipeline.php(180): Illuminate\\Cookie\\Middleware\\AddQueuedCookiesToResponse->handle()
#39 /www/wwwroot/demo.medace.org/vendor/laravel/framework/src/Illuminate/Cookie/Middleware/EncryptCookies.php(67): Illuminate\\Pipeline\\Pipeline->Illuminate\\Pipeline\\{closure}()
#40 /www/wwwroot/demo.medace.org/vendor/laravel/framework/src/Illuminate/Pipeline/Pipeline.php(180): Illuminate\\Cookie\\Middleware\\EncryptCookies->handle()
#41 /www/wwwroot/demo.medace.org/vendor/laravel/framework/src/Illuminate/Pipeline/Pipeline.php(116): Illuminate\\Pipeline\\Pipeline->Illuminate\\Pipeline\\{closure}()
#42 /www/wwwroot/demo.medace.org/vendor/laravel/framework/src/Illuminate/Routing/Router.php(799): Illuminate\\Pipeline\\Pipeline->then()
#43 /www/wwwroot/demo.medace.org/vendor/laravel/framework/src/Illuminate/Routing/Router.php(776): Illuminate\\Routing\\Router->runRouteWithinStack()
#44 /www/wwwroot/demo.medace.org/vendor/laravel/framework/src/Illuminate/Routing/Router.php(740): Illuminate\\Routing\\Router->runRoute()
#45 /www/wwwroot/demo.medace.org/vendor/laravel/framework/src/Illuminate/Routing/Router.php(729): Illuminate\\Routing\\Router->dispatchToRoute()
#46 /www/wwwroot/demo.medace.org/vendor/laravel/framework/src/Illuminate/Foundation/Http/Kernel.php(190): Illuminate\\Routing\\Router->dispatch()
#47 /www/wwwroot/demo.medace.org/vendor/laravel/framework/src/Illuminate/Pipeline/Pipeline.php(141): Illuminate\\Foundation\\Http\\Kernel->Illuminate\\Foundation\\Http\\{closure}()
#48 /www/wwwroot/demo.medace.org/vendor/barryvdh/laravel-debugbar/src/Middleware/InjectDebugbar.php(66): Illuminate\\Pipeline\\Pipeline->Illuminate\\Pipeline\\{closure}()
#49 /www/wwwroot/demo.medace.org/vendor/laravel/framework/src/Illuminate/Pipeline/Pipeline.php(180): Barryvdh\\Debugbar\\Middleware\\InjectDebugbar->handle()
#50 /www/wwwroot/demo.medace.org/vendor/laravel/framework/src/Illuminate/Foundation/Http/Middleware/TransformsRequest.php(21): Illuminate\\Pipeline\\Pipeline->Illuminate\\Pipeline\\{closure}()
#51 /www/wwwroot/demo.medace.org/vendor/laravel/framework/src/Illuminate/Foundation/Http/Middleware/ConvertEmptyStringsToNull.php(31): Illuminate\\Foundation\\Http\\Middleware\\TransformsRequest->handle()
#52 /www/wwwroot/demo.medace.org/vendor/laravel/framework/src/Illuminate/Pipeline/Pipeline.php(180): Illuminate\\Foundation\\Http\\Middleware\\ConvertEmptyStringsToNull->handle()
#53 /www/wwwroot/demo.medace.org/vendor/laravel/framework/src/Illuminate/Foundation/Http/Middleware/TransformsRequest.php(21): Illuminate\\Pipeline\\Pipeline->Illuminate\\Pipeline\\{closure}()
#54 /www/wwwroot/demo.medace.org/vendor/laravel/framework/src/Illuminate/Foundation/Http/Middleware/TrimStrings.php(40): Illuminate\\Foundation\\Http\\Middleware\\TransformsRequest->handle()
#55 /www/wwwroot/demo.medace.org/vendor/laravel/framework/src/Illuminate/Pipeline/Pipeline.php(180): Illuminate\\Foundation\\Http\\Middleware\\TrimStrings->handle()
#56 /www/wwwroot/demo.medace.org/vendor/laravel/framework/src/Illuminate/Foundation/Http/Middleware/ValidatePostSize.php(27): Illuminate\\Pipeline\\Pipeline->Illuminate\\Pipeline\\{closure}()
#57 /www/wwwroot/demo.medace.org/vendor/laravel/framework/src/Illuminate/Pipeline/Pipeline.php(180): Illuminate\\Foundation\\Http\\Middleware\\ValidatePostSize->handle()
#58 /www/wwwroot/demo.medace.org/vendor/laravel/framework/src/Illuminate/Foundation/Http/Middleware/PreventRequestsDuringMaintenance.php(86): Illuminate\\Pipeline\\Pipeline->Illuminate\\Pipeline\\{closure}()
#59 /www/wwwroot/demo.medace.org/vendor/laravel/framework/src/Illuminate/Pipeline/Pipeline.php(180): Illuminate\\Foundation\\Http\\Middleware\\PreventRequestsDuringMaintenance->handle()
#60 /www/wwwroot/demo.medace.org/vendor/fruitcake/laravel-cors/src/HandleCors.php(38): Illuminate\\Pipeline\\Pipeline->Illuminate\\Pipeline\\{closure}()
#61 /www/wwwroot/demo.medace.org/vendor/laravel/framework/src/Illuminate/Pipeline/Pipeline.php(180): Fruitcake\\Cors\\HandleCors->handle()
#62 /www/wwwroot/demo.medace.org/vendor/laravel/framework/src/Illuminate/Http/Middleware/TrustProxies.php(39): Illuminate\\Pipeline\\Pipeline->Illuminate\\Pipeline\\{closure}()
#63 /www/wwwroot/demo.medace.org/vendor/laravel/framework/src/Illuminate/Pipeline/Pipeline.php(180): Illuminate\\Http\\Middleware\\TrustProxies->handle()
#64 /www/wwwroot/demo.medace.org/vendor/laravel/framework/src/Illuminate/Pipeline/Pipeline.php(116): Illuminate\\Pipeline\\Pipeline->Illuminate\\Pipeline\\{closure}()
#65 /www/wwwroot/demo.medace.org/vendor/laravel/framework/src/Illuminate/Foundation/Http/Kernel.php(165): Illuminate\\Pipeline\\Pipeline->then()
#66 /www/wwwroot/demo.medace.org/vendor/laravel/framework/src/Illuminate/Foundation/Http/Kernel.php(134): Illuminate\\Foundation\\Http\\Kernel->sendRequestThroughRouter()
#67 /www/wwwroot/demo.medace.org/public/index.php(52): Illuminate\\Foundation\\Http\\Kernel->handle()
#68 {main}
"} 
[2025-04-15 22:00:23] production.ERROR: file_exists(): open_basedir restriction in effect. File(/fonts/OpenSans-Regular.ttf) is not within the allowed path(s): (/www/wwwroot/demo.medace.org/:/tmp/) {"userId":1049,"exception":"[object] (ErrorException(code: 0): file_exists(): open_basedir restriction in effect. File(/fonts/OpenSans-Regular.ttf) is not within the allowed path(s): (/www/wwwroot/demo.medace.org/:/tmp/) at /www/wwwroot/demo.medace.org/vendor/lasserafn/php-initial-avatar-generator/src/InitialAvatar.php:739)
[stacktrace]
#0 /www/wwwroot/demo.medace.org/vendor/laravel/framework/src/Illuminate/Foundation/Bootstrap/HandleExceptions.php(270): Illuminate\\Foundation\\Bootstrap\\HandleExceptions->handleError()
#1 [internal function]: Illuminate\\Foundation\\Bootstrap\\HandleExceptions->Illuminate\\Foundation\\Bootstrap\\{closure}()
#2 /www/wwwroot/demo.medace.org/vendor/lasserafn/php-initial-avatar-generator/src/InitialAvatar.php(739): file_exists()
#3 /www/wwwroot/demo.medace.org/vendor/lasserafn/php-initial-avatar-generator/src/InitialAvatar.php(644): LasseRafn\\InitialAvatarGenerator\\InitialAvatar->findFontFile()
#4 /www/wwwroot/demo.medace.org/vendor/lasserafn/php-initial-avatar-generator/src/InitialAvatar.php(401): LasseRafn\\InitialAvatarGenerator\\InitialAvatar->makeAvatar()
#5 /www/wwwroot/demo.medace.org/app/Http/Controllers/Web/DefaultAvatarController.php(39): LasseRafn\\InitialAvatarGenerator\\InitialAvatar->generate()
#6 /www/wwwroot/demo.medace.org/vendor/laravel/framework/src/Illuminate/Routing/Controller.php(54): App\\Http\\Controllers\\Web\\DefaultAvatarController->make()
#7 /www/wwwroot/demo.medace.org/vendor/laravel/framework/src/Illuminate/Routing/ControllerDispatcher.php(43): Illuminate\\Routing\\Controller->callAction()
#8 /www/wwwroot/demo.medace.org/vendor/laravel/framework/src/Illuminate/Routing/Route.php(260): Illuminate\\Routing\\ControllerDispatcher->dispatch()
#9 /www/wwwroot/demo.medace.org/vendor/laravel/framework/src/Illuminate/Routing/Route.php(205): Illuminate\\Routing\\Route->runController()
#10 /www/wwwroot/demo.medace.org/vendor/laravel/framework/src/Illuminate/Routing/Router.php(798): Illuminate\\Routing\\Route->run()
#11 /www/wwwroot/demo.medace.org/vendor/laravel/framework/src/Illuminate/Pipeline/Pipeline.php(141): Illuminate\\Routing\\Router->Illuminate\\Routing\\{closure}()
#12 /www/wwwroot/demo.medace.org/app/Http/Middleware/CheckRestriction.php(34): Illuminate\\Pipeline\\Pipeline->Illuminate\\Pipeline\\{closure}()
#13 /www/wwwroot/demo.medace.org/vendor/laravel/framework/src/Illuminate/Pipeline/Pipeline.php(180): App\\Http\\Middleware\\CheckRestriction->handle()
#14 /www/wwwroot/demo.medace.org/app/Http/Middleware/CheckMaintenance.php(37): Illuminate\\Pipeline\\Pipeline->Illuminate\\Pipeline\\{closure}()
#15 /www/wwwroot/demo.medace.org/vendor/laravel/framework/src/Illuminate/Pipeline/Pipeline.php(180): App\\Http\\Middleware\\CheckMaintenance->handle()
#16 /www/wwwroot/demo.medace.org/app/Http/Middleware/Share.php(90): Illuminate\\Pipeline\\Pipeline->Illuminate\\Pipeline\\{closure}()
#17 /www/wwwroot/demo.medace.org/vendor/laravel/framework/src/Illuminate/Pipeline/Pipeline.php(180): App\\Http\\Middleware\\Share->handle()
#18 /www/wwwroot/demo.medace.org/app/Http/Middleware/Impersonate.php(23): Illuminate\\Pipeline\\Pipeline->Illuminate\\Pipeline\\{closure}()
#19 /www/wwwroot/demo.medace.org/vendor/laravel/framework/src/Illuminate/Pipeline/Pipeline.php(180): App\\Http\\Middleware\\Impersonate->handle()
#20 /www/wwwroot/demo.medace.org/app/Http/Middleware/CheckMobileApp.php(25): Illuminate\\Pipeline\\Pipeline->Illuminate\\Pipeline\\{closure}()
#21 /www/wwwroot/demo.medace.org/vendor/laravel/framework/src/Illuminate/Pipeline/Pipeline.php(180): App\\Http\\Middleware\\CheckMobileApp->handle()
#22 /www/wwwroot/demo.medace.org/app/Http/Middleware/DebugBar.php(22): Illuminate\\Pipeline\\Pipeline->Illuminate\\Pipeline\\{closure}()
#23 /www/wwwroot/demo.medace.org/vendor/laravel/framework/src/Illuminate/Pipeline/Pipeline.php(180): App\\Http\\Middleware\\DebugBar->handle()
#24 /www/wwwroot/demo.medace.org/app/Http/Middleware/SessionValidity.php(36): Illuminate\\Pipeline\\Pipeline->Illuminate\\Pipeline\\{closure}()
#25 /www/wwwroot/demo.medace.org/vendor/laravel/framework/src/Illuminate/Pipeline/Pipeline.php(180): App\\Http\\Middleware\\SessionValidity->handle()
#26 /www/wwwroot/demo.medace.org/app/Http/Middleware/UserLocale.php(44): Illuminate\\Pipeline\\Pipeline->Illuminate\\Pipeline\\{closure}()
#27 /www/wwwroot/demo.medace.org/vendor/laravel/framework/src/Illuminate/Pipeline/Pipeline.php(180): App\\Http\\Middleware\\UserLocale->handle()
#28 /www/wwwroot/demo.medace.org/vendor/laravel/framework/src/Illuminate/Routing/Middleware/SubstituteBindings.php(50): Illuminate\\Pipeline\\Pipeline->Illuminate\\Pipeline\\{closure}()
#29 /www/wwwroot/demo.medace.org/vendor/laravel/framework/src/Illuminate/Pipeline/Pipeline.php(180): Illuminate\\Routing\\Middleware\\SubstituteBindings->handle()
#30 /www/wwwroot/demo.medace.org/vendor/laravel/framework/src/Illuminate/Foundation/Http/Middleware/VerifyCsrfToken.php(78): Illuminate\\Pipeline\\Pipeline->Illuminate\\Pipeline\\{closure}()
#31 /www/wwwroot/demo.medace.org/vendor/laravel/framework/src/Illuminate/Pipeline/Pipeline.php(180): Illuminate\\Foundation\\Http\\Middleware\\VerifyCsrfToken->handle()
#32 /www/wwwroot/demo.medace.org/vendor/laravel/framework/src/Illuminate/View/Middleware/ShareErrorsFromSession.php(49): Illuminate\\Pipeline\\Pipeline->Illuminate\\Pipeline\\{closure}()
#33 /www/wwwroot/demo.medace.org/vendor/laravel/framework/src/Illuminate/Pipeline/Pipeline.php(180): Illuminate\\View\\Middleware\\ShareErrorsFromSession->handle()
#34 /www/wwwroot/demo.medace.org/vendor/laravel/framework/src/Illuminate/Session/Middleware/StartSession.php(121): Illuminate\\Pipeline\\Pipeline->Illuminate\\Pipeline\\{closure}()
#35 /www/wwwroot/demo.medace.org/vendor/laravel/framework/src/Illuminate/Session/Middleware/StartSession.php(64): Illuminate\\Session\\Middleware\\StartSession->handleStatefulRequest()
#36 /www/wwwroot/demo.medace.org/vendor/laravel/framework/src/Illuminate/Pipeline/Pipeline.php(180): Illuminate\\Session\\Middleware\\StartSession->handle()
#37 /www/wwwroot/demo.medace.org/vendor/laravel/framework/src/Illuminate/Cookie/Middleware/AddQueuedCookiesToResponse.php(37): Illuminate\\Pipeline\\Pipeline->Illuminate\\Pipeline\\{closure}()
#38 /www/wwwroot/demo.medace.org/vendor/laravel/framework/src/Illuminate/Pipeline/Pipeline.php(180): Illuminate\\Cookie\\Middleware\\AddQueuedCookiesToResponse->handle()
#39 /www/wwwroot/demo.medace.org/vendor/laravel/framework/src/Illuminate/Cookie/Middleware/EncryptCookies.php(67): Illuminate\\Pipeline\\Pipeline->Illuminate\\Pipeline\\{closure}()
#40 /www/wwwroot/demo.medace.org/vendor/laravel/framework/src/Illuminate/Pipeline/Pipeline.php(180): Illuminate\\Cookie\\Middleware\\EncryptCookies->handle()
#41 /www/wwwroot/demo.medace.org/vendor/laravel/framework/src/Illuminate/Pipeline/Pipeline.php(116): Illuminate\\Pipeline\\Pipeline->Illuminate\\Pipeline\\{closure}()
#42 /www/wwwroot/demo.medace.org/vendor/laravel/framework/src/Illuminate/Routing/Router.php(799): Illuminate\\Pipeline\\Pipeline->then()
#43 /www/wwwroot/demo.medace.org/vendor/laravel/framework/src/Illuminate/Routing/Router.php(776): Illuminate\\Routing\\Router->runRouteWithinStack()
#44 /www/wwwroot/demo.medace.org/vendor/laravel/framework/src/Illuminate/Routing/Router.php(740): Illuminate\\Routing\\Router->runRoute()
#45 /www/wwwroot/demo.medace.org/vendor/laravel/framework/src/Illuminate/Routing/Router.php(729): Illuminate\\Routing\\Router->dispatchToRoute()
#46 /www/wwwroot/demo.medace.org/vendor/laravel/framework/src/Illuminate/Foundation/Http/Kernel.php(190): Illuminate\\Routing\\Router->dispatch()
#47 /www/wwwroot/demo.medace.org/vendor/laravel/framework/src/Illuminate/Pipeline/Pipeline.php(141): Illuminate\\Foundation\\Http\\Kernel->Illuminate\\Foundation\\Http\\{closure}()
#48 /www/wwwroot/demo.medace.org/vendor/barryvdh/laravel-debugbar/src/Middleware/InjectDebugbar.php(66): Illuminate\\Pipeline\\Pipeline->Illuminate\\Pipeline\\{closure}()
#49 /www/wwwroot/demo.medace.org/vendor/laravel/framework/src/Illuminate/Pipeline/Pipeline.php(180): Barryvdh\\Debugbar\\Middleware\\InjectDebugbar->handle()
#50 /www/wwwroot/demo.medace.org/vendor/laravel/framework/src/Illuminate/Foundation/Http/Middleware/TransformsRequest.php(21): Illuminate\\Pipeline\\Pipeline->Illuminate\\Pipeline\\{closure}()
#51 /www/wwwroot/demo.medace.org/vendor/laravel/framework/src/Illuminate/Foundation/Http/Middleware/ConvertEmptyStringsToNull.php(31): Illuminate\\Foundation\\Http\\Middleware\\TransformsRequest->handle()
#52 /www/wwwroot/demo.medace.org/vendor/laravel/framework/src/Illuminate/Pipeline/Pipeline.php(180): Illuminate\\Foundation\\Http\\Middleware\\ConvertEmptyStringsToNull->handle()
#53 /www/wwwroot/demo.medace.org/vendor/laravel/framework/src/Illuminate/Foundation/Http/Middleware/TransformsRequest.php(21): Illuminate\\Pipeline\\Pipeline->Illuminate\\Pipeline\\{closure}()
#54 /www/wwwroot/demo.medace.org/vendor/laravel/framework/src/Illuminate/Foundation/Http/Middleware/TrimStrings.php(40): Illuminate\\Foundation\\Http\\Middleware\\TransformsRequest->handle()
#55 /www/wwwroot/demo.medace.org/vendor/laravel/framework/src/Illuminate/Pipeline/Pipeline.php(180): Illuminate\\Foundation\\Http\\Middleware\\TrimStrings->handle()
#56 /www/wwwroot/demo.medace.org/vendor/laravel/framework/src/Illuminate/Foundation/Http/Middleware/ValidatePostSize.php(27): Illuminate\\Pipeline\\Pipeline->Illuminate\\Pipeline\\{closure}()
#57 /www/wwwroot/demo.medace.org/vendor/laravel/framework/src/Illuminate/Pipeline/Pipeline.php(180): Illuminate\\Foundation\\Http\\Middleware\\ValidatePostSize->handle()
#58 /www/wwwroot/demo.medace.org/vendor/laravel/framework/src/Illuminate/Foundation/Http/Middleware/PreventRequestsDuringMaintenance.php(86): Illuminate\\Pipeline\\Pipeline->Illuminate\\Pipeline\\{closure}()
#59 /www/wwwroot/demo.medace.org/vendor/laravel/framework/src/Illuminate/Pipeline/Pipeline.php(180): Illuminate\\Foundation\\Http\\Middleware\\PreventRequestsDuringMaintenance->handle()
#60 /www/wwwroot/demo.medace.org/vendor/fruitcake/laravel-cors/src/HandleCors.php(38): Illuminate\\Pipeline\\Pipeline->Illuminate\\Pipeline\\{closure}()
#61 /www/wwwroot/demo.medace.org/vendor/laravel/framework/src/Illuminate/Pipeline/Pipeline.php(180): Fruitcake\\Cors\\HandleCors->handle()
#62 /www/wwwroot/demo.medace.org/vendor/laravel/framework/src/Illuminate/Http/Middleware/TrustProxies.php(39): Illuminate\\Pipeline\\Pipeline->Illuminate\\Pipeline\\{closure}()
#63 /www/wwwroot/demo.medace.org/vendor/laravel/framework/src/Illuminate/Pipeline/Pipeline.php(180): Illuminate\\Http\\Middleware\\TrustProxies->handle()
#64 /www/wwwroot/demo.medace.org/vendor/laravel/framework/src/Illuminate/Pipeline/Pipeline.php(116): Illuminate\\Pipeline\\Pipeline->Illuminate\\Pipeline\\{closure}()
#65 /www/wwwroot/demo.medace.org/vendor/laravel/framework/src/Illuminate/Foundation/Http/Kernel.php(165): Illuminate\\Pipeline\\Pipeline->then()
#66 /www/wwwroot/demo.medace.org/vendor/laravel/framework/src/Illuminate/Foundation/Http/Kernel.php(134): Illuminate\\Foundation\\Http\\Kernel->sendRequestThroughRouter()
#67 /www/wwwroot/demo.medace.org/public/index.php(52): Illuminate\\Foundation\\Http\\Kernel->handle()
#68 {main}
"} 
[2025-04-16 08:19:21] production.ERROR: file_exists(): open_basedir restriction in effect. File(/fonts/OpenSans-Regular.ttf) is not within the allowed path(s): (/www/wwwroot/demo.medace.org/:/tmp/) {"exception":"[object] (ErrorException(code: 0): file_exists(): open_basedir restriction in effect. File(/fonts/OpenSans-Regular.ttf) is not within the allowed path(s): (/www/wwwroot/demo.medace.org/:/tmp/) at /www/wwwroot/demo.medace.org/vendor/lasserafn/php-initial-avatar-generator/src/InitialAvatar.php:739)
[stacktrace]
#0 /www/wwwroot/demo.medace.org/vendor/laravel/framework/src/Illuminate/Foundation/Bootstrap/HandleExceptions.php(270): Illuminate\\Foundation\\Bootstrap\\HandleExceptions->handleError()
#1 [internal function]: Illuminate\\Foundation\\Bootstrap\\HandleExceptions->Illuminate\\Foundation\\Bootstrap\\{closure}()
#2 /www/wwwroot/demo.medace.org/vendor/lasserafn/php-initial-avatar-generator/src/InitialAvatar.php(739): file_exists()
#3 /www/wwwroot/demo.medace.org/vendor/lasserafn/php-initial-avatar-generator/src/InitialAvatar.php(644): LasseRafn\\InitialAvatarGenerator\\InitialAvatar->findFontFile()
#4 /www/wwwroot/demo.medace.org/vendor/lasserafn/php-initial-avatar-generator/src/InitialAvatar.php(401): LasseRafn\\InitialAvatarGenerator\\InitialAvatar->makeAvatar()
#5 /www/wwwroot/demo.medace.org/app/Http/Controllers/Web/DefaultAvatarController.php(39): LasseRafn\\InitialAvatarGenerator\\InitialAvatar->generate()
#6 /www/wwwroot/demo.medace.org/vendor/laravel/framework/src/Illuminate/Routing/Controller.php(54): App\\Http\\Controllers\\Web\\DefaultAvatarController->make()
#7 /www/wwwroot/demo.medace.org/vendor/laravel/framework/src/Illuminate/Routing/ControllerDispatcher.php(43): Illuminate\\Routing\\Controller->callAction()
#8 /www/wwwroot/demo.medace.org/vendor/laravel/framework/src/Illuminate/Routing/Route.php(260): Illuminate\\Routing\\ControllerDispatcher->dispatch()
#9 /www/wwwroot/demo.medace.org/vendor/laravel/framework/src/Illuminate/Routing/Route.php(205): Illuminate\\Routing\\Route->runController()
#10 /www/wwwroot/demo.medace.org/vendor/laravel/framework/src/Illuminate/Routing/Router.php(798): Illuminate\\Routing\\Route->run()
#11 /www/wwwroot/demo.medace.org/vendor/laravel/framework/src/Illuminate/Pipeline/Pipeline.php(141): Illuminate\\Routing\\Router->Illuminate\\Routing\\{closure}()
#12 /www/wwwroot/demo.medace.org/app/Http/Middleware/CheckRestriction.php(34): Illuminate\\Pipeline\\Pipeline->Illuminate\\Pipeline\\{closure}()
#13 /www/wwwroot/demo.medace.org/vendor/laravel/framework/src/Illuminate/Pipeline/Pipeline.php(180): App\\Http\\Middleware\\CheckRestriction->handle()
#14 /www/wwwroot/demo.medace.org/app/Http/Middleware/CheckMaintenance.php(37): Illuminate\\Pipeline\\Pipeline->Illuminate\\Pipeline\\{closure}()
#15 /www/wwwroot/demo.medace.org/vendor/laravel/framework/src/Illuminate/Pipeline/Pipeline.php(180): App\\Http\\Middleware\\CheckMaintenance->handle()
#16 /www/wwwroot/demo.medace.org/app/Http/Middleware/Share.php(90): Illuminate\\Pipeline\\Pipeline->Illuminate\\Pipeline\\{closure}()
#17 /www/wwwroot/demo.medace.org/vendor/laravel/framework/src/Illuminate/Pipeline/Pipeline.php(180): App\\Http\\Middleware\\Share->handle()
#18 /www/wwwroot/demo.medace.org/app/Http/Middleware/Impersonate.php(23): Illuminate\\Pipeline\\Pipeline->Illuminate\\Pipeline\\{closure}()
#19 /www/wwwroot/demo.medace.org/vendor/laravel/framework/src/Illuminate/Pipeline/Pipeline.php(180): App\\Http\\Middleware\\Impersonate->handle()
#20 /www/wwwroot/demo.medace.org/app/Http/Middleware/CheckMobileApp.php(25): Illuminate\\Pipeline\\Pipeline->Illuminate\\Pipeline\\{closure}()
#21 /www/wwwroot/demo.medace.org/vendor/laravel/framework/src/Illuminate/Pipeline/Pipeline.php(180): App\\Http\\Middleware\\CheckMobileApp->handle()
#22 /www/wwwroot/demo.medace.org/app/Http/Middleware/DebugBar.php(22): Illuminate\\Pipeline\\Pipeline->Illuminate\\Pipeline\\{closure}()
#23 /www/wwwroot/demo.medace.org/vendor/laravel/framework/src/Illuminate/Pipeline/Pipeline.php(180): App\\Http\\Middleware\\DebugBar->handle()
#24 /www/wwwroot/demo.medace.org/app/Http/Middleware/SessionValidity.php(36): Illuminate\\Pipeline\\Pipeline->Illuminate\\Pipeline\\{closure}()
#25 /www/wwwroot/demo.medace.org/vendor/laravel/framework/src/Illuminate/Pipeline/Pipeline.php(180): App\\Http\\Middleware\\SessionValidity->handle()
#26 /www/wwwroot/demo.medace.org/app/Http/Middleware/UserLocale.php(44): Illuminate\\Pipeline\\Pipeline->Illuminate\\Pipeline\\{closure}()
#27 /www/wwwroot/demo.medace.org/vendor/laravel/framework/src/Illuminate/Pipeline/Pipeline.php(180): App\\Http\\Middleware\\UserLocale->handle()
#28 /www/wwwroot/demo.medace.org/vendor/laravel/framework/src/Illuminate/Routing/Middleware/SubstituteBindings.php(50): Illuminate\\Pipeline\\Pipeline->Illuminate\\Pipeline\\{closure}()
#29 /www/wwwroot/demo.medace.org/vendor/laravel/framework/src/Illuminate/Pipeline/Pipeline.php(180): Illuminate\\Routing\\Middleware\\SubstituteBindings->handle()
#30 /www/wwwroot/demo.medace.org/vendor/laravel/framework/src/Illuminate/Foundation/Http/Middleware/VerifyCsrfToken.php(78): Illuminate\\Pipeline\\Pipeline->Illuminate\\Pipeline\\{closure}()
#31 /www/wwwroot/demo.medace.org/vendor/laravel/framework/src/Illuminate/Pipeline/Pipeline.php(180): Illuminate\\Foundation\\Http\\Middleware\\VerifyCsrfToken->handle()
#32 /www/wwwroot/demo.medace.org/vendor/laravel/framework/src/Illuminate/View/Middleware/ShareErrorsFromSession.php(49): Illuminate\\Pipeline\\Pipeline->Illuminate\\Pipeline\\{closure}()
#33 /www/wwwroot/demo.medace.org/vendor/laravel/framework/src/Illuminate/Pipeline/Pipeline.php(180): Illuminate\\View\\Middleware\\ShareErrorsFromSession->handle()
#34 /www/wwwroot/demo.medace.org/vendor/laravel/framework/src/Illuminate/Session/Middleware/StartSession.php(121): Illuminate\\Pipeline\\Pipeline->Illuminate\\Pipeline\\{closure}()
#35 /www/wwwroot/demo.medace.org/vendor/laravel/framework/src/Illuminate/Session/Middleware/StartSession.php(64): Illuminate\\Session\\Middleware\\StartSession->handleStatefulRequest()
#36 /www/wwwroot/demo.medace.org/vendor/laravel/framework/src/Illuminate/Pipeline/Pipeline.php(180): Illuminate\\Session\\Middleware\\StartSession->handle()
#37 /www/wwwroot/demo.medace.org/vendor/laravel/framework/src/Illuminate/Cookie/Middleware/AddQueuedCookiesToResponse.php(37): Illuminate\\Pipeline\\Pipeline->Illuminate\\Pipeline\\{closure}()
#38 /www/wwwroot/demo.medace.org/vendor/laravel/framework/src/Illuminate/Pipeline/Pipeline.php(180): Illuminate\\Cookie\\Middleware\\AddQueuedCookiesToResponse->handle()
#39 /www/wwwroot/demo.medace.org/vendor/laravel/framework/src/Illuminate/Cookie/Middleware/EncryptCookies.php(67): Illuminate\\Pipeline\\Pipeline->Illuminate\\Pipeline\\{closure}()
#40 /www/wwwroot/demo.medace.org/vendor/laravel/framework/src/Illuminate/Pipeline/Pipeline.php(180): Illuminate\\Cookie\\Middleware\\EncryptCookies->handle()
#41 /www/wwwroot/demo.medace.org/vendor/laravel/framework/src/Illuminate/Pipeline/Pipeline.php(116): Illuminate\\Pipeline\\Pipeline->Illuminate\\Pipeline\\{closure}()
#42 /www/wwwroot/demo.medace.org/vendor/laravel/framework/src/Illuminate/Routing/Router.php(799): Illuminate\\Pipeline\\Pipeline->then()
#43 /www/wwwroot/demo.medace.org/vendor/laravel/framework/src/Illuminate/Routing/Router.php(776): Illuminate\\Routing\\Router->runRouteWithinStack()
#44 /www/wwwroot/demo.medace.org/vendor/laravel/framework/src/Illuminate/Routing/Router.php(740): Illuminate\\Routing\\Router->runRoute()
#45 /www/wwwroot/demo.medace.org/vendor/laravel/framework/src/Illuminate/Routing/Router.php(729): Illuminate\\Routing\\Router->dispatchToRoute()
#46 /www/wwwroot/demo.medace.org/vendor/laravel/framework/src/Illuminate/Foundation/Http/Kernel.php(190): Illuminate\\Routing\\Router->dispatch()
#47 /www/wwwroot/demo.medace.org/vendor/laravel/framework/src/Illuminate/Pipeline/Pipeline.php(141): Illuminate\\Foundation\\Http\\Kernel->Illuminate\\Foundation\\Http\\{closure}()
#48 /www/wwwroot/demo.medace.org/vendor/barryvdh/laravel-debugbar/src/Middleware/InjectDebugbar.php(66): Illuminate\\Pipeline\\Pipeline->Illuminate\\Pipeline\\{closure}()
#49 /www/wwwroot/demo.medace.org/vendor/laravel/framework/src/Illuminate/Pipeline/Pipeline.php(180): Barryvdh\\Debugbar\\Middleware\\InjectDebugbar->handle()
#50 /www/wwwroot/demo.medace.org/vendor/laravel/framework/src/Illuminate/Foundation/Http/Middleware/TransformsRequest.php(21): Illuminate\\Pipeline\\Pipeline->Illuminate\\Pipeline\\{closure}()
#51 /www/wwwroot/demo.medace.org/vendor/laravel/framework/src/Illuminate/Foundation/Http/Middleware/ConvertEmptyStringsToNull.php(31): Illuminate\\Foundation\\Http\\Middleware\\TransformsRequest->handle()
#52 /www/wwwroot/demo.medace.org/vendor/laravel/framework/src/Illuminate/Pipeline/Pipeline.php(180): Illuminate\\Foundation\\Http\\Middleware\\ConvertEmptyStringsToNull->handle()
#53 /www/wwwroot/demo.medace.org/vendor/laravel/framework/src/Illuminate/Foundation/Http/Middleware/TransformsRequest.php(21): Illuminate\\Pipeline\\Pipeline->Illuminate\\Pipeline\\{closure}()
#54 /www/wwwroot/demo.medace.org/vendor/laravel/framework/src/Illuminate/Foundation/Http/Middleware/TrimStrings.php(40): Illuminate\\Foundation\\Http\\Middleware\\TransformsRequest->handle()
#55 /www/wwwroot/demo.medace.org/vendor/laravel/framework/src/Illuminate/Pipeline/Pipeline.php(180): Illuminate\\Foundation\\Http\\Middleware\\TrimStrings->handle()
#56 /www/wwwroot/demo.medace.org/vendor/laravel/framework/src/Illuminate/Foundation/Http/Middleware/ValidatePostSize.php(27): Illuminate\\Pipeline\\Pipeline->Illuminate\\Pipeline\\{closure}()
#57 /www/wwwroot/demo.medace.org/vendor/laravel/framework/src/Illuminate/Pipeline/Pipeline.php(180): Illuminate\\Foundation\\Http\\Middleware\\ValidatePostSize->handle()
#58 /www/wwwroot/demo.medace.org/vendor/laravel/framework/src/Illuminate/Foundation/Http/Middleware/PreventRequestsDuringMaintenance.php(86): Illuminate\\Pipeline\\Pipeline->Illuminate\\Pipeline\\{closure}()
#59 /www/wwwroot/demo.medace.org/vendor/laravel/framework/src/Illuminate/Pipeline/Pipeline.php(180): Illuminate\\Foundation\\Http\\Middleware\\PreventRequestsDuringMaintenance->handle()
#60 /www/wwwroot/demo.medace.org/vendor/fruitcake/laravel-cors/src/HandleCors.php(38): Illuminate\\Pipeline\\Pipeline->Illuminate\\Pipeline\\{closure}()
#61 /www/wwwroot/demo.medace.org/vendor/laravel/framework/src/Illuminate/Pipeline/Pipeline.php(180): Fruitcake\\Cors\\HandleCors->handle()
#62 /www/wwwroot/demo.medace.org/vendor/laravel/framework/src/Illuminate/Http/Middleware/TrustProxies.php(39): Illuminate\\Pipeline\\Pipeline->Illuminate\\Pipeline\\{closure}()
#63 /www/wwwroot/demo.medace.org/vendor/laravel/framework/src/Illuminate/Pipeline/Pipeline.php(180): Illuminate\\Http\\Middleware\\TrustProxies->handle()
#64 /www/wwwroot/demo.medace.org/vendor/laravel/framework/src/Illuminate/Pipeline/Pipeline.php(116): Illuminate\\Pipeline\\Pipeline->Illuminate\\Pipeline\\{closure}()
#65 /www/wwwroot/demo.medace.org/vendor/laravel/framework/src/Illuminate/Foundation/Http/Kernel.php(165): Illuminate\\Pipeline\\Pipeline->then()
#66 /www/wwwroot/demo.medace.org/vendor/laravel/framework/src/Illuminate/Foundation/Http/Kernel.php(134): Illuminate\\Foundation\\Http\\Kernel->sendRequestThroughRouter()
#67 /www/wwwroot/demo.medace.org/public/index.php(52): Illuminate\\Foundation\\Http\\Kernel->handle()
#68 {main}
"} 
[2025-04-16 08:19:24] production.ERROR: file_exists(): open_basedir restriction in effect. File(/fonts/OpenSans-Regular.ttf) is not within the allowed path(s): (/www/wwwroot/demo.medace.org/:/tmp/) {"exception":"[object] (ErrorException(code: 0): file_exists(): open_basedir restriction in effect. File(/fonts/OpenSans-Regular.ttf) is not within the allowed path(s): (/www/wwwroot/demo.medace.org/:/tmp/) at /www/wwwroot/demo.medace.org/vendor/lasserafn/php-initial-avatar-generator/src/InitialAvatar.php:739)
[stacktrace]
#0 /www/wwwroot/demo.medace.org/vendor/laravel/framework/src/Illuminate/Foundation/Bootstrap/HandleExceptions.php(270): Illuminate\\Foundation\\Bootstrap\\HandleExceptions->handleError()
#1 [internal function]: Illuminate\\Foundation\\Bootstrap\\HandleExceptions->Illuminate\\Foundation\\Bootstrap\\{closure}()
#2 /www/wwwroot/demo.medace.org/vendor/lasserafn/php-initial-avatar-generator/src/InitialAvatar.php(739): file_exists()
#3 /www/wwwroot/demo.medace.org/vendor/lasserafn/php-initial-avatar-generator/src/InitialAvatar.php(644): LasseRafn\\InitialAvatarGenerator\\InitialAvatar->findFontFile()
#4 /www/wwwroot/demo.medace.org/vendor/lasserafn/php-initial-avatar-generator/src/InitialAvatar.php(401): LasseRafn\\InitialAvatarGenerator\\InitialAvatar->makeAvatar()
#5 /www/wwwroot/demo.medace.org/app/Http/Controllers/Web/DefaultAvatarController.php(39): LasseRafn\\InitialAvatarGenerator\\InitialAvatar->generate()
#6 /www/wwwroot/demo.medace.org/vendor/laravel/framework/src/Illuminate/Routing/Controller.php(54): App\\Http\\Controllers\\Web\\DefaultAvatarController->make()
#7 /www/wwwroot/demo.medace.org/vendor/laravel/framework/src/Illuminate/Routing/ControllerDispatcher.php(43): Illuminate\\Routing\\Controller->callAction()
#8 /www/wwwroot/demo.medace.org/vendor/laravel/framework/src/Illuminate/Routing/Route.php(260): Illuminate\\Routing\\ControllerDispatcher->dispatch()
#9 /www/wwwroot/demo.medace.org/vendor/laravel/framework/src/Illuminate/Routing/Route.php(205): Illuminate\\Routing\\Route->runController()
#10 /www/wwwroot/demo.medace.org/vendor/laravel/framework/src/Illuminate/Routing/Router.php(798): Illuminate\\Routing\\Route->run()
#11 /www/wwwroot/demo.medace.org/vendor/laravel/framework/src/Illuminate/Pipeline/Pipeline.php(141): Illuminate\\Routing\\Router->Illuminate\\Routing\\{closure}()
#12 /www/wwwroot/demo.medace.org/app/Http/Middleware/CheckRestriction.php(34): Illuminate\\Pipeline\\Pipeline->Illuminate\\Pipeline\\{closure}()
#13 /www/wwwroot/demo.medace.org/vendor/laravel/framework/src/Illuminate/Pipeline/Pipeline.php(180): App\\Http\\Middleware\\CheckRestriction->handle()
#14 /www/wwwroot/demo.medace.org/app/Http/Middleware/CheckMaintenance.php(37): Illuminate\\Pipeline\\Pipeline->Illuminate\\Pipeline\\{closure}()
#15 /www/wwwroot/demo.medace.org/vendor/laravel/framework/src/Illuminate/Pipeline/Pipeline.php(180): App\\Http\\Middleware\\CheckMaintenance->handle()
#16 /www/wwwroot/demo.medace.org/app/Http/Middleware/Share.php(90): Illuminate\\Pipeline\\Pipeline->Illuminate\\Pipeline\\{closure}()
#17 /www/wwwroot/demo.medace.org/vendor/laravel/framework/src/Illuminate/Pipeline/Pipeline.php(180): App\\Http\\Middleware\\Share->handle()
#18 /www/wwwroot/demo.medace.org/app/Http/Middleware/Impersonate.php(23): Illuminate\\Pipeline\\Pipeline->Illuminate\\Pipeline\\{closure}()
#19 /www/wwwroot/demo.medace.org/vendor/laravel/framework/src/Illuminate/Pipeline/Pipeline.php(180): App\\Http\\Middleware\\Impersonate->handle()
#20 /www/wwwroot/demo.medace.org/app/Http/Middleware/CheckMobileApp.php(25): Illuminate\\Pipeline\\Pipeline->Illuminate\\Pipeline\\{closure}()
#21 /www/wwwroot/demo.medace.org/vendor/laravel/framework/src/Illuminate/Pipeline/Pipeline.php(180): App\\Http\\Middleware\\CheckMobileApp->handle()
#22 /www/wwwroot/demo.medace.org/app/Http/Middleware/DebugBar.php(22): Illuminate\\Pipeline\\Pipeline->Illuminate\\Pipeline\\{closure}()
#23 /www/wwwroot/demo.medace.org/vendor/laravel/framework/src/Illuminate/Pipeline/Pipeline.php(180): App\\Http\\Middleware\\DebugBar->handle()
#24 /www/wwwroot/demo.medace.org/app/Http/Middleware/SessionValidity.php(36): Illuminate\\Pipeline\\Pipeline->Illuminate\\Pipeline\\{closure}()
#25 /www/wwwroot/demo.medace.org/vendor/laravel/framework/src/Illuminate/Pipeline/Pipeline.php(180): App\\Http\\Middleware\\SessionValidity->handle()
#26 /www/wwwroot/demo.medace.org/app/Http/Middleware/UserLocale.php(44): Illuminate\\Pipeline\\Pipeline->Illuminate\\Pipeline\\{closure}()
#27 /www/wwwroot/demo.medace.org/vendor/laravel/framework/src/Illuminate/Pipeline/Pipeline.php(180): App\\Http\\Middleware\\UserLocale->handle()
#28 /www/wwwroot/demo.medace.org/vendor/laravel/framework/src/Illuminate/Routing/Middleware/SubstituteBindings.php(50): Illuminate\\Pipeline\\Pipeline->Illuminate\\Pipeline\\{closure}()
#29 /www/wwwroot/demo.medace.org/vendor/laravel/framework/src/Illuminate/Pipeline/Pipeline.php(180): Illuminate\\Routing\\Middleware\\SubstituteBindings->handle()
#30 /www/wwwroot/demo.medace.org/vendor/laravel/framework/src/Illuminate/Foundation/Http/Middleware/VerifyCsrfToken.php(78): Illuminate\\Pipeline\\Pipeline->Illuminate\\Pipeline\\{closure}()
#31 /www/wwwroot/demo.medace.org/vendor/laravel/framework/src/Illuminate/Pipeline/Pipeline.php(180): Illuminate\\Foundation\\Http\\Middleware\\VerifyCsrfToken->handle()
#32 /www/wwwroot/demo.medace.org/vendor/laravel/framework/src/Illuminate/View/Middleware/ShareErrorsFromSession.php(49): Illuminate\\Pipeline\\Pipeline->Illuminate\\Pipeline\\{closure}()
#33 /www/wwwroot/demo.medace.org/vendor/laravel/framework/src/Illuminate/Pipeline/Pipeline.php(180): Illuminate\\View\\Middleware\\ShareErrorsFromSession->handle()
#34 /www/wwwroot/demo.medace.org/vendor/laravel/framework/src/Illuminate/Session/Middleware/StartSession.php(121): Illuminate\\Pipeline\\Pipeline->Illuminate\\Pipeline\\{closure}()
#35 /www/wwwroot/demo.medace.org/vendor/laravel/framework/src/Illuminate/Session/Middleware/StartSession.php(64): Illuminate\\Session\\Middleware\\StartSession->handleStatefulRequest()
#36 /www/wwwroot/demo.medace.org/vendor/laravel/framework/src/Illuminate/Pipeline/Pipeline.php(180): Illuminate\\Session\\Middleware\\StartSession->handle()
#37 /www/wwwroot/demo.medace.org/vendor/laravel/framework/src/Illuminate/Cookie/Middleware/AddQueuedCookiesToResponse.php(37): Illuminate\\Pipeline\\Pipeline->Illuminate\\Pipeline\\{closure}()
#38 /www/wwwroot/demo.medace.org/vendor/laravel/framework/src/Illuminate/Pipeline/Pipeline.php(180): Illuminate\\Cookie\\Middleware\\AddQueuedCookiesToResponse->handle()
#39 /www/wwwroot/demo.medace.org/vendor/laravel/framework/src/Illuminate/Cookie/Middleware/EncryptCookies.php(67): Illuminate\\Pipeline\\Pipeline->Illuminate\\Pipeline\\{closure}()
#40 /www/wwwroot/demo.medace.org/vendor/laravel/framework/src/Illuminate/Pipeline/Pipeline.php(180): Illuminate\\Cookie\\Middleware\\EncryptCookies->handle()
#41 /www/wwwroot/demo.medace.org/vendor/laravel/framework/src/Illuminate/Pipeline/Pipeline.php(116): Illuminate\\Pipeline\\Pipeline->Illuminate\\Pipeline\\{closure}()
#42 /www/wwwroot/demo.medace.org/vendor/laravel/framework/src/Illuminate/Routing/Router.php(799): Illuminate\\Pipeline\\Pipeline->then()
#43 /www/wwwroot/demo.medace.org/vendor/laravel/framework/src/Illuminate/Routing/Router.php(776): Illuminate\\Routing\\Router->runRouteWithinStack()
#44 /www/wwwroot/demo.medace.org/vendor/laravel/framework/src/Illuminate/Routing/Router.php(740): Illuminate\\Routing\\Router->runRoute()
#45 /www/wwwroot/demo.medace.org/vendor/laravel/framework/src/Illuminate/Routing/Router.php(729): Illuminate\\Routing\\Router->dispatchToRoute()
#46 /www/wwwroot/demo.medace.org/vendor/laravel/framework/src/Illuminate/Foundation/Http/Kernel.php(190): Illuminate\\Routing\\Router->dispatch()
#47 /www/wwwroot/demo.medace.org/vendor/laravel/framework/src/Illuminate/Pipeline/Pipeline.php(141): Illuminate\\Foundation\\Http\\Kernel->Illuminate\\Foundation\\Http\\{closure}()
#48 /www/wwwroot/demo.medace.org/vendor/barryvdh/laravel-debugbar/src/Middleware/InjectDebugbar.php(66): Illuminate\\Pipeline\\Pipeline->Illuminate\\Pipeline\\{closure}()
#49 /www/wwwroot/demo.medace.org/vendor/laravel/framework/src/Illuminate/Pipeline/Pipeline.php(180): Barryvdh\\Debugbar\\Middleware\\InjectDebugbar->handle()
#50 /www/wwwroot/demo.medace.org/vendor/laravel/framework/src/Illuminate/Foundation/Http/Middleware/TransformsRequest.php(21): Illuminate\\Pipeline\\Pipeline->Illuminate\\Pipeline\\{closure}()
#51 /www/wwwroot/demo.medace.org/vendor/laravel/framework/src/Illuminate/Foundation/Http/Middleware/ConvertEmptyStringsToNull.php(31): Illuminate\\Foundation\\Http\\Middleware\\TransformsRequest->handle()
#52 /www/wwwroot/demo.medace.org/vendor/laravel/framework/src/Illuminate/Pipeline/Pipeline.php(180): Illuminate\\Foundation\\Http\\Middleware\\ConvertEmptyStringsToNull->handle()
#53 /www/wwwroot/demo.medace.org/vendor/laravel/framework/src/Illuminate/Foundation/Http/Middleware/TransformsRequest.php(21): Illuminate\\Pipeline\\Pipeline->Illuminate\\Pipeline\\{closure}()
#54 /www/wwwroot/demo.medace.org/vendor/laravel/framework/src/Illuminate/Foundation/Http/Middleware/TrimStrings.php(40): Illuminate\\Foundation\\Http\\Middleware\\TransformsRequest->handle()
#55 /www/wwwroot/demo.medace.org/vendor/laravel/framework/src/Illuminate/Pipeline/Pipeline.php(180): Illuminate\\Foundation\\Http\\Middleware\\TrimStrings->handle()
#56 /www/wwwroot/demo.medace.org/vendor/laravel/framework/src/Illuminate/Foundation/Http/Middleware/ValidatePostSize.php(27): Illuminate\\Pipeline\\Pipeline->Illuminate\\Pipeline\\{closure}()
#57 /www/wwwroot/demo.medace.org/vendor/laravel/framework/src/Illuminate/Pipeline/Pipeline.php(180): Illuminate\\Foundation\\Http\\Middleware\\ValidatePostSize->handle()
#58 /www/wwwroot/demo.medace.org/vendor/laravel/framework/src/Illuminate/Foundation/Http/Middleware/PreventRequestsDuringMaintenance.php(86): Illuminate\\Pipeline\\Pipeline->Illuminate\\Pipeline\\{closure}()
#59 /www/wwwroot/demo.medace.org/vendor/laravel/framework/src/Illuminate/Pipeline/Pipeline.php(180): Illuminate\\Foundation\\Http\\Middleware\\PreventRequestsDuringMaintenance->handle()
#60 /www/wwwroot/demo.medace.org/vendor/fruitcake/laravel-cors/src/HandleCors.php(38): Illuminate\\Pipeline\\Pipeline->Illuminate\\Pipeline\\{closure}()
#61 /www/wwwroot/demo.medace.org/vendor/laravel/framework/src/Illuminate/Pipeline/Pipeline.php(180): Fruitcake\\Cors\\HandleCors->handle()
#62 /www/wwwroot/demo.medace.org/vendor/laravel/framework/src/Illuminate/Http/Middleware/TrustProxies.php(39): Illuminate\\Pipeline\\Pipeline->Illuminate\\Pipeline\\{closure}()
#63 /www/wwwroot/demo.medace.org/vendor/laravel/framework/src/Illuminate/Pipeline/Pipeline.php(180): Illuminate\\Http\\Middleware\\TrustProxies->handle()
#64 /www/wwwroot/demo.medace.org/vendor/laravel/framework/src/Illuminate/Pipeline/Pipeline.php(116): Illuminate\\Pipeline\\Pipeline->Illuminate\\Pipeline\\{closure}()
#65 /www/wwwroot/demo.medace.org/vendor/laravel/framework/src/Illuminate/Foundation/Http/Kernel.php(165): Illuminate\\Pipeline\\Pipeline->then()
#66 /www/wwwroot/demo.medace.org/vendor/laravel/framework/src/Illuminate/Foundation/Http/Kernel.php(134): Illuminate\\Foundation\\Http\\Kernel->sendRequestThroughRouter()
#67 /www/wwwroot/demo.medace.org/public/index.php(52): Illuminate\\Foundation\\Http\\Kernel->handle()
#68 {main}
"} 
[2025-04-16 08:19:24] production.ERROR: file_exists(): open_basedir restriction in effect. File(/fonts/OpenSans-Regular.ttf) is not within the allowed path(s): (/www/wwwroot/demo.medace.org/:/tmp/) {"exception":"[object] (ErrorException(code: 0): file_exists(): open_basedir restriction in effect. File(/fonts/OpenSans-Regular.ttf) is not within the allowed path(s): (/www/wwwroot/demo.medace.org/:/tmp/) at /www/wwwroot/demo.medace.org/vendor/lasserafn/php-initial-avatar-generator/src/InitialAvatar.php:739)
[stacktrace]
#0 /www/wwwroot/demo.medace.org/vendor/laravel/framework/src/Illuminate/Foundation/Bootstrap/HandleExceptions.php(270): Illuminate\\Foundation\\Bootstrap\\HandleExceptions->handleError()
#1 [internal function]: Illuminate\\Foundation\\Bootstrap\\HandleExceptions->Illuminate\\Foundation\\Bootstrap\\{closure}()
#2 /www/wwwroot/demo.medace.org/vendor/lasserafn/php-initial-avatar-generator/src/InitialAvatar.php(739): file_exists()
#3 /www/wwwroot/demo.medace.org/vendor/lasserafn/php-initial-avatar-generator/src/InitialAvatar.php(644): LasseRafn\\InitialAvatarGenerator\\InitialAvatar->findFontFile()
#4 /www/wwwroot/demo.medace.org/vendor/lasserafn/php-initial-avatar-generator/src/InitialAvatar.php(401): LasseRafn\\InitialAvatarGenerator\\InitialAvatar->makeAvatar()
#5 /www/wwwroot/demo.medace.org/app/Http/Controllers/Web/DefaultAvatarController.php(39): LasseRafn\\InitialAvatarGenerator\\InitialAvatar->generate()
#6 /www/wwwroot/demo.medace.org/vendor/laravel/framework/src/Illuminate/Routing/Controller.php(54): App\\Http\\Controllers\\Web\\DefaultAvatarController->make()
#7 /www/wwwroot/demo.medace.org/vendor/laravel/framework/src/Illuminate/Routing/ControllerDispatcher.php(43): Illuminate\\Routing\\Controller->callAction()
#8 /www/wwwroot/demo.medace.org/vendor/laravel/framework/src/Illuminate/Routing/Route.php(260): Illuminate\\Routing\\ControllerDispatcher->dispatch()
#9 /www/wwwroot/demo.medace.org/vendor/laravel/framework/src/Illuminate/Routing/Route.php(205): Illuminate\\Routing\\Route->runController()
#10 /www/wwwroot/demo.medace.org/vendor/laravel/framework/src/Illuminate/Routing/Router.php(798): Illuminate\\Routing\\Route->run()
#11 /www/wwwroot/demo.medace.org/vendor/laravel/framework/src/Illuminate/Pipeline/Pipeline.php(141): Illuminate\\Routing\\Router->Illuminate\\Routing\\{closure}()
#12 /www/wwwroot/demo.medace.org/app/Http/Middleware/CheckRestriction.php(34): Illuminate\\Pipeline\\Pipeline->Illuminate\\Pipeline\\{closure}()
#13 /www/wwwroot/demo.medace.org/vendor/laravel/framework/src/Illuminate/Pipeline/Pipeline.php(180): App\\Http\\Middleware\\CheckRestriction->handle()
#14 /www/wwwroot/demo.medace.org/app/Http/Middleware/CheckMaintenance.php(37): Illuminate\\Pipeline\\Pipeline->Illuminate\\Pipeline\\{closure}()
#15 /www/wwwroot/demo.medace.org/vendor/laravel/framework/src/Illuminate/Pipeline/Pipeline.php(180): App\\Http\\Middleware\\CheckMaintenance->handle()
#16 /www/wwwroot/demo.medace.org/app/Http/Middleware/Share.php(90): Illuminate\\Pipeline\\Pipeline->Illuminate\\Pipeline\\{closure}()
#17 /www/wwwroot/demo.medace.org/vendor/laravel/framework/src/Illuminate/Pipeline/Pipeline.php(180): App\\Http\\Middleware\\Share->handle()
#18 /www/wwwroot/demo.medace.org/app/Http/Middleware/Impersonate.php(23): Illuminate\\Pipeline\\Pipeline->Illuminate\\Pipeline\\{closure}()
#19 /www/wwwroot/demo.medace.org/vendor/laravel/framework/src/Illuminate/Pipeline/Pipeline.php(180): App\\Http\\Middleware\\Impersonate->handle()
#20 /www/wwwroot/demo.medace.org/app/Http/Middleware/CheckMobileApp.php(25): Illuminate\\Pipeline\\Pipeline->Illuminate\\Pipeline\\{closure}()
#21 /www/wwwroot/demo.medace.org/vendor/laravel/framework/src/Illuminate/Pipeline/Pipeline.php(180): App\\Http\\Middleware\\CheckMobileApp->handle()
#22 /www/wwwroot/demo.medace.org/app/Http/Middleware/DebugBar.php(22): Illuminate\\Pipeline\\Pipeline->Illuminate\\Pipeline\\{closure}()
#23 /www/wwwroot/demo.medace.org/vendor/laravel/framework/src/Illuminate/Pipeline/Pipeline.php(180): App\\Http\\Middleware\\DebugBar->handle()
#24 /www/wwwroot/demo.medace.org/app/Http/Middleware/SessionValidity.php(36): Illuminate\\Pipeline\\Pipeline->Illuminate\\Pipeline\\{closure}()
#25 /www/wwwroot/demo.medace.org/vendor/laravel/framework/src/Illuminate/Pipeline/Pipeline.php(180): App\\Http\\Middleware\\SessionValidity->handle()
#26 /www/wwwroot/demo.medace.org/app/Http/Middleware/UserLocale.php(44): Illuminate\\Pipeline\\Pipeline->Illuminate\\Pipeline\\{closure}()
#27 /www/wwwroot/demo.medace.org/vendor/laravel/framework/src/Illuminate/Pipeline/Pipeline.php(180): App\\Http\\Middleware\\UserLocale->handle()
#28 /www/wwwroot/demo.medace.org/vendor/laravel/framework/src/Illuminate/Routing/Middleware/SubstituteBindings.php(50): Illuminate\\Pipeline\\Pipeline->Illuminate\\Pipeline\\{closure}()
#29 /www/wwwroot/demo.medace.org/vendor/laravel/framework/src/Illuminate/Pipeline/Pipeline.php(180): Illuminate\\Routing\\Middleware\\SubstituteBindings->handle()
#30 /www/wwwroot/demo.medace.org/vendor/laravel/framework/src/Illuminate/Foundation/Http/Middleware/VerifyCsrfToken.php(78): Illuminate\\Pipeline\\Pipeline->Illuminate\\Pipeline\\{closure}()
#31 /www/wwwroot/demo.medace.org/vendor/laravel/framework/src/Illuminate/Pipeline/Pipeline.php(180): Illuminate\\Foundation\\Http\\Middleware\\VerifyCsrfToken->handle()
#32 /www/wwwroot/demo.medace.org/vendor/laravel/framework/src/Illuminate/View/Middleware/ShareErrorsFromSession.php(49): Illuminate\\Pipeline\\Pipeline->Illuminate\\Pipeline\\{closure}()
#33 /www/wwwroot/demo.medace.org/vendor/laravel/framework/src/Illuminate/Pipeline/Pipeline.php(180): Illuminate\\View\\Middleware\\ShareErrorsFromSession->handle()
#34 /www/wwwroot/demo.medace.org/vendor/laravel/framework/src/Illuminate/Session/Middleware/StartSession.php(121): Illuminate\\Pipeline\\Pipeline->Illuminate\\Pipeline\\{closure}()
#35 /www/wwwroot/demo.medace.org/vendor/laravel/framework/src/Illuminate/Session/Middleware/StartSession.php(64): Illuminate\\Session\\Middleware\\StartSession->handleStatefulRequest()
#36 /www/wwwroot/demo.medace.org/vendor/laravel/framework/src/Illuminate/Pipeline/Pipeline.php(180): Illuminate\\Session\\Middleware\\StartSession->handle()
#37 /www/wwwroot/demo.medace.org/vendor/laravel/framework/src/Illuminate/Cookie/Middleware/AddQueuedCookiesToResponse.php(37): Illuminate\\Pipeline\\Pipeline->Illuminate\\Pipeline\\{closure}()
#38 /www/wwwroot/demo.medace.org/vendor/laravel/framework/src/Illuminate/Pipeline/Pipeline.php(180): Illuminate\\Cookie\\Middleware\\AddQueuedCookiesToResponse->handle()
#39 /www/wwwroot/demo.medace.org/vendor/laravel/framework/src/Illuminate/Cookie/Middleware/EncryptCookies.php(67): Illuminate\\Pipeline\\Pipeline->Illuminate\\Pipeline\\{closure}()
#40 /www/wwwroot/demo.medace.org/vendor/laravel/framework/src/Illuminate/Pipeline/Pipeline.php(180): Illuminate\\Cookie\\Middleware\\EncryptCookies->handle()
#41 /www/wwwroot/demo.medace.org/vendor/laravel/framework/src/Illuminate/Pipeline/Pipeline.php(116): Illuminate\\Pipeline\\Pipeline->Illuminate\\Pipeline\\{closure}()
#42 /www/wwwroot/demo.medace.org/vendor/laravel/framework/src/Illuminate/Routing/Router.php(799): Illuminate\\Pipeline\\Pipeline->then()
#43 /www/wwwroot/demo.medace.org/vendor/laravel/framework/src/Illuminate/Routing/Router.php(776): Illuminate\\Routing\\Router->runRouteWithinStack()
#44 /www/wwwroot/demo.medace.org/vendor/laravel/framework/src/Illuminate/Routing/Router.php(740): Illuminate\\Routing\\Router->runRoute()
#45 /www/wwwroot/demo.medace.org/vendor/laravel/framework/src/Illuminate/Routing/Router.php(729): Illuminate\\Routing\\Router->dispatchToRoute()
#46 /www/wwwroot/demo.medace.org/vendor/laravel/framework/src/Illuminate/Foundation/Http/Kernel.php(190): Illuminate\\Routing\\Router->dispatch()
#47 /www/wwwroot/demo.medace.org/vendor/laravel/framework/src/Illuminate/Pipeline/Pipeline.php(141): Illuminate\\Foundation\\Http\\Kernel->Illuminate\\Foundation\\Http\\{closure}()
#48 /www/wwwroot/demo.medace.org/vendor/barryvdh/laravel-debugbar/src/Middleware/InjectDebugbar.php(66): Illuminate\\Pipeline\\Pipeline->Illuminate\\Pipeline\\{closure}()
#49 /www/wwwroot/demo.medace.org/vendor/laravel/framework/src/Illuminate/Pipeline/Pipeline.php(180): Barryvdh\\Debugbar\\Middleware\\InjectDebugbar->handle()
#50 /www/wwwroot/demo.medace.org/vendor/laravel/framework/src/Illuminate/Foundation/Http/Middleware/TransformsRequest.php(21): Illuminate\\Pipeline\\Pipeline->Illuminate\\Pipeline\\{closure}()
#51 /www/wwwroot/demo.medace.org/vendor/laravel/framework/src/Illuminate/Foundation/Http/Middleware/ConvertEmptyStringsToNull.php(31): Illuminate\\Foundation\\Http\\Middleware\\TransformsRequest->handle()
#52 /www/wwwroot/demo.medace.org/vendor/laravel/framework/src/Illuminate/Pipeline/Pipeline.php(180): Illuminate\\Foundation\\Http\\Middleware\\ConvertEmptyStringsToNull->handle()
#53 /www/wwwroot/demo.medace.org/vendor/laravel/framework/src/Illuminate/Foundation/Http/Middleware/TransformsRequest.php(21): Illuminate\\Pipeline\\Pipeline->Illuminate\\Pipeline\\{closure}()
#54 /www/wwwroot/demo.medace.org/vendor/laravel/framework/src/Illuminate/Foundation/Http/Middleware/TrimStrings.php(40): Illuminate\\Foundation\\Http\\Middleware\\TransformsRequest->handle()
#55 /www/wwwroot/demo.medace.org/vendor/laravel/framework/src/Illuminate/Pipeline/Pipeline.php(180): Illuminate\\Foundation\\Http\\Middleware\\TrimStrings->handle()
#56 /www/wwwroot/demo.medace.org/vendor/laravel/framework/src/Illuminate/Foundation/Http/Middleware/ValidatePostSize.php(27): Illuminate\\Pipeline\\Pipeline->Illuminate\\Pipeline\\{closure}()
#57 /www/wwwroot/demo.medace.org/vendor/laravel/framework/src/Illuminate/Pipeline/Pipeline.php(180): Illuminate\\Foundation\\Http\\Middleware\\ValidatePostSize->handle()
#58 /www/wwwroot/demo.medace.org/vendor/laravel/framework/src/Illuminate/Foundation/Http/Middleware/PreventRequestsDuringMaintenance.php(86): Illuminate\\Pipeline\\Pipeline->Illuminate\\Pipeline\\{closure}()
#59 /www/wwwroot/demo.medace.org/vendor/laravel/framework/src/Illuminate/Pipeline/Pipeline.php(180): Illuminate\\Foundation\\Http\\Middleware\\PreventRequestsDuringMaintenance->handle()
#60 /www/wwwroot/demo.medace.org/vendor/fruitcake/laravel-cors/src/HandleCors.php(38): Illuminate\\Pipeline\\Pipeline->Illuminate\\Pipeline\\{closure}()
#61 /www/wwwroot/demo.medace.org/vendor/laravel/framework/src/Illuminate/Pipeline/Pipeline.php(180): Fruitcake\\Cors\\HandleCors->handle()
#62 /www/wwwroot/demo.medace.org/vendor/laravel/framework/src/Illuminate/Http/Middleware/TrustProxies.php(39): Illuminate\\Pipeline\\Pipeline->Illuminate\\Pipeline\\{closure}()
#63 /www/wwwroot/demo.medace.org/vendor/laravel/framework/src/Illuminate/Pipeline/Pipeline.php(180): Illuminate\\Http\\Middleware\\TrustProxies->handle()
#64 /www/wwwroot/demo.medace.org/vendor/laravel/framework/src/Illuminate/Pipeline/Pipeline.php(116): Illuminate\\Pipeline\\Pipeline->Illuminate\\Pipeline\\{closure}()
#65 /www/wwwroot/demo.medace.org/vendor/laravel/framework/src/Illuminate/Foundation/Http/Kernel.php(165): Illuminate\\Pipeline\\Pipeline->then()
#66 /www/wwwroot/demo.medace.org/vendor/laravel/framework/src/Illuminate/Foundation/Http/Kernel.php(134): Illuminate\\Foundation\\Http\\Kernel->sendRequestThroughRouter()
#67 /www/wwwroot/demo.medace.org/public/index.php(52): Illuminate\\Foundation\\Http\\Kernel->handle()
#68 {main}
"} 
[2025-04-16 08:20:47] production.ERROR: file_exists(): open_basedir restriction in effect. File(/fonts/OpenSans-Regular.ttf) is not within the allowed path(s): (/www/wwwroot/demo.medace.org/:/tmp/) {"userId":1049,"exception":"[object] (ErrorException(code: 0): file_exists(): open_basedir restriction in effect. File(/fonts/OpenSans-Regular.ttf) is not within the allowed path(s): (/www/wwwroot/demo.medace.org/:/tmp/) at /www/wwwroot/demo.medace.org/vendor/lasserafn/php-initial-avatar-generator/src/InitialAvatar.php:739)
[stacktrace]
#0 /www/wwwroot/demo.medace.org/vendor/laravel/framework/src/Illuminate/Foundation/Bootstrap/HandleExceptions.php(270): Illuminate\\Foundation\\Bootstrap\\HandleExceptions->handleError()
#1 [internal function]: Illuminate\\Foundation\\Bootstrap\\HandleExceptions->Illuminate\\Foundation\\Bootstrap\\{closure}()
#2 /www/wwwroot/demo.medace.org/vendor/lasserafn/php-initial-avatar-generator/src/InitialAvatar.php(739): file_exists()
#3 /www/wwwroot/demo.medace.org/vendor/lasserafn/php-initial-avatar-generator/src/InitialAvatar.php(644): LasseRafn\\InitialAvatarGenerator\\InitialAvatar->findFontFile()
#4 /www/wwwroot/demo.medace.org/vendor/lasserafn/php-initial-avatar-generator/src/InitialAvatar.php(401): LasseRafn\\InitialAvatarGenerator\\InitialAvatar->makeAvatar()
#5 /www/wwwroot/demo.medace.org/app/Http/Controllers/Web/DefaultAvatarController.php(39): LasseRafn\\InitialAvatarGenerator\\InitialAvatar->generate()
#6 /www/wwwroot/demo.medace.org/vendor/laravel/framework/src/Illuminate/Routing/Controller.php(54): App\\Http\\Controllers\\Web\\DefaultAvatarController->make()
#7 /www/wwwroot/demo.medace.org/vendor/laravel/framework/src/Illuminate/Routing/ControllerDispatcher.php(43): Illuminate\\Routing\\Controller->callAction()
#8 /www/wwwroot/demo.medace.org/vendor/laravel/framework/src/Illuminate/Routing/Route.php(260): Illuminate\\Routing\\ControllerDispatcher->dispatch()
#9 /www/wwwroot/demo.medace.org/vendor/laravel/framework/src/Illuminate/Routing/Route.php(205): Illuminate\\Routing\\Route->runController()
#10 /www/wwwroot/demo.medace.org/vendor/laravel/framework/src/Illuminate/Routing/Router.php(798): Illuminate\\Routing\\Route->run()
#11 /www/wwwroot/demo.medace.org/vendor/laravel/framework/src/Illuminate/Pipeline/Pipeline.php(141): Illuminate\\Routing\\Router->Illuminate\\Routing\\{closure}()
#12 /www/wwwroot/demo.medace.org/app/Http/Middleware/CheckRestriction.php(34): Illuminate\\Pipeline\\Pipeline->Illuminate\\Pipeline\\{closure}()
#13 /www/wwwroot/demo.medace.org/vendor/laravel/framework/src/Illuminate/Pipeline/Pipeline.php(180): App\\Http\\Middleware\\CheckRestriction->handle()
#14 /www/wwwroot/demo.medace.org/app/Http/Middleware/CheckMaintenance.php(37): Illuminate\\Pipeline\\Pipeline->Illuminate\\Pipeline\\{closure}()
#15 /www/wwwroot/demo.medace.org/vendor/laravel/framework/src/Illuminate/Pipeline/Pipeline.php(180): App\\Http\\Middleware\\CheckMaintenance->handle()
#16 /www/wwwroot/demo.medace.org/app/Http/Middleware/Share.php(90): Illuminate\\Pipeline\\Pipeline->Illuminate\\Pipeline\\{closure}()
#17 /www/wwwroot/demo.medace.org/vendor/laravel/framework/src/Illuminate/Pipeline/Pipeline.php(180): App\\Http\\Middleware\\Share->handle()
#18 /www/wwwroot/demo.medace.org/app/Http/Middleware/Impersonate.php(23): Illuminate\\Pipeline\\Pipeline->Illuminate\\Pipeline\\{closure}()
#19 /www/wwwroot/demo.medace.org/vendor/laravel/framework/src/Illuminate/Pipeline/Pipeline.php(180): App\\Http\\Middleware\\Impersonate->handle()
#20 /www/wwwroot/demo.medace.org/app/Http/Middleware/CheckMobileApp.php(25): Illuminate\\Pipeline\\Pipeline->Illuminate\\Pipeline\\{closure}()
#21 /www/wwwroot/demo.medace.org/vendor/laravel/framework/src/Illuminate/Pipeline/Pipeline.php(180): App\\Http\\Middleware\\CheckMobileApp->handle()
#22 /www/wwwroot/demo.medace.org/app/Http/Middleware/DebugBar.php(22): Illuminate\\Pipeline\\Pipeline->Illuminate\\Pipeline\\{closure}()
#23 /www/wwwroot/demo.medace.org/vendor/laravel/framework/src/Illuminate/Pipeline/Pipeline.php(180): App\\Http\\Middleware\\DebugBar->handle()
#24 /www/wwwroot/demo.medace.org/app/Http/Middleware/SessionValidity.php(36): Illuminate\\Pipeline\\Pipeline->Illuminate\\Pipeline\\{closure}()
#25 /www/wwwroot/demo.medace.org/vendor/laravel/framework/src/Illuminate/Pipeline/Pipeline.php(180): App\\Http\\Middleware\\SessionValidity->handle()
#26 /www/wwwroot/demo.medace.org/app/Http/Middleware/UserLocale.php(44): Illuminate\\Pipeline\\Pipeline->Illuminate\\Pipeline\\{closure}()
#27 /www/wwwroot/demo.medace.org/vendor/laravel/framework/src/Illuminate/Pipeline/Pipeline.php(180): App\\Http\\Middleware\\UserLocale->handle()
#28 /www/wwwroot/demo.medace.org/vendor/laravel/framework/src/Illuminate/Routing/Middleware/SubstituteBindings.php(50): Illuminate\\Pipeline\\Pipeline->Illuminate\\Pipeline\\{closure}()
#29 /www/wwwroot/demo.medace.org/vendor/laravel/framework/src/Illuminate/Pipeline/Pipeline.php(180): Illuminate\\Routing\\Middleware\\SubstituteBindings->handle()
#30 /www/wwwroot/demo.medace.org/vendor/laravel/framework/src/Illuminate/Foundation/Http/Middleware/VerifyCsrfToken.php(78): Illuminate\\Pipeline\\Pipeline->Illuminate\\Pipeline\\{closure}()
#31 /www/wwwroot/demo.medace.org/vendor/laravel/framework/src/Illuminate/Pipeline/Pipeline.php(180): Illuminate\\Foundation\\Http\\Middleware\\VerifyCsrfToken->handle()
#32 /www/wwwroot/demo.medace.org/vendor/laravel/framework/src/Illuminate/View/Middleware/ShareErrorsFromSession.php(49): Illuminate\\Pipeline\\Pipeline->Illuminate\\Pipeline\\{closure}()
#33 /www/wwwroot/demo.medace.org/vendor/laravel/framework/src/Illuminate/Pipeline/Pipeline.php(180): Illuminate\\View\\Middleware\\ShareErrorsFromSession->handle()
#34 /www/wwwroot/demo.medace.org/vendor/laravel/framework/src/Illuminate/Session/Middleware/StartSession.php(121): Illuminate\\Pipeline\\Pipeline->Illuminate\\Pipeline\\{closure}()
#35 /www/wwwroot/demo.medace.org/vendor/laravel/framework/src/Illuminate/Session/Middleware/StartSession.php(64): Illuminate\\Session\\Middleware\\StartSession->handleStatefulRequest()
#36 /www/wwwroot/demo.medace.org/vendor/laravel/framework/src/Illuminate/Pipeline/Pipeline.php(180): Illuminate\\Session\\Middleware\\StartSession->handle()
#37 /www/wwwroot/demo.medace.org/vendor/laravel/framework/src/Illuminate/Cookie/Middleware/AddQueuedCookiesToResponse.php(37): Illuminate\\Pipeline\\Pipeline->Illuminate\\Pipeline\\{closure}()
#38 /www/wwwroot/demo.medace.org/vendor/laravel/framework/src/Illuminate/Pipeline/Pipeline.php(180): Illuminate\\Cookie\\Middleware\\AddQueuedCookiesToResponse->handle()
#39 /www/wwwroot/demo.medace.org/vendor/laravel/framework/src/Illuminate/Cookie/Middleware/EncryptCookies.php(67): Illuminate\\Pipeline\\Pipeline->Illuminate\\Pipeline\\{closure}()
#40 /www/wwwroot/demo.medace.org/vendor/laravel/framework/src/Illuminate/Pipeline/Pipeline.php(180): Illuminate\\Cookie\\Middleware\\EncryptCookies->handle()
#41 /www/wwwroot/demo.medace.org/vendor/laravel/framework/src/Illuminate/Pipeline/Pipeline.php(116): Illuminate\\Pipeline\\Pipeline->Illuminate\\Pipeline\\{closure}()
#42 /www/wwwroot/demo.medace.org/vendor/laravel/framework/src/Illuminate/Routing/Router.php(799): Illuminate\\Pipeline\\Pipeline->then()
#43 /www/wwwroot/demo.medace.org/vendor/laravel/framework/src/Illuminate/Routing/Router.php(776): Illuminate\\Routing\\Router->runRouteWithinStack()
#44 /www/wwwroot/demo.medace.org/vendor/laravel/framework/src/Illuminate/Routing/Router.php(740): Illuminate\\Routing\\Router->runRoute()
#45 /www/wwwroot/demo.medace.org/vendor/laravel/framework/src/Illuminate/Routing/Router.php(729): Illuminate\\Routing\\Router->dispatchToRoute()
#46 /www/wwwroot/demo.medace.org/vendor/laravel/framework/src/Illuminate/Foundation/Http/Kernel.php(190): Illuminate\\Routing\\Router->dispatch()
#47 /www/wwwroot/demo.medace.org/vendor/laravel/framework/src/Illuminate/Pipeline/Pipeline.php(141): Illuminate\\Foundation\\Http\\Kernel->Illuminate\\Foundation\\Http\\{closure}()
#48 /www/wwwroot/demo.medace.org/vendor/barryvdh/laravel-debugbar/src/Middleware/InjectDebugbar.php(66): Illuminate\\Pipeline\\Pipeline->Illuminate\\Pipeline\\{closure}()
#49 /www/wwwroot/demo.medace.org/vendor/laravel/framework/src/Illuminate/Pipeline/Pipeline.php(180): Barryvdh\\Debugbar\\Middleware\\InjectDebugbar->handle()
#50 /www/wwwroot/demo.medace.org/vendor/laravel/framework/src/Illuminate/Foundation/Http/Middleware/TransformsRequest.php(21): Illuminate\\Pipeline\\Pipeline->Illuminate\\Pipeline\\{closure}()
#51 /www/wwwroot/demo.medace.org/vendor/laravel/framework/src/Illuminate/Foundation/Http/Middleware/ConvertEmptyStringsToNull.php(31): Illuminate\\Foundation\\Http\\Middleware\\TransformsRequest->handle()
#52 /www/wwwroot/demo.medace.org/vendor/laravel/framework/src/Illuminate/Pipeline/Pipeline.php(180): Illuminate\\Foundation\\Http\\Middleware\\ConvertEmptyStringsToNull->handle()
#53 /www/wwwroot/demo.medace.org/vendor/laravel/framework/src/Illuminate/Foundation/Http/Middleware/TransformsRequest.php(21): Illuminate\\Pipeline\\Pipeline->Illuminate\\Pipeline\\{closure}()
#54 /www/wwwroot/demo.medace.org/vendor/laravel/framework/src/Illuminate/Foundation/Http/Middleware/TrimStrings.php(40): Illuminate\\Foundation\\Http\\Middleware\\TransformsRequest->handle()
#55 /www/wwwroot/demo.medace.org/vendor/laravel/framework/src/Illuminate/Pipeline/Pipeline.php(180): Illuminate\\Foundation\\Http\\Middleware\\TrimStrings->handle()
#56 /www/wwwroot/demo.medace.org/vendor/laravel/framework/src/Illuminate/Foundation/Http/Middleware/ValidatePostSize.php(27): Illuminate\\Pipeline\\Pipeline->Illuminate\\Pipeline\\{closure}()
#57 /www/wwwroot/demo.medace.org/vendor/laravel/framework/src/Illuminate/Pipeline/Pipeline.php(180): Illuminate\\Foundation\\Http\\Middleware\\ValidatePostSize->handle()
#58 /www/wwwroot/demo.medace.org/vendor/laravel/framework/src/Illuminate/Foundation/Http/Middleware/PreventRequestsDuringMaintenance.php(86): Illuminate\\Pipeline\\Pipeline->Illuminate\\Pipeline\\{closure}()
#59 /www/wwwroot/demo.medace.org/vendor/laravel/framework/src/Illuminate/Pipeline/Pipeline.php(180): Illuminate\\Foundation\\Http\\Middleware\\PreventRequestsDuringMaintenance->handle()
#60 /www/wwwroot/demo.medace.org/vendor/fruitcake/laravel-cors/src/HandleCors.php(38): Illuminate\\Pipeline\\Pipeline->Illuminate\\Pipeline\\{closure}()
#61 /www/wwwroot/demo.medace.org/vendor/laravel/framework/src/Illuminate/Pipeline/Pipeline.php(180): Fruitcake\\Cors\\HandleCors->handle()
#62 /www/wwwroot/demo.medace.org/vendor/laravel/framework/src/Illuminate/Http/Middleware/TrustProxies.php(39): Illuminate\\Pipeline\\Pipeline->Illuminate\\Pipeline\\{closure}()
#63 /www/wwwroot/demo.medace.org/vendor/laravel/framework/src/Illuminate/Pipeline/Pipeline.php(180): Illuminate\\Http\\Middleware\\TrustProxies->handle()
#64 /www/wwwroot/demo.medace.org/vendor/laravel/framework/src/Illuminate/Pipeline/Pipeline.php(116): Illuminate\\Pipeline\\Pipeline->Illuminate\\Pipeline\\{closure}()
#65 /www/wwwroot/demo.medace.org/vendor/laravel/framework/src/Illuminate/Foundation/Http/Kernel.php(165): Illuminate\\Pipeline\\Pipeline->then()
#66 /www/wwwroot/demo.medace.org/vendor/laravel/framework/src/Illuminate/Foundation/Http/Kernel.php(134): Illuminate\\Foundation\\Http\\Kernel->sendRequestThroughRouter()
#67 /www/wwwroot/demo.medace.org/public/index.php(52): Illuminate\\Foundation\\Http\\Kernel->handle()
#68 {main}
"} 
[2025-04-16 08:21:26] production.ERROR: file_exists(): open_basedir restriction in effect. File(/fonts/OpenSans-Regular.ttf) is not within the allowed path(s): (/www/wwwroot/demo.medace.org/:/tmp/) {"userId":1049,"exception":"[object] (ErrorException(code: 0): file_exists(): open_basedir restriction in effect. File(/fonts/OpenSans-Regular.ttf) is not within the allowed path(s): (/www/wwwroot/demo.medace.org/:/tmp/) at /www/wwwroot/demo.medace.org/vendor/lasserafn/php-initial-avatar-generator/src/InitialAvatar.php:739)
[stacktrace]
#0 /www/wwwroot/demo.medace.org/vendor/laravel/framework/src/Illuminate/Foundation/Bootstrap/HandleExceptions.php(270): Illuminate\\Foundation\\Bootstrap\\HandleExceptions->handleError()
#1 [internal function]: Illuminate\\Foundation\\Bootstrap\\HandleExceptions->Illuminate\\Foundation\\Bootstrap\\{closure}()
#2 /www/wwwroot/demo.medace.org/vendor/lasserafn/php-initial-avatar-generator/src/InitialAvatar.php(739): file_exists()
#3 /www/wwwroot/demo.medace.org/vendor/lasserafn/php-initial-avatar-generator/src/InitialAvatar.php(644): LasseRafn\\InitialAvatarGenerator\\InitialAvatar->findFontFile()
#4 /www/wwwroot/demo.medace.org/vendor/lasserafn/php-initial-avatar-generator/src/InitialAvatar.php(401): LasseRafn\\InitialAvatarGenerator\\InitialAvatar->makeAvatar()
#5 /www/wwwroot/demo.medace.org/app/Http/Controllers/Web/DefaultAvatarController.php(39): LasseRafn\\InitialAvatarGenerator\\InitialAvatar->generate()
#6 /www/wwwroot/demo.medace.org/vendor/laravel/framework/src/Illuminate/Routing/Controller.php(54): App\\Http\\Controllers\\Web\\DefaultAvatarController->make()
#7 /www/wwwroot/demo.medace.org/vendor/laravel/framework/src/Illuminate/Routing/ControllerDispatcher.php(43): Illuminate\\Routing\\Controller->callAction()
#8 /www/wwwroot/demo.medace.org/vendor/laravel/framework/src/Illuminate/Routing/Route.php(260): Illuminate\\Routing\\ControllerDispatcher->dispatch()
#9 /www/wwwroot/demo.medace.org/vendor/laravel/framework/src/Illuminate/Routing/Route.php(205): Illuminate\\Routing\\Route->runController()
#10 /www/wwwroot/demo.medace.org/vendor/laravel/framework/src/Illuminate/Routing/Router.php(798): Illuminate\\Routing\\Route->run()
#11 /www/wwwroot/demo.medace.org/vendor/laravel/framework/src/Illuminate/Pipeline/Pipeline.php(141): Illuminate\\Routing\\Router->Illuminate\\Routing\\{closure}()
#12 /www/wwwroot/demo.medace.org/app/Http/Middleware/CheckRestriction.php(34): Illuminate\\Pipeline\\Pipeline->Illuminate\\Pipeline\\{closure}()
#13 /www/wwwroot/demo.medace.org/vendor/laravel/framework/src/Illuminate/Pipeline/Pipeline.php(180): App\\Http\\Middleware\\CheckRestriction->handle()
#14 /www/wwwroot/demo.medace.org/app/Http/Middleware/CheckMaintenance.php(37): Illuminate\\Pipeline\\Pipeline->Illuminate\\Pipeline\\{closure}()
#15 /www/wwwroot/demo.medace.org/vendor/laravel/framework/src/Illuminate/Pipeline/Pipeline.php(180): App\\Http\\Middleware\\CheckMaintenance->handle()
#16 /www/wwwroot/demo.medace.org/app/Http/Middleware/Share.php(90): Illuminate\\Pipeline\\Pipeline->Illuminate\\Pipeline\\{closure}()
#17 /www/wwwroot/demo.medace.org/vendor/laravel/framework/src/Illuminate/Pipeline/Pipeline.php(180): App\\Http\\Middleware\\Share->handle()
#18 /www/wwwroot/demo.medace.org/app/Http/Middleware/Impersonate.php(23): Illuminate\\Pipeline\\Pipeline->Illuminate\\Pipeline\\{closure}()
#19 /www/wwwroot/demo.medace.org/vendor/laravel/framework/src/Illuminate/Pipeline/Pipeline.php(180): App\\Http\\Middleware\\Impersonate->handle()
#20 /www/wwwroot/demo.medace.org/app/Http/Middleware/CheckMobileApp.php(25): Illuminate\\Pipeline\\Pipeline->Illuminate\\Pipeline\\{closure}()
#21 /www/wwwroot/demo.medace.org/vendor/laravel/framework/src/Illuminate/Pipeline/Pipeline.php(180): App\\Http\\Middleware\\CheckMobileApp->handle()
#22 /www/wwwroot/demo.medace.org/app/Http/Middleware/DebugBar.php(22): Illuminate\\Pipeline\\Pipeline->Illuminate\\Pipeline\\{closure}()
#23 /www/wwwroot/demo.medace.org/vendor/laravel/framework/src/Illuminate/Pipeline/Pipeline.php(180): App\\Http\\Middleware\\DebugBar->handle()
#24 /www/wwwroot/demo.medace.org/app/Http/Middleware/SessionValidity.php(36): Illuminate\\Pipeline\\Pipeline->Illuminate\\Pipeline\\{closure}()
#25 /www/wwwroot/demo.medace.org/vendor/laravel/framework/src/Illuminate/Pipeline/Pipeline.php(180): App\\Http\\Middleware\\SessionValidity->handle()
#26 /www/wwwroot/demo.medace.org/app/Http/Middleware/UserLocale.php(44): Illuminate\\Pipeline\\Pipeline->Illuminate\\Pipeline\\{closure}()
#27 /www/wwwroot/demo.medace.org/vendor/laravel/framework/src/Illuminate/Pipeline/Pipeline.php(180): App\\Http\\Middleware\\UserLocale->handle()
#28 /www/wwwroot/demo.medace.org/vendor/laravel/framework/src/Illuminate/Routing/Middleware/SubstituteBindings.php(50): Illuminate\\Pipeline\\Pipeline->Illuminate\\Pipeline\\{closure}()
#29 /www/wwwroot/demo.medace.org/vendor/laravel/framework/src/Illuminate/Pipeline/Pipeline.php(180): Illuminate\\Routing\\Middleware\\SubstituteBindings->handle()
#30 /www/wwwroot/demo.medace.org/vendor/laravel/framework/src/Illuminate/Foundation/Http/Middleware/VerifyCsrfToken.php(78): Illuminate\\Pipeline\\Pipeline->Illuminate\\Pipeline\\{closure}()
#31 /www/wwwroot/demo.medace.org/vendor/laravel/framework/src/Illuminate/Pipeline/Pipeline.php(180): Illuminate\\Foundation\\Http\\Middleware\\VerifyCsrfToken->handle()
#32 /www/wwwroot/demo.medace.org/vendor/laravel/framework/src/Illuminate/View/Middleware/ShareErrorsFromSession.php(49): Illuminate\\Pipeline\\Pipeline->Illuminate\\Pipeline\\{closure}()
#33 /www/wwwroot/demo.medace.org/vendor/laravel/framework/src/Illuminate/Pipeline/Pipeline.php(180): Illuminate\\View\\Middleware\\ShareErrorsFromSession->handle()
#34 /www/wwwroot/demo.medace.org/vendor/laravel/framework/src/Illuminate/Session/Middleware/StartSession.php(121): Illuminate\\Pipeline\\Pipeline->Illuminate\\Pipeline\\{closure}()
#35 /www/wwwroot/demo.medace.org/vendor/laravel/framework/src/Illuminate/Session/Middleware/StartSession.php(64): Illuminate\\Session\\Middleware\\StartSession->handleStatefulRequest()
#36 /www/wwwroot/demo.medace.org/vendor/laravel/framework/src/Illuminate/Pipeline/Pipeline.php(180): Illuminate\\Session\\Middleware\\StartSession->handle()
#37 /www/wwwroot/demo.medace.org/vendor/laravel/framework/src/Illuminate/Cookie/Middleware/AddQueuedCookiesToResponse.php(37): Illuminate\\Pipeline\\Pipeline->Illuminate\\Pipeline\\{closure}()
#38 /www/wwwroot/demo.medace.org/vendor/laravel/framework/src/Illuminate/Pipeline/Pipeline.php(180): Illuminate\\Cookie\\Middleware\\AddQueuedCookiesToResponse->handle()
#39 /www/wwwroot/demo.medace.org/vendor/laravel/framework/src/Illuminate/Cookie/Middleware/EncryptCookies.php(67): Illuminate\\Pipeline\\Pipeline->Illuminate\\Pipeline\\{closure}()
#40 /www/wwwroot/demo.medace.org/vendor/laravel/framework/src/Illuminate/Pipeline/Pipeline.php(180): Illuminate\\Cookie\\Middleware\\EncryptCookies->handle()
#41 /www/wwwroot/demo.medace.org/vendor/laravel/framework/src/Illuminate/Pipeline/Pipeline.php(116): Illuminate\\Pipeline\\Pipeline->Illuminate\\Pipeline\\{closure}()
#42 /www/wwwroot/demo.medace.org/vendor/laravel/framework/src/Illuminate/Routing/Router.php(799): Illuminate\\Pipeline\\Pipeline->then()
#43 /www/wwwroot/demo.medace.org/vendor/laravel/framework/src/Illuminate/Routing/Router.php(776): Illuminate\\Routing\\Router->runRouteWithinStack()
#44 /www/wwwroot/demo.medace.org/vendor/laravel/framework/src/Illuminate/Routing/Router.php(740): Illuminate\\Routing\\Router->runRoute()
#45 /www/wwwroot/demo.medace.org/vendor/laravel/framework/src/Illuminate/Routing/Router.php(729): Illuminate\\Routing\\Router->dispatchToRoute()
#46 /www/wwwroot/demo.medace.org/vendor/laravel/framework/src/Illuminate/Foundation/Http/Kernel.php(190): Illuminate\\Routing\\Router->dispatch()
#47 /www/wwwroot/demo.medace.org/vendor/laravel/framework/src/Illuminate/Pipeline/Pipeline.php(141): Illuminate\\Foundation\\Http\\Kernel->Illuminate\\Foundation\\Http\\{closure}()
#48 /www/wwwroot/demo.medace.org/vendor/barryvdh/laravel-debugbar/src/Middleware/InjectDebugbar.php(66): Illuminate\\Pipeline\\Pipeline->Illuminate\\Pipeline\\{closure}()
#49 /www/wwwroot/demo.medace.org/vendor/laravel/framework/src/Illuminate/Pipeline/Pipeline.php(180): Barryvdh\\Debugbar\\Middleware\\InjectDebugbar->handle()
#50 /www/wwwroot/demo.medace.org/vendor/laravel/framework/src/Illuminate/Foundation/Http/Middleware/TransformsRequest.php(21): Illuminate\\Pipeline\\Pipeline->Illuminate\\Pipeline\\{closure}()
#51 /www/wwwroot/demo.medace.org/vendor/laravel/framework/src/Illuminate/Foundation/Http/Middleware/ConvertEmptyStringsToNull.php(31): Illuminate\\Foundation\\Http\\Middleware\\TransformsRequest->handle()
#52 /www/wwwroot/demo.medace.org/vendor/laravel/framework/src/Illuminate/Pipeline/Pipeline.php(180): Illuminate\\Foundation\\Http\\Middleware\\ConvertEmptyStringsToNull->handle()
#53 /www/wwwroot/demo.medace.org/vendor/laravel/framework/src/Illuminate/Foundation/Http/Middleware/TransformsRequest.php(21): Illuminate\\Pipeline\\Pipeline->Illuminate\\Pipeline\\{closure}()
#54 /www/wwwroot/demo.medace.org/vendor/laravel/framework/src/Illuminate/Foundation/Http/Middleware/TrimStrings.php(40): Illuminate\\Foundation\\Http\\Middleware\\TransformsRequest->handle()
#55 /www/wwwroot/demo.medace.org/vendor/laravel/framework/src/Illuminate/Pipeline/Pipeline.php(180): Illuminate\\Foundation\\Http\\Middleware\\TrimStrings->handle()
#56 /www/wwwroot/demo.medace.org/vendor/laravel/framework/src/Illuminate/Foundation/Http/Middleware/ValidatePostSize.php(27): Illuminate\\Pipeline\\Pipeline->Illuminate\\Pipeline\\{closure}()
#57 /www/wwwroot/demo.medace.org/vendor/laravel/framework/src/Illuminate/Pipeline/Pipeline.php(180): Illuminate\\Foundation\\Http\\Middleware\\ValidatePostSize->handle()
#58 /www/wwwroot/demo.medace.org/vendor/laravel/framework/src/Illuminate/Foundation/Http/Middleware/PreventRequestsDuringMaintenance.php(86): Illuminate\\Pipeline\\Pipeline->Illuminate\\Pipeline\\{closure}()
#59 /www/wwwroot/demo.medace.org/vendor/laravel/framework/src/Illuminate/Pipeline/Pipeline.php(180): Illuminate\\Foundation\\Http\\Middleware\\PreventRequestsDuringMaintenance->handle()
#60 /www/wwwroot/demo.medace.org/vendor/fruitcake/laravel-cors/src/HandleCors.php(38): Illuminate\\Pipeline\\Pipeline->Illuminate\\Pipeline\\{closure}()
#61 /www/wwwroot/demo.medace.org/vendor/laravel/framework/src/Illuminate/Pipeline/Pipeline.php(180): Fruitcake\\Cors\\HandleCors->handle()
#62 /www/wwwroot/demo.medace.org/vendor/laravel/framework/src/Illuminate/Http/Middleware/TrustProxies.php(39): Illuminate\\Pipeline\\Pipeline->Illuminate\\Pipeline\\{closure}()
#63 /www/wwwroot/demo.medace.org/vendor/laravel/framework/src/Illuminate/Pipeline/Pipeline.php(180): Illuminate\\Http\\Middleware\\TrustProxies->handle()
#64 /www/wwwroot/demo.medace.org/vendor/laravel/framework/src/Illuminate/Pipeline/Pipeline.php(116): Illuminate\\Pipeline\\Pipeline->Illuminate\\Pipeline\\{closure}()
#65 /www/wwwroot/demo.medace.org/vendor/laravel/framework/src/Illuminate/Foundation/Http/Kernel.php(165): Illuminate\\Pipeline\\Pipeline->then()
#66 /www/wwwroot/demo.medace.org/vendor/laravel/framework/src/Illuminate/Foundation/Http/Kernel.php(134): Illuminate\\Foundation\\Http\\Kernel->sendRequestThroughRouter()
#67 /www/wwwroot/demo.medace.org/public/index.php(52): Illuminate\\Foundation\\Http\\Kernel->handle()
#68 {main}
"} 
[2025-04-16 08:21:26] production.ERROR: file_exists(): open_basedir restriction in effect. File(/fonts/OpenSans-Regular.ttf) is not within the allowed path(s): (/www/wwwroot/demo.medace.org/:/tmp/) {"userId":1049,"exception":"[object] (ErrorException(code: 0): file_exists(): open_basedir restriction in effect. File(/fonts/OpenSans-Regular.ttf) is not within the allowed path(s): (/www/wwwroot/demo.medace.org/:/tmp/) at /www/wwwroot/demo.medace.org/vendor/lasserafn/php-initial-avatar-generator/src/InitialAvatar.php:739)
[stacktrace]
#0 /www/wwwroot/demo.medace.org/vendor/laravel/framework/src/Illuminate/Foundation/Bootstrap/HandleExceptions.php(270): Illuminate\\Foundation\\Bootstrap\\HandleExceptions->handleError()
#1 [internal function]: Illuminate\\Foundation\\Bootstrap\\HandleExceptions->Illuminate\\Foundation\\Bootstrap\\{closure}()
#2 /www/wwwroot/demo.medace.org/vendor/lasserafn/php-initial-avatar-generator/src/InitialAvatar.php(739): file_exists()
#3 /www/wwwroot/demo.medace.org/vendor/lasserafn/php-initial-avatar-generator/src/InitialAvatar.php(644): LasseRafn\\InitialAvatarGenerator\\InitialAvatar->findFontFile()
#4 /www/wwwroot/demo.medace.org/vendor/lasserafn/php-initial-avatar-generator/src/InitialAvatar.php(401): LasseRafn\\InitialAvatarGenerator\\InitialAvatar->makeAvatar()
#5 /www/wwwroot/demo.medace.org/app/Http/Controllers/Web/DefaultAvatarController.php(39): LasseRafn\\InitialAvatarGenerator\\InitialAvatar->generate()
#6 /www/wwwroot/demo.medace.org/vendor/laravel/framework/src/Illuminate/Routing/Controller.php(54): App\\Http\\Controllers\\Web\\DefaultAvatarController->make()
#7 /www/wwwroot/demo.medace.org/vendor/laravel/framework/src/Illuminate/Routing/ControllerDispatcher.php(43): Illuminate\\Routing\\Controller->callAction()
#8 /www/wwwroot/demo.medace.org/vendor/laravel/framework/src/Illuminate/Routing/Route.php(260): Illuminate\\Routing\\ControllerDispatcher->dispatch()
#9 /www/wwwroot/demo.medace.org/vendor/laravel/framework/src/Illuminate/Routing/Route.php(205): Illuminate\\Routing\\Route->runController()
#10 /www/wwwroot/demo.medace.org/vendor/laravel/framework/src/Illuminate/Routing/Router.php(798): Illuminate\\Routing\\Route->run()
#11 /www/wwwroot/demo.medace.org/vendor/laravel/framework/src/Illuminate/Pipeline/Pipeline.php(141): Illuminate\\Routing\\Router->Illuminate\\Routing\\{closure}()
#12 /www/wwwroot/demo.medace.org/app/Http/Middleware/CheckRestriction.php(34): Illuminate\\Pipeline\\Pipeline->Illuminate\\Pipeline\\{closure}()
#13 /www/wwwroot/demo.medace.org/vendor/laravel/framework/src/Illuminate/Pipeline/Pipeline.php(180): App\\Http\\Middleware\\CheckRestriction->handle()
#14 /www/wwwroot/demo.medace.org/app/Http/Middleware/CheckMaintenance.php(37): Illuminate\\Pipeline\\Pipeline->Illuminate\\Pipeline\\{closure}()
#15 /www/wwwroot/demo.medace.org/vendor/laravel/framework/src/Illuminate/Pipeline/Pipeline.php(180): App\\Http\\Middleware\\CheckMaintenance->handle()
#16 /www/wwwroot/demo.medace.org/app/Http/Middleware/Share.php(90): Illuminate\\Pipeline\\Pipeline->Illuminate\\Pipeline\\{closure}()
#17 /www/wwwroot/demo.medace.org/vendor/laravel/framework/src/Illuminate/Pipeline/Pipeline.php(180): App\\Http\\Middleware\\Share->handle()
#18 /www/wwwroot/demo.medace.org/app/Http/Middleware/Impersonate.php(23): Illuminate\\Pipeline\\Pipeline->Illuminate\\Pipeline\\{closure}()
#19 /www/wwwroot/demo.medace.org/vendor/laravel/framework/src/Illuminate/Pipeline/Pipeline.php(180): App\\Http\\Middleware\\Impersonate->handle()
#20 /www/wwwroot/demo.medace.org/app/Http/Middleware/CheckMobileApp.php(25): Illuminate\\Pipeline\\Pipeline->Illuminate\\Pipeline\\{closure}()
#21 /www/wwwroot/demo.medace.org/vendor/laravel/framework/src/Illuminate/Pipeline/Pipeline.php(180): App\\Http\\Middleware\\CheckMobileApp->handle()
#22 /www/wwwroot/demo.medace.org/app/Http/Middleware/DebugBar.php(22): Illuminate\\Pipeline\\Pipeline->Illuminate\\Pipeline\\{closure}()
#23 /www/wwwroot/demo.medace.org/vendor/laravel/framework/src/Illuminate/Pipeline/Pipeline.php(180): App\\Http\\Middleware\\DebugBar->handle()
#24 /www/wwwroot/demo.medace.org/app/Http/Middleware/SessionValidity.php(36): Illuminate\\Pipeline\\Pipeline->Illuminate\\Pipeline\\{closure}()
#25 /www/wwwroot/demo.medace.org/vendor/laravel/framework/src/Illuminate/Pipeline/Pipeline.php(180): App\\Http\\Middleware\\SessionValidity->handle()
#26 /www/wwwroot/demo.medace.org/app/Http/Middleware/UserLocale.php(44): Illuminate\\Pipeline\\Pipeline->Illuminate\\Pipeline\\{closure}()
#27 /www/wwwroot/demo.medace.org/vendor/laravel/framework/src/Illuminate/Pipeline/Pipeline.php(180): App\\Http\\Middleware\\UserLocale->handle()
#28 /www/wwwroot/demo.medace.org/vendor/laravel/framework/src/Illuminate/Routing/Middleware/SubstituteBindings.php(50): Illuminate\\Pipeline\\Pipeline->Illuminate\\Pipeline\\{closure}()
#29 /www/wwwroot/demo.medace.org/vendor/laravel/framework/src/Illuminate/Pipeline/Pipeline.php(180): Illuminate\\Routing\\Middleware\\SubstituteBindings->handle()
#30 /www/wwwroot/demo.medace.org/vendor/laravel/framework/src/Illuminate/Foundation/Http/Middleware/VerifyCsrfToken.php(78): Illuminate\\Pipeline\\Pipeline->Illuminate\\Pipeline\\{closure}()
#31 /www/wwwroot/demo.medace.org/vendor/laravel/framework/src/Illuminate/Pipeline/Pipeline.php(180): Illuminate\\Foundation\\Http\\Middleware\\VerifyCsrfToken->handle()
#32 /www/wwwroot/demo.medace.org/vendor/laravel/framework/src/Illuminate/View/Middleware/ShareErrorsFromSession.php(49): Illuminate\\Pipeline\\Pipeline->Illuminate\\Pipeline\\{closure}()
#33 /www/wwwroot/demo.medace.org/vendor/laravel/framework/src/Illuminate/Pipeline/Pipeline.php(180): Illuminate\\View\\Middleware\\ShareErrorsFromSession->handle()
#34 /www/wwwroot/demo.medace.org/vendor/laravel/framework/src/Illuminate/Session/Middleware/StartSession.php(121): Illuminate\\Pipeline\\Pipeline->Illuminate\\Pipeline\\{closure}()
#35 /www/wwwroot/demo.medace.org/vendor/laravel/framework/src/Illuminate/Session/Middleware/StartSession.php(64): Illuminate\\Session\\Middleware\\StartSession->handleStatefulRequest()
#36 /www/wwwroot/demo.medace.org/vendor/laravel/framework/src/Illuminate/Pipeline/Pipeline.php(180): Illuminate\\Session\\Middleware\\StartSession->handle()
#37 /www/wwwroot/demo.medace.org/vendor/laravel/framework/src/Illuminate/Cookie/Middleware/AddQueuedCookiesToResponse.php(37): Illuminate\\Pipeline\\Pipeline->Illuminate\\Pipeline\\{closure}()
#38 /www/wwwroot/demo.medace.org/vendor/laravel/framework/src/Illuminate/Pipeline/Pipeline.php(180): Illuminate\\Cookie\\Middleware\\AddQueuedCookiesToResponse->handle()
#39 /www/wwwroot/demo.medace.org/vendor/laravel/framework/src/Illuminate/Cookie/Middleware/EncryptCookies.php(67): Illuminate\\Pipeline\\Pipeline->Illuminate\\Pipeline\\{closure}()
#40 /www/wwwroot/demo.medace.org/vendor/laravel/framework/src/Illuminate/Pipeline/Pipeline.php(180): Illuminate\\Cookie\\Middleware\\EncryptCookies->handle()
#41 /www/wwwroot/demo.medace.org/vendor/laravel/framework/src/Illuminate/Pipeline/Pipeline.php(116): Illuminate\\Pipeline\\Pipeline->Illuminate\\Pipeline\\{closure}()
#42 /www/wwwroot/demo.medace.org/vendor/laravel/framework/src/Illuminate/Routing/Router.php(799): Illuminate\\Pipeline\\Pipeline->then()
#43 /www/wwwroot/demo.medace.org/vendor/laravel/framework/src/Illuminate/Routing/Router.php(776): Illuminate\\Routing\\Router->runRouteWithinStack()
#44 /www/wwwroot/demo.medace.org/vendor/laravel/framework/src/Illuminate/Routing/Router.php(740): Illuminate\\Routing\\Router->runRoute()
#45 /www/wwwroot/demo.medace.org/vendor/laravel/framework/src/Illuminate/Routing/Router.php(729): Illuminate\\Routing\\Router->dispatchToRoute()
#46 /www/wwwroot/demo.medace.org/vendor/laravel/framework/src/Illuminate/Foundation/Http/Kernel.php(190): Illuminate\\Routing\\Router->dispatch()
#47 /www/wwwroot/demo.medace.org/vendor/laravel/framework/src/Illuminate/Pipeline/Pipeline.php(141): Illuminate\\Foundation\\Http\\Kernel->Illuminate\\Foundation\\Http\\{closure}()
#48 /www/wwwroot/demo.medace.org/vendor/barryvdh/laravel-debugbar/src/Middleware/InjectDebugbar.php(66): Illuminate\\Pipeline\\Pipeline->Illuminate\\Pipeline\\{closure}()
#49 /www/wwwroot/demo.medace.org/vendor/laravel/framework/src/Illuminate/Pipeline/Pipeline.php(180): Barryvdh\\Debugbar\\Middleware\\InjectDebugbar->handle()
#50 /www/wwwroot/demo.medace.org/vendor/laravel/framework/src/Illuminate/Foundation/Http/Middleware/TransformsRequest.php(21): Illuminate\\Pipeline\\Pipeline->Illuminate\\Pipeline\\{closure}()
#51 /www/wwwroot/demo.medace.org/vendor/laravel/framework/src/Illuminate/Foundation/Http/Middleware/ConvertEmptyStringsToNull.php(31): Illuminate\\Foundation\\Http\\Middleware\\TransformsRequest->handle()
#52 /www/wwwroot/demo.medace.org/vendor/laravel/framework/src/Illuminate/Pipeline/Pipeline.php(180): Illuminate\\Foundation\\Http\\Middleware\\ConvertEmptyStringsToNull->handle()
#53 /www/wwwroot/demo.medace.org/vendor/laravel/framework/src/Illuminate/Foundation/Http/Middleware/TransformsRequest.php(21): Illuminate\\Pipeline\\Pipeline->Illuminate\\Pipeline\\{closure}()
#54 /www/wwwroot/demo.medace.org/vendor/laravel/framework/src/Illuminate/Foundation/Http/Middleware/TrimStrings.php(40): Illuminate\\Foundation\\Http\\Middleware\\TransformsRequest->handle()
#55 /www/wwwroot/demo.medace.org/vendor/laravel/framework/src/Illuminate/Pipeline/Pipeline.php(180): Illuminate\\Foundation\\Http\\Middleware\\TrimStrings->handle()
#56 /www/wwwroot/demo.medace.org/vendor/laravel/framework/src/Illuminate/Foundation/Http/Middleware/ValidatePostSize.php(27): Illuminate\\Pipeline\\Pipeline->Illuminate\\Pipeline\\{closure}()
#57 /www/wwwroot/demo.medace.org/vendor/laravel/framework/src/Illuminate/Pipeline/Pipeline.php(180): Illuminate\\Foundation\\Http\\Middleware\\ValidatePostSize->handle()
#58 /www/wwwroot/demo.medace.org/vendor/laravel/framework/src/Illuminate/Foundation/Http/Middleware/PreventRequestsDuringMaintenance.php(86): Illuminate\\Pipeline\\Pipeline->Illuminate\\Pipeline\\{closure}()
#59 /www/wwwroot/demo.medace.org/vendor/laravel/framework/src/Illuminate/Pipeline/Pipeline.php(180): Illuminate\\Foundation\\Http\\Middleware\\PreventRequestsDuringMaintenance->handle()
#60 /www/wwwroot/demo.medace.org/vendor/fruitcake/laravel-cors/src/HandleCors.php(38): Illuminate\\Pipeline\\Pipeline->Illuminate\\Pipeline\\{closure}()
#61 /www/wwwroot/demo.medace.org/vendor/laravel/framework/src/Illuminate/Pipeline/Pipeline.php(180): Fruitcake\\Cors\\HandleCors->handle()
#62 /www/wwwroot/demo.medace.org/vendor/laravel/framework/src/Illuminate/Http/Middleware/TrustProxies.php(39): Illuminate\\Pipeline\\Pipeline->Illuminate\\Pipeline\\{closure}()
#63 /www/wwwroot/demo.medace.org/vendor/laravel/framework/src/Illuminate/Pipeline/Pipeline.php(180): Illuminate\\Http\\Middleware\\TrustProxies->handle()
#64 /www/wwwroot/demo.medace.org/vendor/laravel/framework/src/Illuminate/Pipeline/Pipeline.php(116): Illuminate\\Pipeline\\Pipeline->Illuminate\\Pipeline\\{closure}()
#65 /www/wwwroot/demo.medace.org/vendor/laravel/framework/src/Illuminate/Foundation/Http/Kernel.php(165): Illuminate\\Pipeline\\Pipeline->then()
#66 /www/wwwroot/demo.medace.org/vendor/laravel/framework/src/Illuminate/Foundation/Http/Kernel.php(134): Illuminate\\Foundation\\Http\\Kernel->sendRequestThroughRouter()
#67 /www/wwwroot/demo.medace.org/public/index.php(52): Illuminate\\Foundation\\Http\\Kernel->handle()
#68 {main}
"} 
[2025-04-16 08:21:26] production.ERROR: file_exists(): open_basedir restriction in effect. File(/fonts/OpenSans-Regular.ttf) is not within the allowed path(s): (/www/wwwroot/demo.medace.org/:/tmp/) {"userId":1049,"exception":"[object] (ErrorException(code: 0): file_exists(): open_basedir restriction in effect. File(/fonts/OpenSans-Regular.ttf) is not within the allowed path(s): (/www/wwwroot/demo.medace.org/:/tmp/) at /www/wwwroot/demo.medace.org/vendor/lasserafn/php-initial-avatar-generator/src/InitialAvatar.php:739)
[stacktrace]
#0 /www/wwwroot/demo.medace.org/vendor/laravel/framework/src/Illuminate/Foundation/Bootstrap/HandleExceptions.php(270): Illuminate\\Foundation\\Bootstrap\\HandleExceptions->handleError()
#1 [internal function]: Illuminate\\Foundation\\Bootstrap\\HandleExceptions->Illuminate\\Foundation\\Bootstrap\\{closure}()
#2 /www/wwwroot/demo.medace.org/vendor/lasserafn/php-initial-avatar-generator/src/InitialAvatar.php(739): file_exists()
#3 /www/wwwroot/demo.medace.org/vendor/lasserafn/php-initial-avatar-generator/src/InitialAvatar.php(644): LasseRafn\\InitialAvatarGenerator\\InitialAvatar->findFontFile()
#4 /www/wwwroot/demo.medace.org/vendor/lasserafn/php-initial-avatar-generator/src/InitialAvatar.php(401): LasseRafn\\InitialAvatarGenerator\\InitialAvatar->makeAvatar()
#5 /www/wwwroot/demo.medace.org/app/Http/Controllers/Web/DefaultAvatarController.php(39): LasseRafn\\InitialAvatarGenerator\\InitialAvatar->generate()
#6 /www/wwwroot/demo.medace.org/vendor/laravel/framework/src/Illuminate/Routing/Controller.php(54): App\\Http\\Controllers\\Web\\DefaultAvatarController->make()
#7 /www/wwwroot/demo.medace.org/vendor/laravel/framework/src/Illuminate/Routing/ControllerDispatcher.php(43): Illuminate\\Routing\\Controller->callAction()
#8 /www/wwwroot/demo.medace.org/vendor/laravel/framework/src/Illuminate/Routing/Route.php(260): Illuminate\\Routing\\ControllerDispatcher->dispatch()
#9 /www/wwwroot/demo.medace.org/vendor/laravel/framework/src/Illuminate/Routing/Route.php(205): Illuminate\\Routing\\Route->runController()
#10 /www/wwwroot/demo.medace.org/vendor/laravel/framework/src/Illuminate/Routing/Router.php(798): Illuminate\\Routing\\Route->run()
#11 /www/wwwroot/demo.medace.org/vendor/laravel/framework/src/Illuminate/Pipeline/Pipeline.php(141): Illuminate\\Routing\\Router->Illuminate\\Routing\\{closure}()
#12 /www/wwwroot/demo.medace.org/app/Http/Middleware/CheckRestriction.php(34): Illuminate\\Pipeline\\Pipeline->Illuminate\\Pipeline\\{closure}()
#13 /www/wwwroot/demo.medace.org/vendor/laravel/framework/src/Illuminate/Pipeline/Pipeline.php(180): App\\Http\\Middleware\\CheckRestriction->handle()
#14 /www/wwwroot/demo.medace.org/app/Http/Middleware/CheckMaintenance.php(37): Illuminate\\Pipeline\\Pipeline->Illuminate\\Pipeline\\{closure}()
#15 /www/wwwroot/demo.medace.org/vendor/laravel/framework/src/Illuminate/Pipeline/Pipeline.php(180): App\\Http\\Middleware\\CheckMaintenance->handle()
#16 /www/wwwroot/demo.medace.org/app/Http/Middleware/Share.php(90): Illuminate\\Pipeline\\Pipeline->Illuminate\\Pipeline\\{closure}()
#17 /www/wwwroot/demo.medace.org/vendor/laravel/framework/src/Illuminate/Pipeline/Pipeline.php(180): App\\Http\\Middleware\\Share->handle()
#18 /www/wwwroot/demo.medace.org/app/Http/Middleware/Impersonate.php(23): Illuminate\\Pipeline\\Pipeline->Illuminate\\Pipeline\\{closure}()
#19 /www/wwwroot/demo.medace.org/vendor/laravel/framework/src/Illuminate/Pipeline/Pipeline.php(180): App\\Http\\Middleware\\Impersonate->handle()
#20 /www/wwwroot/demo.medace.org/app/Http/Middleware/CheckMobileApp.php(25): Illuminate\\Pipeline\\Pipeline->Illuminate\\Pipeline\\{closure}()
#21 /www/wwwroot/demo.medace.org/vendor/laravel/framework/src/Illuminate/Pipeline/Pipeline.php(180): App\\Http\\Middleware\\CheckMobileApp->handle()
#22 /www/wwwroot/demo.medace.org/app/Http/Middleware/DebugBar.php(22): Illuminate\\Pipeline\\Pipeline->Illuminate\\Pipeline\\{closure}()
#23 /www/wwwroot/demo.medace.org/vendor/laravel/framework/src/Illuminate/Pipeline/Pipeline.php(180): App\\Http\\Middleware\\DebugBar->handle()
#24 /www/wwwroot/demo.medace.org/app/Http/Middleware/SessionValidity.php(36): Illuminate\\Pipeline\\Pipeline->Illuminate\\Pipeline\\{closure}()
#25 /www/wwwroot/demo.medace.org/vendor/laravel/framework/src/Illuminate/Pipeline/Pipeline.php(180): App\\Http\\Middleware\\SessionValidity->handle()
#26 /www/wwwroot/demo.medace.org/app/Http/Middleware/UserLocale.php(44): Illuminate\\Pipeline\\Pipeline->Illuminate\\Pipeline\\{closure}()
#27 /www/wwwroot/demo.medace.org/vendor/laravel/framework/src/Illuminate/Pipeline/Pipeline.php(180): App\\Http\\Middleware\\UserLocale->handle()
#28 /www/wwwroot/demo.medace.org/vendor/laravel/framework/src/Illuminate/Routing/Middleware/SubstituteBindings.php(50): Illuminate\\Pipeline\\Pipeline->Illuminate\\Pipeline\\{closure}()
#29 /www/wwwroot/demo.medace.org/vendor/laravel/framework/src/Illuminate/Pipeline/Pipeline.php(180): Illuminate\\Routing\\Middleware\\SubstituteBindings->handle()
#30 /www/wwwroot/demo.medace.org/vendor/laravel/framework/src/Illuminate/Foundation/Http/Middleware/VerifyCsrfToken.php(78): Illuminate\\Pipeline\\Pipeline->Illuminate\\Pipeline\\{closure}()
#31 /www/wwwroot/demo.medace.org/vendor/laravel/framework/src/Illuminate/Pipeline/Pipeline.php(180): Illuminate\\Foundation\\Http\\Middleware\\VerifyCsrfToken->handle()
#32 /www/wwwroot/demo.medace.org/vendor/laravel/framework/src/Illuminate/View/Middleware/ShareErrorsFromSession.php(49): Illuminate\\Pipeline\\Pipeline->Illuminate\\Pipeline\\{closure}()
#33 /www/wwwroot/demo.medace.org/vendor/laravel/framework/src/Illuminate/Pipeline/Pipeline.php(180): Illuminate\\View\\Middleware\\ShareErrorsFromSession->handle()
#34 /www/wwwroot/demo.medace.org/vendor/laravel/framework/src/Illuminate/Session/Middleware/StartSession.php(121): Illuminate\\Pipeline\\Pipeline->Illuminate\\Pipeline\\{closure}()
#35 /www/wwwroot/demo.medace.org/vendor/laravel/framework/src/Illuminate/Session/Middleware/StartSession.php(64): Illuminate\\Session\\Middleware\\StartSession->handleStatefulRequest()
#36 /www/wwwroot/demo.medace.org/vendor/laravel/framework/src/Illuminate/Pipeline/Pipeline.php(180): Illuminate\\Session\\Middleware\\StartSession->handle()
#37 /www/wwwroot/demo.medace.org/vendor/laravel/framework/src/Illuminate/Cookie/Middleware/AddQueuedCookiesToResponse.php(37): Illuminate\\Pipeline\\Pipeline->Illuminate\\Pipeline\\{closure}()
#38 /www/wwwroot/demo.medace.org/vendor/laravel/framework/src/Illuminate/Pipeline/Pipeline.php(180): Illuminate\\Cookie\\Middleware\\AddQueuedCookiesToResponse->handle()
#39 /www/wwwroot/demo.medace.org/vendor/laravel/framework/src/Illuminate/Cookie/Middleware/EncryptCookies.php(67): Illuminate\\Pipeline\\Pipeline->Illuminate\\Pipeline\\{closure}()
#40 /www/wwwroot/demo.medace.org/vendor/laravel/framework/src/Illuminate/Pipeline/Pipeline.php(180): Illuminate\\Cookie\\Middleware\\EncryptCookies->handle()
#41 /www/wwwroot/demo.medace.org/vendor/laravel/framework/src/Illuminate/Pipeline/Pipeline.php(116): Illuminate\\Pipeline\\Pipeline->Illuminate\\Pipeline\\{closure}()
#42 /www/wwwroot/demo.medace.org/vendor/laravel/framework/src/Illuminate/Routing/Router.php(799): Illuminate\\Pipeline\\Pipeline->then()
#43 /www/wwwroot/demo.medace.org/vendor/laravel/framework/src/Illuminate/Routing/Router.php(776): Illuminate\\Routing\\Router->runRouteWithinStack()
#44 /www/wwwroot/demo.medace.org/vendor/laravel/framework/src/Illuminate/Routing/Router.php(740): Illuminate\\Routing\\Router->runRoute()
#45 /www/wwwroot/demo.medace.org/vendor/laravel/framework/src/Illuminate/Routing/Router.php(729): Illuminate\\Routing\\Router->dispatchToRoute()
#46 /www/wwwroot/demo.medace.org/vendor/laravel/framework/src/Illuminate/Foundation/Http/Kernel.php(190): Illuminate\\Routing\\Router->dispatch()
#47 /www/wwwroot/demo.medace.org/vendor/laravel/framework/src/Illuminate/Pipeline/Pipeline.php(141): Illuminate\\Foundation\\Http\\Kernel->Illuminate\\Foundation\\Http\\{closure}()
#48 /www/wwwroot/demo.medace.org/vendor/barryvdh/laravel-debugbar/src/Middleware/InjectDebugbar.php(66): Illuminate\\Pipeline\\Pipeline->Illuminate\\Pipeline\\{closure}()
#49 /www/wwwroot/demo.medace.org/vendor/laravel/framework/src/Illuminate/Pipeline/Pipeline.php(180): Barryvdh\\Debugbar\\Middleware\\InjectDebugbar->handle()
#50 /www/wwwroot/demo.medace.org/vendor/laravel/framework/src/Illuminate/Foundation/Http/Middleware/TransformsRequest.php(21): Illuminate\\Pipeline\\Pipeline->Illuminate\\Pipeline\\{closure}()
#51 /www/wwwroot/demo.medace.org/vendor/laravel/framework/src/Illuminate/Foundation/Http/Middleware/ConvertEmptyStringsToNull.php(31): Illuminate\\Foundation\\Http\\Middleware\\TransformsRequest->handle()
#52 /www/wwwroot/demo.medace.org/vendor/laravel/framework/src/Illuminate/Pipeline/Pipeline.php(180): Illuminate\\Foundation\\Http\\Middleware\\ConvertEmptyStringsToNull->handle()
#53 /www/wwwroot/demo.medace.org/vendor/laravel/framework/src/Illuminate/Foundation/Http/Middleware/TransformsRequest.php(21): Illuminate\\Pipeline\\Pipeline->Illuminate\\Pipeline\\{closure}()
#54 /www/wwwroot/demo.medace.org/vendor/laravel/framework/src/Illuminate/Foundation/Http/Middleware/TrimStrings.php(40): Illuminate\\Foundation\\Http\\Middleware\\TransformsRequest->handle()
#55 /www/wwwroot/demo.medace.org/vendor/laravel/framework/src/Illuminate/Pipeline/Pipeline.php(180): Illuminate\\Foundation\\Http\\Middleware\\TrimStrings->handle()
#56 /www/wwwroot/demo.medace.org/vendor/laravel/framework/src/Illuminate/Foundation/Http/Middleware/ValidatePostSize.php(27): Illuminate\\Pipeline\\Pipeline->Illuminate\\Pipeline\\{closure}()
#57 /www/wwwroot/demo.medace.org/vendor/laravel/framework/src/Illuminate/Pipeline/Pipeline.php(180): Illuminate\\Foundation\\Http\\Middleware\\ValidatePostSize->handle()
#58 /www/wwwroot/demo.medace.org/vendor/laravel/framework/src/Illuminate/Foundation/Http/Middleware/PreventRequestsDuringMaintenance.php(86): Illuminate\\Pipeline\\Pipeline->Illuminate\\Pipeline\\{closure}()
#59 /www/wwwroot/demo.medace.org/vendor/laravel/framework/src/Illuminate/Pipeline/Pipeline.php(180): Illuminate\\Foundation\\Http\\Middleware\\PreventRequestsDuringMaintenance->handle()
#60 /www/wwwroot/demo.medace.org/vendor/fruitcake/laravel-cors/src/HandleCors.php(38): Illuminate\\Pipeline\\Pipeline->Illuminate\\Pipeline\\{closure}()
#61 /www/wwwroot/demo.medace.org/vendor/laravel/framework/src/Illuminate/Pipeline/Pipeline.php(180): Fruitcake\\Cors\\HandleCors->handle()
#62 /www/wwwroot/demo.medace.org/vendor/laravel/framework/src/Illuminate/Http/Middleware/TrustProxies.php(39): Illuminate\\Pipeline\\Pipeline->Illuminate\\Pipeline\\{closure}()
#63 /www/wwwroot/demo.medace.org/vendor/laravel/framework/src/Illuminate/Pipeline/Pipeline.php(180): Illuminate\\Http\\Middleware\\TrustProxies->handle()
#64 /www/wwwroot/demo.medace.org/vendor/laravel/framework/src/Illuminate/Pipeline/Pipeline.php(116): Illuminate\\Pipeline\\Pipeline->Illuminate\\Pipeline\\{closure}()
#65 /www/wwwroot/demo.medace.org/vendor/laravel/framework/src/Illuminate/Foundation/Http/Kernel.php(165): Illuminate\\Pipeline\\Pipeline->then()
#66 /www/wwwroot/demo.medace.org/vendor/laravel/framework/src/Illuminate/Foundation/Http/Kernel.php(134): Illuminate\\Foundation\\Http\\Kernel->sendRequestThroughRouter()
#67 /www/wwwroot/demo.medace.org/public/index.php(52): Illuminate\\Foundation\\Http\\Kernel->handle()
#68 {main}
"} 
[2025-04-16 08:21:27] production.ERROR: file_exists(): open_basedir restriction in effect. File(/fonts/OpenSans-Regular.ttf) is not within the allowed path(s): (/www/wwwroot/demo.medace.org/:/tmp/) {"userId":1049,"exception":"[object] (ErrorException(code: 0): file_exists(): open_basedir restriction in effect. File(/fonts/OpenSans-Regular.ttf) is not within the allowed path(s): (/www/wwwroot/demo.medace.org/:/tmp/) at /www/wwwroot/demo.medace.org/vendor/lasserafn/php-initial-avatar-generator/src/InitialAvatar.php:739)
[stacktrace]
#0 /www/wwwroot/demo.medace.org/vendor/laravel/framework/src/Illuminate/Foundation/Bootstrap/HandleExceptions.php(270): Illuminate\\Foundation\\Bootstrap\\HandleExceptions->handleError()
#1 [internal function]: Illuminate\\Foundation\\Bootstrap\\HandleExceptions->Illuminate\\Foundation\\Bootstrap\\{closure}()
#2 /www/wwwroot/demo.medace.org/vendor/lasserafn/php-initial-avatar-generator/src/InitialAvatar.php(739): file_exists()
#3 /www/wwwroot/demo.medace.org/vendor/lasserafn/php-initial-avatar-generator/src/InitialAvatar.php(644): LasseRafn\\InitialAvatarGenerator\\InitialAvatar->findFontFile()
#4 /www/wwwroot/demo.medace.org/vendor/lasserafn/php-initial-avatar-generator/src/InitialAvatar.php(401): LasseRafn\\InitialAvatarGenerator\\InitialAvatar->makeAvatar()
#5 /www/wwwroot/demo.medace.org/app/Http/Controllers/Web/DefaultAvatarController.php(39): LasseRafn\\InitialAvatarGenerator\\InitialAvatar->generate()
#6 /www/wwwroot/demo.medace.org/vendor/laravel/framework/src/Illuminate/Routing/Controller.php(54): App\\Http\\Controllers\\Web\\DefaultAvatarController->make()
#7 /www/wwwroot/demo.medace.org/vendor/laravel/framework/src/Illuminate/Routing/ControllerDispatcher.php(43): Illuminate\\Routing\\Controller->callAction()
#8 /www/wwwroot/demo.medace.org/vendor/laravel/framework/src/Illuminate/Routing/Route.php(260): Illuminate\\Routing\\ControllerDispatcher->dispatch()
#9 /www/wwwroot/demo.medace.org/vendor/laravel/framework/src/Illuminate/Routing/Route.php(205): Illuminate\\Routing\\Route->runController()
#10 /www/wwwroot/demo.medace.org/vendor/laravel/framework/src/Illuminate/Routing/Router.php(798): Illuminate\\Routing\\Route->run()
#11 /www/wwwroot/demo.medace.org/vendor/laravel/framework/src/Illuminate/Pipeline/Pipeline.php(141): Illuminate\\Routing\\Router->Illuminate\\Routing\\{closure}()
#12 /www/wwwroot/demo.medace.org/app/Http/Middleware/CheckRestriction.php(34): Illuminate\\Pipeline\\Pipeline->Illuminate\\Pipeline\\{closure}()
#13 /www/wwwroot/demo.medace.org/vendor/laravel/framework/src/Illuminate/Pipeline/Pipeline.php(180): App\\Http\\Middleware\\CheckRestriction->handle()
#14 /www/wwwroot/demo.medace.org/app/Http/Middleware/CheckMaintenance.php(37): Illuminate\\Pipeline\\Pipeline->Illuminate\\Pipeline\\{closure}()
#15 /www/wwwroot/demo.medace.org/vendor/laravel/framework/src/Illuminate/Pipeline/Pipeline.php(180): App\\Http\\Middleware\\CheckMaintenance->handle()
#16 /www/wwwroot/demo.medace.org/app/Http/Middleware/Share.php(90): Illuminate\\Pipeline\\Pipeline->Illuminate\\Pipeline\\{closure}()
#17 /www/wwwroot/demo.medace.org/vendor/laravel/framework/src/Illuminate/Pipeline/Pipeline.php(180): App\\Http\\Middleware\\Share->handle()
#18 /www/wwwroot/demo.medace.org/app/Http/Middleware/Impersonate.php(23): Illuminate\\Pipeline\\Pipeline->Illuminate\\Pipeline\\{closure}()
#19 /www/wwwroot/demo.medace.org/vendor/laravel/framework/src/Illuminate/Pipeline/Pipeline.php(180): App\\Http\\Middleware\\Impersonate->handle()
#20 /www/wwwroot/demo.medace.org/app/Http/Middleware/CheckMobileApp.php(25): Illuminate\\Pipeline\\Pipeline->Illuminate\\Pipeline\\{closure}()
#21 /www/wwwroot/demo.medace.org/vendor/laravel/framework/src/Illuminate/Pipeline/Pipeline.php(180): App\\Http\\Middleware\\CheckMobileApp->handle()
#22 /www/wwwroot/demo.medace.org/app/Http/Middleware/DebugBar.php(22): Illuminate\\Pipeline\\Pipeline->Illuminate\\Pipeline\\{closure}()
#23 /www/wwwroot/demo.medace.org/vendor/laravel/framework/src/Illuminate/Pipeline/Pipeline.php(180): App\\Http\\Middleware\\DebugBar->handle()
#24 /www/wwwroot/demo.medace.org/app/Http/Middleware/SessionValidity.php(36): Illuminate\\Pipeline\\Pipeline->Illuminate\\Pipeline\\{closure}()
#25 /www/wwwroot/demo.medace.org/vendor/laravel/framework/src/Illuminate/Pipeline/Pipeline.php(180): App\\Http\\Middleware\\SessionValidity->handle()
#26 /www/wwwroot/demo.medace.org/app/Http/Middleware/UserLocale.php(44): Illuminate\\Pipeline\\Pipeline->Illuminate\\Pipeline\\{closure}()
#27 /www/wwwroot/demo.medace.org/vendor/laravel/framework/src/Illuminate/Pipeline/Pipeline.php(180): App\\Http\\Middleware\\UserLocale->handle()
#28 /www/wwwroot/demo.medace.org/vendor/laravel/framework/src/Illuminate/Routing/Middleware/SubstituteBindings.php(50): Illuminate\\Pipeline\\Pipeline->Illuminate\\Pipeline\\{closure}()
#29 /www/wwwroot/demo.medace.org/vendor/laravel/framework/src/Illuminate/Pipeline/Pipeline.php(180): Illuminate\\Routing\\Middleware\\SubstituteBindings->handle()
#30 /www/wwwroot/demo.medace.org/vendor/laravel/framework/src/Illuminate/Foundation/Http/Middleware/VerifyCsrfToken.php(78): Illuminate\\Pipeline\\Pipeline->Illuminate\\Pipeline\\{closure}()
#31 /www/wwwroot/demo.medace.org/vendor/laravel/framework/src/Illuminate/Pipeline/Pipeline.php(180): Illuminate\\Foundation\\Http\\Middleware\\VerifyCsrfToken->handle()
#32 /www/wwwroot/demo.medace.org/vendor/laravel/framework/src/Illuminate/View/Middleware/ShareErrorsFromSession.php(49): Illuminate\\Pipeline\\Pipeline->Illuminate\\Pipeline\\{closure}()
#33 /www/wwwroot/demo.medace.org/vendor/laravel/framework/src/Illuminate/Pipeline/Pipeline.php(180): Illuminate\\View\\Middleware\\ShareErrorsFromSession->handle()
#34 /www/wwwroot/demo.medace.org/vendor/laravel/framework/src/Illuminate/Session/Middleware/StartSession.php(121): Illuminate\\Pipeline\\Pipeline->Illuminate\\Pipeline\\{closure}()
#35 /www/wwwroot/demo.medace.org/vendor/laravel/framework/src/Illuminate/Session/Middleware/StartSession.php(64): Illuminate\\Session\\Middleware\\StartSession->handleStatefulRequest()
#36 /www/wwwroot/demo.medace.org/vendor/laravel/framework/src/Illuminate/Pipeline/Pipeline.php(180): Illuminate\\Session\\Middleware\\StartSession->handle()
#37 /www/wwwroot/demo.medace.org/vendor/laravel/framework/src/Illuminate/Cookie/Middleware/AddQueuedCookiesToResponse.php(37): Illuminate\\Pipeline\\Pipeline->Illuminate\\Pipeline\\{closure}()
#38 /www/wwwroot/demo.medace.org/vendor/laravel/framework/src/Illuminate/Pipeline/Pipeline.php(180): Illuminate\\Cookie\\Middleware\\AddQueuedCookiesToResponse->handle()
#39 /www/wwwroot/demo.medace.org/vendor/laravel/framework/src/Illuminate/Cookie/Middleware/EncryptCookies.php(67): Illuminate\\Pipeline\\Pipeline->Illuminate\\Pipeline\\{closure}()
#40 /www/wwwroot/demo.medace.org/vendor/laravel/framework/src/Illuminate/Pipeline/Pipeline.php(180): Illuminate\\Cookie\\Middleware\\EncryptCookies->handle()
#41 /www/wwwroot/demo.medace.org/vendor/laravel/framework/src/Illuminate/Pipeline/Pipeline.php(116): Illuminate\\Pipeline\\Pipeline->Illuminate\\Pipeline\\{closure}()
#42 /www/wwwroot/demo.medace.org/vendor/laravel/framework/src/Illuminate/Routing/Router.php(799): Illuminate\\Pipeline\\Pipeline->then()
#43 /www/wwwroot/demo.medace.org/vendor/laravel/framework/src/Illuminate/Routing/Router.php(776): Illuminate\\Routing\\Router->runRouteWithinStack()
#44 /www/wwwroot/demo.medace.org/vendor/laravel/framework/src/Illuminate/Routing/Router.php(740): Illuminate\\Routing\\Router->runRoute()
#45 /www/wwwroot/demo.medace.org/vendor/laravel/framework/src/Illuminate/Routing/Router.php(729): Illuminate\\Routing\\Router->dispatchToRoute()
#46 /www/wwwroot/demo.medace.org/vendor/laravel/framework/src/Illuminate/Foundation/Http/Kernel.php(190): Illuminate\\Routing\\Router->dispatch()
#47 /www/wwwroot/demo.medace.org/vendor/laravel/framework/src/Illuminate/Pipeline/Pipeline.php(141): Illuminate\\Foundation\\Http\\Kernel->Illuminate\\Foundation\\Http\\{closure}()
#48 /www/wwwroot/demo.medace.org/vendor/barryvdh/laravel-debugbar/src/Middleware/InjectDebugbar.php(66): Illuminate\\Pipeline\\Pipeline->Illuminate\\Pipeline\\{closure}()
#49 /www/wwwroot/demo.medace.org/vendor/laravel/framework/src/Illuminate/Pipeline/Pipeline.php(180): Barryvdh\\Debugbar\\Middleware\\InjectDebugbar->handle()
#50 /www/wwwroot/demo.medace.org/vendor/laravel/framework/src/Illuminate/Foundation/Http/Middleware/TransformsRequest.php(21): Illuminate\\Pipeline\\Pipeline->Illuminate\\Pipeline\\{closure}()
#51 /www/wwwroot/demo.medace.org/vendor/laravel/framework/src/Illuminate/Foundation/Http/Middleware/ConvertEmptyStringsToNull.php(31): Illuminate\\Foundation\\Http\\Middleware\\TransformsRequest->handle()
#52 /www/wwwroot/demo.medace.org/vendor/laravel/framework/src/Illuminate/Pipeline/Pipeline.php(180): Illuminate\\Foundation\\Http\\Middleware\\ConvertEmptyStringsToNull->handle()
#53 /www/wwwroot/demo.medace.org/vendor/laravel/framework/src/Illuminate/Foundation/Http/Middleware/TransformsRequest.php(21): Illuminate\\Pipeline\\Pipeline->Illuminate\\Pipeline\\{closure}()
#54 /www/wwwroot/demo.medace.org/vendor/laravel/framework/src/Illuminate/Foundation/Http/Middleware/TrimStrings.php(40): Illuminate\\Foundation\\Http\\Middleware\\TransformsRequest->handle()
#55 /www/wwwroot/demo.medace.org/vendor/laravel/framework/src/Illuminate/Pipeline/Pipeline.php(180): Illuminate\\Foundation\\Http\\Middleware\\TrimStrings->handle()
#56 /www/wwwroot/demo.medace.org/vendor/laravel/framework/src/Illuminate/Foundation/Http/Middleware/ValidatePostSize.php(27): Illuminate\\Pipeline\\Pipeline->Illuminate\\Pipeline\\{closure}()
#57 /www/wwwroot/demo.medace.org/vendor/laravel/framework/src/Illuminate/Pipeline/Pipeline.php(180): Illuminate\\Foundation\\Http\\Middleware\\ValidatePostSize->handle()
#58 /www/wwwroot/demo.medace.org/vendor/laravel/framework/src/Illuminate/Foundation/Http/Middleware/PreventRequestsDuringMaintenance.php(86): Illuminate\\Pipeline\\Pipeline->Illuminate\\Pipeline\\{closure}()
#59 /www/wwwroot/demo.medace.org/vendor/laravel/framework/src/Illuminate/Pipeline/Pipeline.php(180): Illuminate\\Foundation\\Http\\Middleware\\PreventRequestsDuringMaintenance->handle()
#60 /www/wwwroot/demo.medace.org/vendor/fruitcake/laravel-cors/src/HandleCors.php(38): Illuminate\\Pipeline\\Pipeline->Illuminate\\Pipeline\\{closure}()
#61 /www/wwwroot/demo.medace.org/vendor/laravel/framework/src/Illuminate/Pipeline/Pipeline.php(180): Fruitcake\\Cors\\HandleCors->handle()
#62 /www/wwwroot/demo.medace.org/vendor/laravel/framework/src/Illuminate/Http/Middleware/TrustProxies.php(39): Illuminate\\Pipeline\\Pipeline->Illuminate\\Pipeline\\{closure}()
#63 /www/wwwroot/demo.medace.org/vendor/laravel/framework/src/Illuminate/Pipeline/Pipeline.php(180): Illuminate\\Http\\Middleware\\TrustProxies->handle()
#64 /www/wwwroot/demo.medace.org/vendor/laravel/framework/src/Illuminate/Pipeline/Pipeline.php(116): Illuminate\\Pipeline\\Pipeline->Illuminate\\Pipeline\\{closure}()
#65 /www/wwwroot/demo.medace.org/vendor/laravel/framework/src/Illuminate/Foundation/Http/Kernel.php(165): Illuminate\\Pipeline\\Pipeline->then()
#66 /www/wwwroot/demo.medace.org/vendor/laravel/framework/src/Illuminate/Foundation/Http/Kernel.php(134): Illuminate\\Foundation\\Http\\Kernel->sendRequestThroughRouter()
#67 /www/wwwroot/demo.medace.org/public/index.php(52): Illuminate\\Foundation\\Http\\Kernel->handle()
#68 {main}
"} 
[2025-04-16 08:21:27] production.ERROR: file_exists(): open_basedir restriction in effect. File(/fonts/OpenSans-Regular.ttf) is not within the allowed path(s): (/www/wwwroot/demo.medace.org/:/tmp/) {"userId":1049,"exception":"[object] (ErrorException(code: 0): file_exists(): open_basedir restriction in effect. File(/fonts/OpenSans-Regular.ttf) is not within the allowed path(s): (/www/wwwroot/demo.medace.org/:/tmp/) at /www/wwwroot/demo.medace.org/vendor/lasserafn/php-initial-avatar-generator/src/InitialAvatar.php:739)
[stacktrace]
#0 /www/wwwroot/demo.medace.org/vendor/laravel/framework/src/Illuminate/Foundation/Bootstrap/HandleExceptions.php(270): Illuminate\\Foundation\\Bootstrap\\HandleExceptions->handleError()
#1 [internal function]: Illuminate\\Foundation\\Bootstrap\\HandleExceptions->Illuminate\\Foundation\\Bootstrap\\{closure}()
#2 /www/wwwroot/demo.medace.org/vendor/lasserafn/php-initial-avatar-generator/src/InitialAvatar.php(739): file_exists()
#3 /www/wwwroot/demo.medace.org/vendor/lasserafn/php-initial-avatar-generator/src/InitialAvatar.php(644): LasseRafn\\InitialAvatarGenerator\\InitialAvatar->findFontFile()
#4 /www/wwwroot/demo.medace.org/vendor/lasserafn/php-initial-avatar-generator/src/InitialAvatar.php(401): LasseRafn\\InitialAvatarGenerator\\InitialAvatar->makeAvatar()
#5 /www/wwwroot/demo.medace.org/app/Http/Controllers/Web/DefaultAvatarController.php(39): LasseRafn\\InitialAvatarGenerator\\InitialAvatar->generate()
#6 /www/wwwroot/demo.medace.org/vendor/laravel/framework/src/Illuminate/Routing/Controller.php(54): App\\Http\\Controllers\\Web\\DefaultAvatarController->make()
#7 /www/wwwroot/demo.medace.org/vendor/laravel/framework/src/Illuminate/Routing/ControllerDispatcher.php(43): Illuminate\\Routing\\Controller->callAction()
#8 /www/wwwroot/demo.medace.org/vendor/laravel/framework/src/Illuminate/Routing/Route.php(260): Illuminate\\Routing\\ControllerDispatcher->dispatch()
#9 /www/wwwroot/demo.medace.org/vendor/laravel/framework/src/Illuminate/Routing/Route.php(205): Illuminate\\Routing\\Route->runController()
#10 /www/wwwroot/demo.medace.org/vendor/laravel/framework/src/Illuminate/Routing/Router.php(798): Illuminate\\Routing\\Route->run()
#11 /www/wwwroot/demo.medace.org/vendor/laravel/framework/src/Illuminate/Pipeline/Pipeline.php(141): Illuminate\\Routing\\Router->Illuminate\\Routing\\{closure}()
#12 /www/wwwroot/demo.medace.org/app/Http/Middleware/CheckRestriction.php(34): Illuminate\\Pipeline\\Pipeline->Illuminate\\Pipeline\\{closure}()
#13 /www/wwwroot/demo.medace.org/vendor/laravel/framework/src/Illuminate/Pipeline/Pipeline.php(180): App\\Http\\Middleware\\CheckRestriction->handle()
#14 /www/wwwroot/demo.medace.org/app/Http/Middleware/CheckMaintenance.php(37): Illuminate\\Pipeline\\Pipeline->Illuminate\\Pipeline\\{closure}()
#15 /www/wwwroot/demo.medace.org/vendor/laravel/framework/src/Illuminate/Pipeline/Pipeline.php(180): App\\Http\\Middleware\\CheckMaintenance->handle()
#16 /www/wwwroot/demo.medace.org/app/Http/Middleware/Share.php(90): Illuminate\\Pipeline\\Pipeline->Illuminate\\Pipeline\\{closure}()
#17 /www/wwwroot/demo.medace.org/vendor/laravel/framework/src/Illuminate/Pipeline/Pipeline.php(180): App\\Http\\Middleware\\Share->handle()
#18 /www/wwwroot/demo.medace.org/app/Http/Middleware/Impersonate.php(23): Illuminate\\Pipeline\\Pipeline->Illuminate\\Pipeline\\{closure}()
#19 /www/wwwroot/demo.medace.org/vendor/laravel/framework/src/Illuminate/Pipeline/Pipeline.php(180): App\\Http\\Middleware\\Impersonate->handle()
#20 /www/wwwroot/demo.medace.org/app/Http/Middleware/CheckMobileApp.php(25): Illuminate\\Pipeline\\Pipeline->Illuminate\\Pipeline\\{closure}()
#21 /www/wwwroot/demo.medace.org/vendor/laravel/framework/src/Illuminate/Pipeline/Pipeline.php(180): App\\Http\\Middleware\\CheckMobileApp->handle()
#22 /www/wwwroot/demo.medace.org/app/Http/Middleware/DebugBar.php(22): Illuminate\\Pipeline\\Pipeline->Illuminate\\Pipeline\\{closure}()
#23 /www/wwwroot/demo.medace.org/vendor/laravel/framework/src/Illuminate/Pipeline/Pipeline.php(180): App\\Http\\Middleware\\DebugBar->handle()
#24 /www/wwwroot/demo.medace.org/app/Http/Middleware/SessionValidity.php(36): Illuminate\\Pipeline\\Pipeline->Illuminate\\Pipeline\\{closure}()
#25 /www/wwwroot/demo.medace.org/vendor/laravel/framework/src/Illuminate/Pipeline/Pipeline.php(180): App\\Http\\Middleware\\SessionValidity->handle()
#26 /www/wwwroot/demo.medace.org/app/Http/Middleware/UserLocale.php(44): Illuminate\\Pipeline\\Pipeline->Illuminate\\Pipeline\\{closure}()
#27 /www/wwwroot/demo.medace.org/vendor/laravel/framework/src/Illuminate/Pipeline/Pipeline.php(180): App\\Http\\Middleware\\UserLocale->handle()
#28 /www/wwwroot/demo.medace.org/vendor/laravel/framework/src/Illuminate/Routing/Middleware/SubstituteBindings.php(50): Illuminate\\Pipeline\\Pipeline->Illuminate\\Pipeline\\{closure}()
#29 /www/wwwroot/demo.medace.org/vendor/laravel/framework/src/Illuminate/Pipeline/Pipeline.php(180): Illuminate\\Routing\\Middleware\\SubstituteBindings->handle()
#30 /www/wwwroot/demo.medace.org/vendor/laravel/framework/src/Illuminate/Foundation/Http/Middleware/VerifyCsrfToken.php(78): Illuminate\\Pipeline\\Pipeline->Illuminate\\Pipeline\\{closure}()
#31 /www/wwwroot/demo.medace.org/vendor/laravel/framework/src/Illuminate/Pipeline/Pipeline.php(180): Illuminate\\Foundation\\Http\\Middleware\\VerifyCsrfToken->handle()
#32 /www/wwwroot/demo.medace.org/vendor/laravel/framework/src/Illuminate/View/Middleware/ShareErrorsFromSession.php(49): Illuminate\\Pipeline\\Pipeline->Illuminate\\Pipeline\\{closure}()
#33 /www/wwwroot/demo.medace.org/vendor/laravel/framework/src/Illuminate/Pipeline/Pipeline.php(180): Illuminate\\View\\Middleware\\ShareErrorsFromSession->handle()
#34 /www/wwwroot/demo.medace.org/vendor/laravel/framework/src/Illuminate/Session/Middleware/StartSession.php(121): Illuminate\\Pipeline\\Pipeline->Illuminate\\Pipeline\\{closure}()
#35 /www/wwwroot/demo.medace.org/vendor/laravel/framework/src/Illuminate/Session/Middleware/StartSession.php(64): Illuminate\\Session\\Middleware\\StartSession->handleStatefulRequest()
#36 /www/wwwroot/demo.medace.org/vendor/laravel/framework/src/Illuminate/Pipeline/Pipeline.php(180): Illuminate\\Session\\Middleware\\StartSession->handle()
#37 /www/wwwroot/demo.medace.org/vendor/laravel/framework/src/Illuminate/Cookie/Middleware/AddQueuedCookiesToResponse.php(37): Illuminate\\Pipeline\\Pipeline->Illuminate\\Pipeline\\{closure}()
#38 /www/wwwroot/demo.medace.org/vendor/laravel/framework/src/Illuminate/Pipeline/Pipeline.php(180): Illuminate\\Cookie\\Middleware\\AddQueuedCookiesToResponse->handle()
#39 /www/wwwroot/demo.medace.org/vendor/laravel/framework/src/Illuminate/Cookie/Middleware/EncryptCookies.php(67): Illuminate\\Pipeline\\Pipeline->Illuminate\\Pipeline\\{closure}()
#40 /www/wwwroot/demo.medace.org/vendor/laravel/framework/src/Illuminate/Pipeline/Pipeline.php(180): Illuminate\\Cookie\\Middleware\\EncryptCookies->handle()
#41 /www/wwwroot/demo.medace.org/vendor/laravel/framework/src/Illuminate/Pipeline/Pipeline.php(116): Illuminate\\Pipeline\\Pipeline->Illuminate\\Pipeline\\{closure}()
#42 /www/wwwroot/demo.medace.org/vendor/laravel/framework/src/Illuminate/Routing/Router.php(799): Illuminate\\Pipeline\\Pipeline->then()
#43 /www/wwwroot/demo.medace.org/vendor/laravel/framework/src/Illuminate/Routing/Router.php(776): Illuminate\\Routing\\Router->runRouteWithinStack()
#44 /www/wwwroot/demo.medace.org/vendor/laravel/framework/src/Illuminate/Routing/Router.php(740): Illuminate\\Routing\\Router->runRoute()
#45 /www/wwwroot/demo.medace.org/vendor/laravel/framework/src/Illuminate/Routing/Router.php(729): Illuminate\\Routing\\Router->dispatchToRoute()
#46 /www/wwwroot/demo.medace.org/vendor/laravel/framework/src/Illuminate/Foundation/Http/Kernel.php(190): Illuminate\\Routing\\Router->dispatch()
#47 /www/wwwroot/demo.medace.org/vendor/laravel/framework/src/Illuminate/Pipeline/Pipeline.php(141): Illuminate\\Foundation\\Http\\Kernel->Illuminate\\Foundation\\Http\\{closure}()
#48 /www/wwwroot/demo.medace.org/vendor/barryvdh/laravel-debugbar/src/Middleware/InjectDebugbar.php(66): Illuminate\\Pipeline\\Pipeline->Illuminate\\Pipeline\\{closure}()
#49 /www/wwwroot/demo.medace.org/vendor/laravel/framework/src/Illuminate/Pipeline/Pipeline.php(180): Barryvdh\\Debugbar\\Middleware\\InjectDebugbar->handle()
#50 /www/wwwroot/demo.medace.org/vendor/laravel/framework/src/Illuminate/Foundation/Http/Middleware/TransformsRequest.php(21): Illuminate\\Pipeline\\Pipeline->Illuminate\\Pipeline\\{closure}()
#51 /www/wwwroot/demo.medace.org/vendor/laravel/framework/src/Illuminate/Foundation/Http/Middleware/ConvertEmptyStringsToNull.php(31): Illuminate\\Foundation\\Http\\Middleware\\TransformsRequest->handle()
#52 /www/wwwroot/demo.medace.org/vendor/laravel/framework/src/Illuminate/Pipeline/Pipeline.php(180): Illuminate\\Foundation\\Http\\Middleware\\ConvertEmptyStringsToNull->handle()
#53 /www/wwwroot/demo.medace.org/vendor/laravel/framework/src/Illuminate/Foundation/Http/Middleware/TransformsRequest.php(21): Illuminate\\Pipeline\\Pipeline->Illuminate\\Pipeline\\{closure}()
#54 /www/wwwroot/demo.medace.org/vendor/laravel/framework/src/Illuminate/Foundation/Http/Middleware/TrimStrings.php(40): Illuminate\\Foundation\\Http\\Middleware\\TransformsRequest->handle()
#55 /www/wwwroot/demo.medace.org/vendor/laravel/framework/src/Illuminate/Pipeline/Pipeline.php(180): Illuminate\\Foundation\\Http\\Middleware\\TrimStrings->handle()
#56 /www/wwwroot/demo.medace.org/vendor/laravel/framework/src/Illuminate/Foundation/Http/Middleware/ValidatePostSize.php(27): Illuminate\\Pipeline\\Pipeline->Illuminate\\Pipeline\\{closure}()
#57 /www/wwwroot/demo.medace.org/vendor/laravel/framework/src/Illuminate/Pipeline/Pipeline.php(180): Illuminate\\Foundation\\Http\\Middleware\\ValidatePostSize->handle()
#58 /www/wwwroot/demo.medace.org/vendor/laravel/framework/src/Illuminate/Foundation/Http/Middleware/PreventRequestsDuringMaintenance.php(86): Illuminate\\Pipeline\\Pipeline->Illuminate\\Pipeline\\{closure}()
#59 /www/wwwroot/demo.medace.org/vendor/laravel/framework/src/Illuminate/Pipeline/Pipeline.php(180): Illuminate\\Foundation\\Http\\Middleware\\PreventRequestsDuringMaintenance->handle()
#60 /www/wwwroot/demo.medace.org/vendor/fruitcake/laravel-cors/src/HandleCors.php(38): Illuminate\\Pipeline\\Pipeline->Illuminate\\Pipeline\\{closure}()
#61 /www/wwwroot/demo.medace.org/vendor/laravel/framework/src/Illuminate/Pipeline/Pipeline.php(180): Fruitcake\\Cors\\HandleCors->handle()
#62 /www/wwwroot/demo.medace.org/vendor/laravel/framework/src/Illuminate/Http/Middleware/TrustProxies.php(39): Illuminate\\Pipeline\\Pipeline->Illuminate\\Pipeline\\{closure}()
#63 /www/wwwroot/demo.medace.org/vendor/laravel/framework/src/Illuminate/Pipeline/Pipeline.php(180): Illuminate\\Http\\Middleware\\TrustProxies->handle()
#64 /www/wwwroot/demo.medace.org/vendor/laravel/framework/src/Illuminate/Pipeline/Pipeline.php(116): Illuminate\\Pipeline\\Pipeline->Illuminate\\Pipeline\\{closure}()
#65 /www/wwwroot/demo.medace.org/vendor/laravel/framework/src/Illuminate/Foundation/Http/Kernel.php(165): Illuminate\\Pipeline\\Pipeline->then()
#66 /www/wwwroot/demo.medace.org/vendor/laravel/framework/src/Illuminate/Foundation/Http/Kernel.php(134): Illuminate\\Foundation\\Http\\Kernel->sendRequestThroughRouter()
#67 /www/wwwroot/demo.medace.org/public/index.php(52): Illuminate\\Foundation\\Http\\Kernel->handle()
#68 {main}
"} 
[2025-04-16 08:21:27] production.ERROR: file_exists(): open_basedir restriction in effect. File(/fonts/OpenSans-Regular.ttf) is not within the allowed path(s): (/www/wwwroot/demo.medace.org/:/tmp/) {"userId":1049,"exception":"[object] (ErrorException(code: 0): file_exists(): open_basedir restriction in effect. File(/fonts/OpenSans-Regular.ttf) is not within the allowed path(s): (/www/wwwroot/demo.medace.org/:/tmp/) at /www/wwwroot/demo.medace.org/vendor/lasserafn/php-initial-avatar-generator/src/InitialAvatar.php:739)
[stacktrace]
#0 /www/wwwroot/demo.medace.org/vendor/laravel/framework/src/Illuminate/Foundation/Bootstrap/HandleExceptions.php(270): Illuminate\\Foundation\\Bootstrap\\HandleExceptions->handleError()
#1 [internal function]: Illuminate\\Foundation\\Bootstrap\\HandleExceptions->Illuminate\\Foundation\\Bootstrap\\{closure}()
#2 /www/wwwroot/demo.medace.org/vendor/lasserafn/php-initial-avatar-generator/src/InitialAvatar.php(739): file_exists()
#3 /www/wwwroot/demo.medace.org/vendor/lasserafn/php-initial-avatar-generator/src/InitialAvatar.php(644): LasseRafn\\InitialAvatarGenerator\\InitialAvatar->findFontFile()
#4 /www/wwwroot/demo.medace.org/vendor/lasserafn/php-initial-avatar-generator/src/InitialAvatar.php(401): LasseRafn\\InitialAvatarGenerator\\InitialAvatar->makeAvatar()
#5 /www/wwwroot/demo.medace.org/app/Http/Controllers/Web/DefaultAvatarController.php(39): LasseRafn\\InitialAvatarGenerator\\InitialAvatar->generate()
#6 /www/wwwroot/demo.medace.org/vendor/laravel/framework/src/Illuminate/Routing/Controller.php(54): App\\Http\\Controllers\\Web\\DefaultAvatarController->make()
#7 /www/wwwroot/demo.medace.org/vendor/laravel/framework/src/Illuminate/Routing/ControllerDispatcher.php(43): Illuminate\\Routing\\Controller->callAction()
#8 /www/wwwroot/demo.medace.org/vendor/laravel/framework/src/Illuminate/Routing/Route.php(260): Illuminate\\Routing\\ControllerDispatcher->dispatch()
#9 /www/wwwroot/demo.medace.org/vendor/laravel/framework/src/Illuminate/Routing/Route.php(205): Illuminate\\Routing\\Route->runController()
#10 /www/wwwroot/demo.medace.org/vendor/laravel/framework/src/Illuminate/Routing/Router.php(798): Illuminate\\Routing\\Route->run()
#11 /www/wwwroot/demo.medace.org/vendor/laravel/framework/src/Illuminate/Pipeline/Pipeline.php(141): Illuminate\\Routing\\Router->Illuminate\\Routing\\{closure}()
#12 /www/wwwroot/demo.medace.org/app/Http/Middleware/CheckRestriction.php(34): Illuminate\\Pipeline\\Pipeline->Illuminate\\Pipeline\\{closure}()
#13 /www/wwwroot/demo.medace.org/vendor/laravel/framework/src/Illuminate/Pipeline/Pipeline.php(180): App\\Http\\Middleware\\CheckRestriction->handle()
#14 /www/wwwroot/demo.medace.org/app/Http/Middleware/CheckMaintenance.php(37): Illuminate\\Pipeline\\Pipeline->Illuminate\\Pipeline\\{closure}()
#15 /www/wwwroot/demo.medace.org/vendor/laravel/framework/src/Illuminate/Pipeline/Pipeline.php(180): App\\Http\\Middleware\\CheckMaintenance->handle()
#16 /www/wwwroot/demo.medace.org/app/Http/Middleware/Share.php(90): Illuminate\\Pipeline\\Pipeline->Illuminate\\Pipeline\\{closure}()
#17 /www/wwwroot/demo.medace.org/vendor/laravel/framework/src/Illuminate/Pipeline/Pipeline.php(180): App\\Http\\Middleware\\Share->handle()
#18 /www/wwwroot/demo.medace.org/app/Http/Middleware/Impersonate.php(23): Illuminate\\Pipeline\\Pipeline->Illuminate\\Pipeline\\{closure}()
#19 /www/wwwroot/demo.medace.org/vendor/laravel/framework/src/Illuminate/Pipeline/Pipeline.php(180): App\\Http\\Middleware\\Impersonate->handle()
#20 /www/wwwroot/demo.medace.org/app/Http/Middleware/CheckMobileApp.php(25): Illuminate\\Pipeline\\Pipeline->Illuminate\\Pipeline\\{closure}()
#21 /www/wwwroot/demo.medace.org/vendor/laravel/framework/src/Illuminate/Pipeline/Pipeline.php(180): App\\Http\\Middleware\\CheckMobileApp->handle()
#22 /www/wwwroot/demo.medace.org/app/Http/Middleware/DebugBar.php(22): Illuminate\\Pipeline\\Pipeline->Illuminate\\Pipeline\\{closure}()
#23 /www/wwwroot/demo.medace.org/vendor/laravel/framework/src/Illuminate/Pipeline/Pipeline.php(180): App\\Http\\Middleware\\DebugBar->handle()
#24 /www/wwwroot/demo.medace.org/app/Http/Middleware/SessionValidity.php(36): Illuminate\\Pipeline\\Pipeline->Illuminate\\Pipeline\\{closure}()
#25 /www/wwwroot/demo.medace.org/vendor/laravel/framework/src/Illuminate/Pipeline/Pipeline.php(180): App\\Http\\Middleware\\SessionValidity->handle()
#26 /www/wwwroot/demo.medace.org/app/Http/Middleware/UserLocale.php(44): Illuminate\\Pipeline\\Pipeline->Illuminate\\Pipeline\\{closure}()
#27 /www/wwwroot/demo.medace.org/vendor/laravel/framework/src/Illuminate/Pipeline/Pipeline.php(180): App\\Http\\Middleware\\UserLocale->handle()
#28 /www/wwwroot/demo.medace.org/vendor/laravel/framework/src/Illuminate/Routing/Middleware/SubstituteBindings.php(50): Illuminate\\Pipeline\\Pipeline->Illuminate\\Pipeline\\{closure}()
#29 /www/wwwroot/demo.medace.org/vendor/laravel/framework/src/Illuminate/Pipeline/Pipeline.php(180): Illuminate\\Routing\\Middleware\\SubstituteBindings->handle()
#30 /www/wwwroot/demo.medace.org/vendor/laravel/framework/src/Illuminate/Foundation/Http/Middleware/VerifyCsrfToken.php(78): Illuminate\\Pipeline\\Pipeline->Illuminate\\Pipeline\\{closure}()
#31 /www/wwwroot/demo.medace.org/vendor/laravel/framework/src/Illuminate/Pipeline/Pipeline.php(180): Illuminate\\Foundation\\Http\\Middleware\\VerifyCsrfToken->handle()
#32 /www/wwwroot/demo.medace.org/vendor/laravel/framework/src/Illuminate/View/Middleware/ShareErrorsFromSession.php(49): Illuminate\\Pipeline\\Pipeline->Illuminate\\Pipeline\\{closure}()
#33 /www/wwwroot/demo.medace.org/vendor/laravel/framework/src/Illuminate/Pipeline/Pipeline.php(180): Illuminate\\View\\Middleware\\ShareErrorsFromSession->handle()
#34 /www/wwwroot/demo.medace.org/vendor/laravel/framework/src/Illuminate/Session/Middleware/StartSession.php(121): Illuminate\\Pipeline\\Pipeline->Illuminate\\Pipeline\\{closure}()
#35 /www/wwwroot/demo.medace.org/vendor/laravel/framework/src/Illuminate/Session/Middleware/StartSession.php(64): Illuminate\\Session\\Middleware\\StartSession->handleStatefulRequest()
#36 /www/wwwroot/demo.medace.org/vendor/laravel/framework/src/Illuminate/Pipeline/Pipeline.php(180): Illuminate\\Session\\Middleware\\StartSession->handle()
#37 /www/wwwroot/demo.medace.org/vendor/laravel/framework/src/Illuminate/Cookie/Middleware/AddQueuedCookiesToResponse.php(37): Illuminate\\Pipeline\\Pipeline->Illuminate\\Pipeline\\{closure}()
#38 /www/wwwroot/demo.medace.org/vendor/laravel/framework/src/Illuminate/Pipeline/Pipeline.php(180): Illuminate\\Cookie\\Middleware\\AddQueuedCookiesToResponse->handle()
#39 /www/wwwroot/demo.medace.org/vendor/laravel/framework/src/Illuminate/Cookie/Middleware/EncryptCookies.php(67): Illuminate\\Pipeline\\Pipeline->Illuminate\\Pipeline\\{closure}()
#40 /www/wwwroot/demo.medace.org/vendor/laravel/framework/src/Illuminate/Pipeline/Pipeline.php(180): Illuminate\\Cookie\\Middleware\\EncryptCookies->handle()
#41 /www/wwwroot/demo.medace.org/vendor/laravel/framework/src/Illuminate/Pipeline/Pipeline.php(116): Illuminate\\Pipeline\\Pipeline->Illuminate\\Pipeline\\{closure}()
#42 /www/wwwroot/demo.medace.org/vendor/laravel/framework/src/Illuminate/Routing/Router.php(799): Illuminate\\Pipeline\\Pipeline->then()
#43 /www/wwwroot/demo.medace.org/vendor/laravel/framework/src/Illuminate/Routing/Router.php(776): Illuminate\\Routing\\Router->runRouteWithinStack()
#44 /www/wwwroot/demo.medace.org/vendor/laravel/framework/src/Illuminate/Routing/Router.php(740): Illuminate\\Routing\\Router->runRoute()
#45 /www/wwwroot/demo.medace.org/vendor/laravel/framework/src/Illuminate/Routing/Router.php(729): Illuminate\\Routing\\Router->dispatchToRoute()
#46 /www/wwwroot/demo.medace.org/vendor/laravel/framework/src/Illuminate/Foundation/Http/Kernel.php(190): Illuminate\\Routing\\Router->dispatch()
#47 /www/wwwroot/demo.medace.org/vendor/laravel/framework/src/Illuminate/Pipeline/Pipeline.php(141): Illuminate\\Foundation\\Http\\Kernel->Illuminate\\Foundation\\Http\\{closure}()
#48 /www/wwwroot/demo.medace.org/vendor/barryvdh/laravel-debugbar/src/Middleware/InjectDebugbar.php(66): Illuminate\\Pipeline\\Pipeline->Illuminate\\Pipeline\\{closure}()
#49 /www/wwwroot/demo.medace.org/vendor/laravel/framework/src/Illuminate/Pipeline/Pipeline.php(180): Barryvdh\\Debugbar\\Middleware\\InjectDebugbar->handle()
#50 /www/wwwroot/demo.medace.org/vendor/laravel/framework/src/Illuminate/Foundation/Http/Middleware/TransformsRequest.php(21): Illuminate\\Pipeline\\Pipeline->Illuminate\\Pipeline\\{closure}()
#51 /www/wwwroot/demo.medace.org/vendor/laravel/framework/src/Illuminate/Foundation/Http/Middleware/ConvertEmptyStringsToNull.php(31): Illuminate\\Foundation\\Http\\Middleware\\TransformsRequest->handle()
#52 /www/wwwroot/demo.medace.org/vendor/laravel/framework/src/Illuminate/Pipeline/Pipeline.php(180): Illuminate\\Foundation\\Http\\Middleware\\ConvertEmptyStringsToNull->handle()
#53 /www/wwwroot/demo.medace.org/vendor/laravel/framework/src/Illuminate/Foundation/Http/Middleware/TransformsRequest.php(21): Illuminate\\Pipeline\\Pipeline->Illuminate\\Pipeline\\{closure}()
#54 /www/wwwroot/demo.medace.org/vendor/laravel/framework/src/Illuminate/Foundation/Http/Middleware/TrimStrings.php(40): Illuminate\\Foundation\\Http\\Middleware\\TransformsRequest->handle()
#55 /www/wwwroot/demo.medace.org/vendor/laravel/framework/src/Illuminate/Pipeline/Pipeline.php(180): Illuminate\\Foundation\\Http\\Middleware\\TrimStrings->handle()
#56 /www/wwwroot/demo.medace.org/vendor/laravel/framework/src/Illuminate/Foundation/Http/Middleware/ValidatePostSize.php(27): Illuminate\\Pipeline\\Pipeline->Illuminate\\Pipeline\\{closure}()
#57 /www/wwwroot/demo.medace.org/vendor/laravel/framework/src/Illuminate/Pipeline/Pipeline.php(180): Illuminate\\Foundation\\Http\\Middleware\\ValidatePostSize->handle()
#58 /www/wwwroot/demo.medace.org/vendor/laravel/framework/src/Illuminate/Foundation/Http/Middleware/PreventRequestsDuringMaintenance.php(86): Illuminate\\Pipeline\\Pipeline->Illuminate\\Pipeline\\{closure}()
#59 /www/wwwroot/demo.medace.org/vendor/laravel/framework/src/Illuminate/Pipeline/Pipeline.php(180): Illuminate\\Foundation\\Http\\Middleware\\PreventRequestsDuringMaintenance->handle()
#60 /www/wwwroot/demo.medace.org/vendor/fruitcake/laravel-cors/src/HandleCors.php(38): Illuminate\\Pipeline\\Pipeline->Illuminate\\Pipeline\\{closure}()
#61 /www/wwwroot/demo.medace.org/vendor/laravel/framework/src/Illuminate/Pipeline/Pipeline.php(180): Fruitcake\\Cors\\HandleCors->handle()
#62 /www/wwwroot/demo.medace.org/vendor/laravel/framework/src/Illuminate/Http/Middleware/TrustProxies.php(39): Illuminate\\Pipeline\\Pipeline->Illuminate\\Pipeline\\{closure}()
#63 /www/wwwroot/demo.medace.org/vendor/laravel/framework/src/Illuminate/Pipeline/Pipeline.php(180): Illuminate\\Http\\Middleware\\TrustProxies->handle()
#64 /www/wwwroot/demo.medace.org/vendor/laravel/framework/src/Illuminate/Pipeline/Pipeline.php(116): Illuminate\\Pipeline\\Pipeline->Illuminate\\Pipeline\\{closure}()
#65 /www/wwwroot/demo.medace.org/vendor/laravel/framework/src/Illuminate/Foundation/Http/Kernel.php(165): Illuminate\\Pipeline\\Pipeline->then()
#66 /www/wwwroot/demo.medace.org/vendor/laravel/framework/src/Illuminate/Foundation/Http/Kernel.php(134): Illuminate\\Foundation\\Http\\Kernel->sendRequestThroughRouter()
#67 /www/wwwroot/demo.medace.org/public/index.php(52): Illuminate\\Foundation\\Http\\Kernel->handle()
#68 {main}
"} 
[2025-04-16 08:21:27] production.ERROR: file_exists(): open_basedir restriction in effect. File(/fonts/OpenSans-Regular.ttf) is not within the allowed path(s): (/www/wwwroot/demo.medace.org/:/tmp/) {"userId":1049,"exception":"[object] (ErrorException(code: 0): file_exists(): open_basedir restriction in effect. File(/fonts/OpenSans-Regular.ttf) is not within the allowed path(s): (/www/wwwroot/demo.medace.org/:/tmp/) at /www/wwwroot/demo.medace.org/vendor/lasserafn/php-initial-avatar-generator/src/InitialAvatar.php:739)
[stacktrace]
#0 /www/wwwroot/demo.medace.org/vendor/laravel/framework/src/Illuminate/Foundation/Bootstrap/HandleExceptions.php(270): Illuminate\\Foundation\\Bootstrap\\HandleExceptions->handleError()
#1 [internal function]: Illuminate\\Foundation\\Bootstrap\\HandleExceptions->Illuminate\\Foundation\\Bootstrap\\{closure}()
#2 /www/wwwroot/demo.medace.org/vendor/lasserafn/php-initial-avatar-generator/src/InitialAvatar.php(739): file_exists()
#3 /www/wwwroot/demo.medace.org/vendor/lasserafn/php-initial-avatar-generator/src/InitialAvatar.php(644): LasseRafn\\InitialAvatarGenerator\\InitialAvatar->findFontFile()
#4 /www/wwwroot/demo.medace.org/vendor/lasserafn/php-initial-avatar-generator/src/InitialAvatar.php(401): LasseRafn\\InitialAvatarGenerator\\InitialAvatar->makeAvatar()
#5 /www/wwwroot/demo.medace.org/app/Http/Controllers/Web/DefaultAvatarController.php(39): LasseRafn\\InitialAvatarGenerator\\InitialAvatar->generate()
#6 /www/wwwroot/demo.medace.org/vendor/laravel/framework/src/Illuminate/Routing/Controller.php(54): App\\Http\\Controllers\\Web\\DefaultAvatarController->make()
#7 /www/wwwroot/demo.medace.org/vendor/laravel/framework/src/Illuminate/Routing/ControllerDispatcher.php(43): Illuminate\\Routing\\Controller->callAction()
#8 /www/wwwroot/demo.medace.org/vendor/laravel/framework/src/Illuminate/Routing/Route.php(260): Illuminate\\Routing\\ControllerDispatcher->dispatch()
#9 /www/wwwroot/demo.medace.org/vendor/laravel/framework/src/Illuminate/Routing/Route.php(205): Illuminate\\Routing\\Route->runController()
#10 /www/wwwroot/demo.medace.org/vendor/laravel/framework/src/Illuminate/Routing/Router.php(798): Illuminate\\Routing\\Route->run()
#11 /www/wwwroot/demo.medace.org/vendor/laravel/framework/src/Illuminate/Pipeline/Pipeline.php(141): Illuminate\\Routing\\Router->Illuminate\\Routing\\{closure}()
#12 /www/wwwroot/demo.medace.org/app/Http/Middleware/CheckRestriction.php(34): Illuminate\\Pipeline\\Pipeline->Illuminate\\Pipeline\\{closure}()
#13 /www/wwwroot/demo.medace.org/vendor/laravel/framework/src/Illuminate/Pipeline/Pipeline.php(180): App\\Http\\Middleware\\CheckRestriction->handle()
#14 /www/wwwroot/demo.medace.org/app/Http/Middleware/CheckMaintenance.php(37): Illuminate\\Pipeline\\Pipeline->Illuminate\\Pipeline\\{closure}()
#15 /www/wwwroot/demo.medace.org/vendor/laravel/framework/src/Illuminate/Pipeline/Pipeline.php(180): App\\Http\\Middleware\\CheckMaintenance->handle()
#16 /www/wwwroot/demo.medace.org/app/Http/Middleware/Share.php(90): Illuminate\\Pipeline\\Pipeline->Illuminate\\Pipeline\\{closure}()
#17 /www/wwwroot/demo.medace.org/vendor/laravel/framework/src/Illuminate/Pipeline/Pipeline.php(180): App\\Http\\Middleware\\Share->handle()
#18 /www/wwwroot/demo.medace.org/app/Http/Middleware/Impersonate.php(23): Illuminate\\Pipeline\\Pipeline->Illuminate\\Pipeline\\{closure}()
#19 /www/wwwroot/demo.medace.org/vendor/laravel/framework/src/Illuminate/Pipeline/Pipeline.php(180): App\\Http\\Middleware\\Impersonate->handle()
#20 /www/wwwroot/demo.medace.org/app/Http/Middleware/CheckMobileApp.php(25): Illuminate\\Pipeline\\Pipeline->Illuminate\\Pipeline\\{closure}()
#21 /www/wwwroot/demo.medace.org/vendor/laravel/framework/src/Illuminate/Pipeline/Pipeline.php(180): App\\Http\\Middleware\\CheckMobileApp->handle()
#22 /www/wwwroot/demo.medace.org/app/Http/Middleware/DebugBar.php(22): Illuminate\\Pipeline\\Pipeline->Illuminate\\Pipeline\\{closure}()
#23 /www/wwwroot/demo.medace.org/vendor/laravel/framework/src/Illuminate/Pipeline/Pipeline.php(180): App\\Http\\Middleware\\DebugBar->handle()
#24 /www/wwwroot/demo.medace.org/app/Http/Middleware/SessionValidity.php(36): Illuminate\\Pipeline\\Pipeline->Illuminate\\Pipeline\\{closure}()
#25 /www/wwwroot/demo.medace.org/vendor/laravel/framework/src/Illuminate/Pipeline/Pipeline.php(180): App\\Http\\Middleware\\SessionValidity->handle()
#26 /www/wwwroot/demo.medace.org/app/Http/Middleware/UserLocale.php(44): Illuminate\\Pipeline\\Pipeline->Illuminate\\Pipeline\\{closure}()
#27 /www/wwwroot/demo.medace.org/vendor/laravel/framework/src/Illuminate/Pipeline/Pipeline.php(180): App\\Http\\Middleware\\UserLocale->handle()
#28 /www/wwwroot/demo.medace.org/vendor/laravel/framework/src/Illuminate/Routing/Middleware/SubstituteBindings.php(50): Illuminate\\Pipeline\\Pipeline->Illuminate\\Pipeline\\{closure}()
#29 /www/wwwroot/demo.medace.org/vendor/laravel/framework/src/Illuminate/Pipeline/Pipeline.php(180): Illuminate\\Routing\\Middleware\\SubstituteBindings->handle()
#30 /www/wwwroot/demo.medace.org/vendor/laravel/framework/src/Illuminate/Foundation/Http/Middleware/VerifyCsrfToken.php(78): Illuminate\\Pipeline\\Pipeline->Illuminate\\Pipeline\\{closure}()
#31 /www/wwwroot/demo.medace.org/vendor/laravel/framework/src/Illuminate/Pipeline/Pipeline.php(180): Illuminate\\Foundation\\Http\\Middleware\\VerifyCsrfToken->handle()
#32 /www/wwwroot/demo.medace.org/vendor/laravel/framework/src/Illuminate/View/Middleware/ShareErrorsFromSession.php(49): Illuminate\\Pipeline\\Pipeline->Illuminate\\Pipeline\\{closure}()
#33 /www/wwwroot/demo.medace.org/vendor/laravel/framework/src/Illuminate/Pipeline/Pipeline.php(180): Illuminate\\View\\Middleware\\ShareErrorsFromSession->handle()
#34 /www/wwwroot/demo.medace.org/vendor/laravel/framework/src/Illuminate/Session/Middleware/StartSession.php(121): Illuminate\\Pipeline\\Pipeline->Illuminate\\Pipeline\\{closure}()
#35 /www/wwwroot/demo.medace.org/vendor/laravel/framework/src/Illuminate/Session/Middleware/StartSession.php(64): Illuminate\\Session\\Middleware\\StartSession->handleStatefulRequest()
#36 /www/wwwroot/demo.medace.org/vendor/laravel/framework/src/Illuminate/Pipeline/Pipeline.php(180): Illuminate\\Session\\Middleware\\StartSession->handle()
#37 /www/wwwroot/demo.medace.org/vendor/laravel/framework/src/Illuminate/Cookie/Middleware/AddQueuedCookiesToResponse.php(37): Illuminate\\Pipeline\\Pipeline->Illuminate\\Pipeline\\{closure}()
#38 /www/wwwroot/demo.medace.org/vendor/laravel/framework/src/Illuminate/Pipeline/Pipeline.php(180): Illuminate\\Cookie\\Middleware\\AddQueuedCookiesToResponse->handle()
#39 /www/wwwroot/demo.medace.org/vendor/laravel/framework/src/Illuminate/Cookie/Middleware/EncryptCookies.php(67): Illuminate\\Pipeline\\Pipeline->Illuminate\\Pipeline\\{closure}()
#40 /www/wwwroot/demo.medace.org/vendor/laravel/framework/src/Illuminate/Pipeline/Pipeline.php(180): Illuminate\\Cookie\\Middleware\\EncryptCookies->handle()
#41 /www/wwwroot/demo.medace.org/vendor/laravel/framework/src/Illuminate/Pipeline/Pipeline.php(116): Illuminate\\Pipeline\\Pipeline->Illuminate\\Pipeline\\{closure}()
#42 /www/wwwroot/demo.medace.org/vendor/laravel/framework/src/Illuminate/Routing/Router.php(799): Illuminate\\Pipeline\\Pipeline->then()
#43 /www/wwwroot/demo.medace.org/vendor/laravel/framework/src/Illuminate/Routing/Router.php(776): Illuminate\\Routing\\Router->runRouteWithinStack()
#44 /www/wwwroot/demo.medace.org/vendor/laravel/framework/src/Illuminate/Routing/Router.php(740): Illuminate\\Routing\\Router->runRoute()
#45 /www/wwwroot/demo.medace.org/vendor/laravel/framework/src/Illuminate/Routing/Router.php(729): Illuminate\\Routing\\Router->dispatchToRoute()
#46 /www/wwwroot/demo.medace.org/vendor/laravel/framework/src/Illuminate/Foundation/Http/Kernel.php(190): Illuminate\\Routing\\Router->dispatch()
#47 /www/wwwroot/demo.medace.org/vendor/laravel/framework/src/Illuminate/Pipeline/Pipeline.php(141): Illuminate\\Foundation\\Http\\Kernel->Illuminate\\Foundation\\Http\\{closure}()
#48 /www/wwwroot/demo.medace.org/vendor/barryvdh/laravel-debugbar/src/Middleware/InjectDebugbar.php(66): Illuminate\\Pipeline\\Pipeline->Illuminate\\Pipeline\\{closure}()
#49 /www/wwwroot/demo.medace.org/vendor/laravel/framework/src/Illuminate/Pipeline/Pipeline.php(180): Barryvdh\\Debugbar\\Middleware\\InjectDebugbar->handle()
#50 /www/wwwroot/demo.medace.org/vendor/laravel/framework/src/Illuminate/Foundation/Http/Middleware/TransformsRequest.php(21): Illuminate\\Pipeline\\Pipeline->Illuminate\\Pipeline\\{closure}()
#51 /www/wwwroot/demo.medace.org/vendor/laravel/framework/src/Illuminate/Foundation/Http/Middleware/ConvertEmptyStringsToNull.php(31): Illuminate\\Foundation\\Http\\Middleware\\TransformsRequest->handle()
#52 /www/wwwroot/demo.medace.org/vendor/laravel/framework/src/Illuminate/Pipeline/Pipeline.php(180): Illuminate\\Foundation\\Http\\Middleware\\ConvertEmptyStringsToNull->handle()
#53 /www/wwwroot/demo.medace.org/vendor/laravel/framework/src/Illuminate/Foundation/Http/Middleware/TransformsRequest.php(21): Illuminate\\Pipeline\\Pipeline->Illuminate\\Pipeline\\{closure}()
#54 /www/wwwroot/demo.medace.org/vendor/laravel/framework/src/Illuminate/Foundation/Http/Middleware/TrimStrings.php(40): Illuminate\\Foundation\\Http\\Middleware\\TransformsRequest->handle()
#55 /www/wwwroot/demo.medace.org/vendor/laravel/framework/src/Illuminate/Pipeline/Pipeline.php(180): Illuminate\\Foundation\\Http\\Middleware\\TrimStrings->handle()
#56 /www/wwwroot/demo.medace.org/vendor/laravel/framework/src/Illuminate/Foundation/Http/Middleware/ValidatePostSize.php(27): Illuminate\\Pipeline\\Pipeline->Illuminate\\Pipeline\\{closure}()
#57 /www/wwwroot/demo.medace.org/vendor/laravel/framework/src/Illuminate/Pipeline/Pipeline.php(180): Illuminate\\Foundation\\Http\\Middleware\\ValidatePostSize->handle()
#58 /www/wwwroot/demo.medace.org/vendor/laravel/framework/src/Illuminate/Foundation/Http/Middleware/PreventRequestsDuringMaintenance.php(86): Illuminate\\Pipeline\\Pipeline->Illuminate\\Pipeline\\{closure}()
#59 /www/wwwroot/demo.medace.org/vendor/laravel/framework/src/Illuminate/Pipeline/Pipeline.php(180): Illuminate\\Foundation\\Http\\Middleware\\PreventRequestsDuringMaintenance->handle()
#60 /www/wwwroot/demo.medace.org/vendor/fruitcake/laravel-cors/src/HandleCors.php(38): Illuminate\\Pipeline\\Pipeline->Illuminate\\Pipeline\\{closure}()
#61 /www/wwwroot/demo.medace.org/vendor/laravel/framework/src/Illuminate/Pipeline/Pipeline.php(180): Fruitcake\\Cors\\HandleCors->handle()
#62 /www/wwwroot/demo.medace.org/vendor/laravel/framework/src/Illuminate/Http/Middleware/TrustProxies.php(39): Illuminate\\Pipeline\\Pipeline->Illuminate\\Pipeline\\{closure}()
#63 /www/wwwroot/demo.medace.org/vendor/laravel/framework/src/Illuminate/Pipeline/Pipeline.php(180): Illuminate\\Http\\Middleware\\TrustProxies->handle()
#64 /www/wwwroot/demo.medace.org/vendor/laravel/framework/src/Illuminate/Pipeline/Pipeline.php(116): Illuminate\\Pipeline\\Pipeline->Illuminate\\Pipeline\\{closure}()
#65 /www/wwwroot/demo.medace.org/vendor/laravel/framework/src/Illuminate/Foundation/Http/Kernel.php(165): Illuminate\\Pipeline\\Pipeline->then()
#66 /www/wwwroot/demo.medace.org/vendor/laravel/framework/src/Illuminate/Foundation/Http/Kernel.php(134): Illuminate\\Foundation\\Http\\Kernel->sendRequestThroughRouter()
#67 /www/wwwroot/demo.medace.org/public/index.php(52): Illuminate\\Foundation\\Http\\Kernel->handle()
#68 {main}
"} 
[2025-04-16 08:21:27] production.ERROR: file_exists(): open_basedir restriction in effect. File(/fonts/OpenSans-Regular.ttf) is not within the allowed path(s): (/www/wwwroot/demo.medace.org/:/tmp/) {"userId":1049,"exception":"[object] (ErrorException(code: 0): file_exists(): open_basedir restriction in effect. File(/fonts/OpenSans-Regular.ttf) is not within the allowed path(s): (/www/wwwroot/demo.medace.org/:/tmp/) at /www/wwwroot/demo.medace.org/vendor/lasserafn/php-initial-avatar-generator/src/InitialAvatar.php:739)
[stacktrace]
#0 /www/wwwroot/demo.medace.org/vendor/laravel/framework/src/Illuminate/Foundation/Bootstrap/HandleExceptions.php(270): Illuminate\\Foundation\\Bootstrap\\HandleExceptions->handleError()
#1 [internal function]: Illuminate\\Foundation\\Bootstrap\\HandleExceptions->Illuminate\\Foundation\\Bootstrap\\{closure}()
#2 /www/wwwroot/demo.medace.org/vendor/lasserafn/php-initial-avatar-generator/src/InitialAvatar.php(739): file_exists()
#3 /www/wwwroot/demo.medace.org/vendor/lasserafn/php-initial-avatar-generator/src/InitialAvatar.php(644): LasseRafn\\InitialAvatarGenerator\\InitialAvatar->findFontFile()
#4 /www/wwwroot/demo.medace.org/vendor/lasserafn/php-initial-avatar-generator/src/InitialAvatar.php(401): LasseRafn\\InitialAvatarGenerator\\InitialAvatar->makeAvatar()
#5 /www/wwwroot/demo.medace.org/app/Http/Controllers/Web/DefaultAvatarController.php(39): LasseRafn\\InitialAvatarGenerator\\InitialAvatar->generate()
#6 /www/wwwroot/demo.medace.org/vendor/laravel/framework/src/Illuminate/Routing/Controller.php(54): App\\Http\\Controllers\\Web\\DefaultAvatarController->make()
#7 /www/wwwroot/demo.medace.org/vendor/laravel/framework/src/Illuminate/Routing/ControllerDispatcher.php(43): Illuminate\\Routing\\Controller->callAction()
#8 /www/wwwroot/demo.medace.org/vendor/laravel/framework/src/Illuminate/Routing/Route.php(260): Illuminate\\Routing\\ControllerDispatcher->dispatch()
#9 /www/wwwroot/demo.medace.org/vendor/laravel/framework/src/Illuminate/Routing/Route.php(205): Illuminate\\Routing\\Route->runController()
#10 /www/wwwroot/demo.medace.org/vendor/laravel/framework/src/Illuminate/Routing/Router.php(798): Illuminate\\Routing\\Route->run()
#11 /www/wwwroot/demo.medace.org/vendor/laravel/framework/src/Illuminate/Pipeline/Pipeline.php(141): Illuminate\\Routing\\Router->Illuminate\\Routing\\{closure}()
#12 /www/wwwroot/demo.medace.org/app/Http/Middleware/CheckRestriction.php(34): Illuminate\\Pipeline\\Pipeline->Illuminate\\Pipeline\\{closure}()
#13 /www/wwwroot/demo.medace.org/vendor/laravel/framework/src/Illuminate/Pipeline/Pipeline.php(180): App\\Http\\Middleware\\CheckRestriction->handle()
#14 /www/wwwroot/demo.medace.org/app/Http/Middleware/CheckMaintenance.php(37): Illuminate\\Pipeline\\Pipeline->Illuminate\\Pipeline\\{closure}()
#15 /www/wwwroot/demo.medace.org/vendor/laravel/framework/src/Illuminate/Pipeline/Pipeline.php(180): App\\Http\\Middleware\\CheckMaintenance->handle()
#16 /www/wwwroot/demo.medace.org/app/Http/Middleware/Share.php(90): Illuminate\\Pipeline\\Pipeline->Illuminate\\Pipeline\\{closure}()
#17 /www/wwwroot/demo.medace.org/vendor/laravel/framework/src/Illuminate/Pipeline/Pipeline.php(180): App\\Http\\Middleware\\Share->handle()
#18 /www/wwwroot/demo.medace.org/app/Http/Middleware/Impersonate.php(23): Illuminate\\Pipeline\\Pipeline->Illuminate\\Pipeline\\{closure}()
#19 /www/wwwroot/demo.medace.org/vendor/laravel/framework/src/Illuminate/Pipeline/Pipeline.php(180): App\\Http\\Middleware\\Impersonate->handle()
#20 /www/wwwroot/demo.medace.org/app/Http/Middleware/CheckMobileApp.php(25): Illuminate\\Pipeline\\Pipeline->Illuminate\\Pipeline\\{closure}()
#21 /www/wwwroot/demo.medace.org/vendor/laravel/framework/src/Illuminate/Pipeline/Pipeline.php(180): App\\Http\\Middleware\\CheckMobileApp->handle()
#22 /www/wwwroot/demo.medace.org/app/Http/Middleware/DebugBar.php(22): Illuminate\\Pipeline\\Pipeline->Illuminate\\Pipeline\\{closure}()
#23 /www/wwwroot/demo.medace.org/vendor/laravel/framework/src/Illuminate/Pipeline/Pipeline.php(180): App\\Http\\Middleware\\DebugBar->handle()
#24 /www/wwwroot/demo.medace.org/app/Http/Middleware/SessionValidity.php(36): Illuminate\\Pipeline\\Pipeline->Illuminate\\Pipeline\\{closure}()
#25 /www/wwwroot/demo.medace.org/vendor/laravel/framework/src/Illuminate/Pipeline/Pipeline.php(180): App\\Http\\Middleware\\SessionValidity->handle()
#26 /www/wwwroot/demo.medace.org/app/Http/Middleware/UserLocale.php(44): Illuminate\\Pipeline\\Pipeline->Illuminate\\Pipeline\\{closure}()
#27 /www/wwwroot/demo.medace.org/vendor/laravel/framework/src/Illuminate/Pipeline/Pipeline.php(180): App\\Http\\Middleware\\UserLocale->handle()
#28 /www/wwwroot/demo.medace.org/vendor/laravel/framework/src/Illuminate/Routing/Middleware/SubstituteBindings.php(50): Illuminate\\Pipeline\\Pipeline->Illuminate\\Pipeline\\{closure}()
#29 /www/wwwroot/demo.medace.org/vendor/laravel/framework/src/Illuminate/Pipeline/Pipeline.php(180): Illuminate\\Routing\\Middleware\\SubstituteBindings->handle()
#30 /www/wwwroot/demo.medace.org/vendor/laravel/framework/src/Illuminate/Foundation/Http/Middleware/VerifyCsrfToken.php(78): Illuminate\\Pipeline\\Pipeline->Illuminate\\Pipeline\\{closure}()
#31 /www/wwwroot/demo.medace.org/vendor/laravel/framework/src/Illuminate/Pipeline/Pipeline.php(180): Illuminate\\Foundation\\Http\\Middleware\\VerifyCsrfToken->handle()
#32 /www/wwwroot/demo.medace.org/vendor/laravel/framework/src/Illuminate/View/Middleware/ShareErrorsFromSession.php(49): Illuminate\\Pipeline\\Pipeline->Illuminate\\Pipeline\\{closure}()
#33 /www/wwwroot/demo.medace.org/vendor/laravel/framework/src/Illuminate/Pipeline/Pipeline.php(180): Illuminate\\View\\Middleware\\ShareErrorsFromSession->handle()
#34 /www/wwwroot/demo.medace.org/vendor/laravel/framework/src/Illuminate/Session/Middleware/StartSession.php(121): Illuminate\\Pipeline\\Pipeline->Illuminate\\Pipeline\\{closure}()
#35 /www/wwwroot/demo.medace.org/vendor/laravel/framework/src/Illuminate/Session/Middleware/StartSession.php(64): Illuminate\\Session\\Middleware\\StartSession->handleStatefulRequest()
#36 /www/wwwroot/demo.medace.org/vendor/laravel/framework/src/Illuminate/Pipeline/Pipeline.php(180): Illuminate\\Session\\Middleware\\StartSession->handle()
#37 /www/wwwroot/demo.medace.org/vendor/laravel/framework/src/Illuminate/Cookie/Middleware/AddQueuedCookiesToResponse.php(37): Illuminate\\Pipeline\\Pipeline->Illuminate\\Pipeline\\{closure}()
#38 /www/wwwroot/demo.medace.org/vendor/laravel/framework/src/Illuminate/Pipeline/Pipeline.php(180): Illuminate\\Cookie\\Middleware\\AddQueuedCookiesToResponse->handle()
#39 /www/wwwroot/demo.medace.org/vendor/laravel/framework/src/Illuminate/Cookie/Middleware/EncryptCookies.php(67): Illuminate\\Pipeline\\Pipeline->Illuminate\\Pipeline\\{closure}()
#40 /www/wwwroot/demo.medace.org/vendor/laravel/framework/src/Illuminate/Pipeline/Pipeline.php(180): Illuminate\\Cookie\\Middleware\\EncryptCookies->handle()
#41 /www/wwwroot/demo.medace.org/vendor/laravel/framework/src/Illuminate/Pipeline/Pipeline.php(116): Illuminate\\Pipeline\\Pipeline->Illuminate\\Pipeline\\{closure}()
#42 /www/wwwroot/demo.medace.org/vendor/laravel/framework/src/Illuminate/Routing/Router.php(799): Illuminate\\Pipeline\\Pipeline->then()
#43 /www/wwwroot/demo.medace.org/vendor/laravel/framework/src/Illuminate/Routing/Router.php(776): Illuminate\\Routing\\Router->runRouteWithinStack()
#44 /www/wwwroot/demo.medace.org/vendor/laravel/framework/src/Illuminate/Routing/Router.php(740): Illuminate\\Routing\\Router->runRoute()
#45 /www/wwwroot/demo.medace.org/vendor/laravel/framework/src/Illuminate/Routing/Router.php(729): Illuminate\\Routing\\Router->dispatchToRoute()
#46 /www/wwwroot/demo.medace.org/vendor/laravel/framework/src/Illuminate/Foundation/Http/Kernel.php(190): Illuminate\\Routing\\Router->dispatch()
#47 /www/wwwroot/demo.medace.org/vendor/laravel/framework/src/Illuminate/Pipeline/Pipeline.php(141): Illuminate\\Foundation\\Http\\Kernel->Illuminate\\Foundation\\Http\\{closure}()
#48 /www/wwwroot/demo.medace.org/vendor/barryvdh/laravel-debugbar/src/Middleware/InjectDebugbar.php(66): Illuminate\\Pipeline\\Pipeline->Illuminate\\Pipeline\\{closure}()
#49 /www/wwwroot/demo.medace.org/vendor/laravel/framework/src/Illuminate/Pipeline/Pipeline.php(180): Barryvdh\\Debugbar\\Middleware\\InjectDebugbar->handle()
#50 /www/wwwroot/demo.medace.org/vendor/laravel/framework/src/Illuminate/Foundation/Http/Middleware/TransformsRequest.php(21): Illuminate\\Pipeline\\Pipeline->Illuminate\\Pipeline\\{closure}()
#51 /www/wwwroot/demo.medace.org/vendor/laravel/framework/src/Illuminate/Foundation/Http/Middleware/ConvertEmptyStringsToNull.php(31): Illuminate\\Foundation\\Http\\Middleware\\TransformsRequest->handle()
#52 /www/wwwroot/demo.medace.org/vendor/laravel/framework/src/Illuminate/Pipeline/Pipeline.php(180): Illuminate\\Foundation\\Http\\Middleware\\ConvertEmptyStringsToNull->handle()
#53 /www/wwwroot/demo.medace.org/vendor/laravel/framework/src/Illuminate/Foundation/Http/Middleware/TransformsRequest.php(21): Illuminate\\Pipeline\\Pipeline->Illuminate\\Pipeline\\{closure}()
#54 /www/wwwroot/demo.medace.org/vendor/laravel/framework/src/Illuminate/Foundation/Http/Middleware/TrimStrings.php(40): Illuminate\\Foundation\\Http\\Middleware\\TransformsRequest->handle()
#55 /www/wwwroot/demo.medace.org/vendor/laravel/framework/src/Illuminate/Pipeline/Pipeline.php(180): Illuminate\\Foundation\\Http\\Middleware\\TrimStrings->handle()
#56 /www/wwwroot/demo.medace.org/vendor/laravel/framework/src/Illuminate/Foundation/Http/Middleware/ValidatePostSize.php(27): Illuminate\\Pipeline\\Pipeline->Illuminate\\Pipeline\\{closure}()
#57 /www/wwwroot/demo.medace.org/vendor/laravel/framework/src/Illuminate/Pipeline/Pipeline.php(180): Illuminate\\Foundation\\Http\\Middleware\\ValidatePostSize->handle()
#58 /www/wwwroot/demo.medace.org/vendor/laravel/framework/src/Illuminate/Foundation/Http/Middleware/PreventRequestsDuringMaintenance.php(86): Illuminate\\Pipeline\\Pipeline->Illuminate\\Pipeline\\{closure}()
#59 /www/wwwroot/demo.medace.org/vendor/laravel/framework/src/Illuminate/Pipeline/Pipeline.php(180): Illuminate\\Foundation\\Http\\Middleware\\PreventRequestsDuringMaintenance->handle()
#60 /www/wwwroot/demo.medace.org/vendor/fruitcake/laravel-cors/src/HandleCors.php(38): Illuminate\\Pipeline\\Pipeline->Illuminate\\Pipeline\\{closure}()
#61 /www/wwwroot/demo.medace.org/vendor/laravel/framework/src/Illuminate/Pipeline/Pipeline.php(180): Fruitcake\\Cors\\HandleCors->handle()
#62 /www/wwwroot/demo.medace.org/vendor/laravel/framework/src/Illuminate/Http/Middleware/TrustProxies.php(39): Illuminate\\Pipeline\\Pipeline->Illuminate\\Pipeline\\{closure}()
#63 /www/wwwroot/demo.medace.org/vendor/laravel/framework/src/Illuminate/Pipeline/Pipeline.php(180): Illuminate\\Http\\Middleware\\TrustProxies->handle()
#64 /www/wwwroot/demo.medace.org/vendor/laravel/framework/src/Illuminate/Pipeline/Pipeline.php(116): Illuminate\\Pipeline\\Pipeline->Illuminate\\Pipeline\\{closure}()
#65 /www/wwwroot/demo.medace.org/vendor/laravel/framework/src/Illuminate/Foundation/Http/Kernel.php(165): Illuminate\\Pipeline\\Pipeline->then()
#66 /www/wwwroot/demo.medace.org/vendor/laravel/framework/src/Illuminate/Foundation/Http/Kernel.php(134): Illuminate\\Foundation\\Http\\Kernel->sendRequestThroughRouter()
#67 /www/wwwroot/demo.medace.org/public/index.php(52): Illuminate\\Foundation\\Http\\Kernel->handle()
#68 {main}
"} 
[2025-04-16 08:21:27] production.ERROR: file_exists(): open_basedir restriction in effect. File(/fonts/OpenSans-Regular.ttf) is not within the allowed path(s): (/www/wwwroot/demo.medace.org/:/tmp/) {"userId":1049,"exception":"[object] (ErrorException(code: 0): file_exists(): open_basedir restriction in effect. File(/fonts/OpenSans-Regular.ttf) is not within the allowed path(s): (/www/wwwroot/demo.medace.org/:/tmp/) at /www/wwwroot/demo.medace.org/vendor/lasserafn/php-initial-avatar-generator/src/InitialAvatar.php:739)
[stacktrace]
#0 /www/wwwroot/demo.medace.org/vendor/laravel/framework/src/Illuminate/Foundation/Bootstrap/HandleExceptions.php(270): Illuminate\\Foundation\\Bootstrap\\HandleExceptions->handleError()
#1 [internal function]: Illuminate\\Foundation\\Bootstrap\\HandleExceptions->Illuminate\\Foundation\\Bootstrap\\{closure}()
#2 /www/wwwroot/demo.medace.org/vendor/lasserafn/php-initial-avatar-generator/src/InitialAvatar.php(739): file_exists()
#3 /www/wwwroot/demo.medace.org/vendor/lasserafn/php-initial-avatar-generator/src/InitialAvatar.php(644): LasseRafn\\InitialAvatarGenerator\\InitialAvatar->findFontFile()
#4 /www/wwwroot/demo.medace.org/vendor/lasserafn/php-initial-avatar-generator/src/InitialAvatar.php(401): LasseRafn\\InitialAvatarGenerator\\InitialAvatar->makeAvatar()
#5 /www/wwwroot/demo.medace.org/app/Http/Controllers/Web/DefaultAvatarController.php(39): LasseRafn\\InitialAvatarGenerator\\InitialAvatar->generate()
#6 /www/wwwroot/demo.medace.org/vendor/laravel/framework/src/Illuminate/Routing/Controller.php(54): App\\Http\\Controllers\\Web\\DefaultAvatarController->make()
#7 /www/wwwroot/demo.medace.org/vendor/laravel/framework/src/Illuminate/Routing/ControllerDispatcher.php(43): Illuminate\\Routing\\Controller->callAction()
#8 /www/wwwroot/demo.medace.org/vendor/laravel/framework/src/Illuminate/Routing/Route.php(260): Illuminate\\Routing\\ControllerDispatcher->dispatch()
#9 /www/wwwroot/demo.medace.org/vendor/laravel/framework/src/Illuminate/Routing/Route.php(205): Illuminate\\Routing\\Route->runController()
#10 /www/wwwroot/demo.medace.org/vendor/laravel/framework/src/Illuminate/Routing/Router.php(798): Illuminate\\Routing\\Route->run()
#11 /www/wwwroot/demo.medace.org/vendor/laravel/framework/src/Illuminate/Pipeline/Pipeline.php(141): Illuminate\\Routing\\Router->Illuminate\\Routing\\{closure}()
#12 /www/wwwroot/demo.medace.org/app/Http/Middleware/CheckRestriction.php(34): Illuminate\\Pipeline\\Pipeline->Illuminate\\Pipeline\\{closure}()
#13 /www/wwwroot/demo.medace.org/vendor/laravel/framework/src/Illuminate/Pipeline/Pipeline.php(180): App\\Http\\Middleware\\CheckRestriction->handle()
#14 /www/wwwroot/demo.medace.org/app/Http/Middleware/CheckMaintenance.php(37): Illuminate\\Pipeline\\Pipeline->Illuminate\\Pipeline\\{closure}()
#15 /www/wwwroot/demo.medace.org/vendor/laravel/framework/src/Illuminate/Pipeline/Pipeline.php(180): App\\Http\\Middleware\\CheckMaintenance->handle()
#16 /www/wwwroot/demo.medace.org/app/Http/Middleware/Share.php(90): Illuminate\\Pipeline\\Pipeline->Illuminate\\Pipeline\\{closure}()
#17 /www/wwwroot/demo.medace.org/vendor/laravel/framework/src/Illuminate/Pipeline/Pipeline.php(180): App\\Http\\Middleware\\Share->handle()
#18 /www/wwwroot/demo.medace.org/app/Http/Middleware/Impersonate.php(23): Illuminate\\Pipeline\\Pipeline->Illuminate\\Pipeline\\{closure}()
#19 /www/wwwroot/demo.medace.org/vendor/laravel/framework/src/Illuminate/Pipeline/Pipeline.php(180): App\\Http\\Middleware\\Impersonate->handle()
#20 /www/wwwroot/demo.medace.org/app/Http/Middleware/CheckMobileApp.php(25): Illuminate\\Pipeline\\Pipeline->Illuminate\\Pipeline\\{closure}()
#21 /www/wwwroot/demo.medace.org/vendor/laravel/framework/src/Illuminate/Pipeline/Pipeline.php(180): App\\Http\\Middleware\\CheckMobileApp->handle()
#22 /www/wwwroot/demo.medace.org/app/Http/Middleware/DebugBar.php(22): Illuminate\\Pipeline\\Pipeline->Illuminate\\Pipeline\\{closure}()
#23 /www/wwwroot/demo.medace.org/vendor/laravel/framework/src/Illuminate/Pipeline/Pipeline.php(180): App\\Http\\Middleware\\DebugBar->handle()
#24 /www/wwwroot/demo.medace.org/app/Http/Middleware/SessionValidity.php(36): Illuminate\\Pipeline\\Pipeline->Illuminate\\Pipeline\\{closure}()
#25 /www/wwwroot/demo.medace.org/vendor/laravel/framework/src/Illuminate/Pipeline/Pipeline.php(180): App\\Http\\Middleware\\SessionValidity->handle()
#26 /www/wwwroot/demo.medace.org/app/Http/Middleware/UserLocale.php(44): Illuminate\\Pipeline\\Pipeline->Illuminate\\Pipeline\\{closure}()
#27 /www/wwwroot/demo.medace.org/vendor/laravel/framework/src/Illuminate/Pipeline/Pipeline.php(180): App\\Http\\Middleware\\UserLocale->handle()
#28 /www/wwwroot/demo.medace.org/vendor/laravel/framework/src/Illuminate/Routing/Middleware/SubstituteBindings.php(50): Illuminate\\Pipeline\\Pipeline->Illuminate\\Pipeline\\{closure}()
#29 /www/wwwroot/demo.medace.org/vendor/laravel/framework/src/Illuminate/Pipeline/Pipeline.php(180): Illuminate\\Routing\\Middleware\\SubstituteBindings->handle()
#30 /www/wwwroot/demo.medace.org/vendor/laravel/framework/src/Illuminate/Foundation/Http/Middleware/VerifyCsrfToken.php(78): Illuminate\\Pipeline\\Pipeline->Illuminate\\Pipeline\\{closure}()
#31 /www/wwwroot/demo.medace.org/vendor/laravel/framework/src/Illuminate/Pipeline/Pipeline.php(180): Illuminate\\Foundation\\Http\\Middleware\\VerifyCsrfToken->handle()
#32 /www/wwwroot/demo.medace.org/vendor/laravel/framework/src/Illuminate/View/Middleware/ShareErrorsFromSession.php(49): Illuminate\\Pipeline\\Pipeline->Illuminate\\Pipeline\\{closure}()
#33 /www/wwwroot/demo.medace.org/vendor/laravel/framework/src/Illuminate/Pipeline/Pipeline.php(180): Illuminate\\View\\Middleware\\ShareErrorsFromSession->handle()
#34 /www/wwwroot/demo.medace.org/vendor/laravel/framework/src/Illuminate/Session/Middleware/StartSession.php(121): Illuminate\\Pipeline\\Pipeline->Illuminate\\Pipeline\\{closure}()
#35 /www/wwwroot/demo.medace.org/vendor/laravel/framework/src/Illuminate/Session/Middleware/StartSession.php(64): Illuminate\\Session\\Middleware\\StartSession->handleStatefulRequest()
#36 /www/wwwroot/demo.medace.org/vendor/laravel/framework/src/Illuminate/Pipeline/Pipeline.php(180): Illuminate\\Session\\Middleware\\StartSession->handle()
#37 /www/wwwroot/demo.medace.org/vendor/laravel/framework/src/Illuminate/Cookie/Middleware/AddQueuedCookiesToResponse.php(37): Illuminate\\Pipeline\\Pipeline->Illuminate\\Pipeline\\{closure}()
#38 /www/wwwroot/demo.medace.org/vendor/laravel/framework/src/Illuminate/Pipeline/Pipeline.php(180): Illuminate\\Cookie\\Middleware\\AddQueuedCookiesToResponse->handle()
#39 /www/wwwroot/demo.medace.org/vendor/laravel/framework/src/Illuminate/Cookie/Middleware/EncryptCookies.php(67): Illuminate\\Pipeline\\Pipeline->Illuminate\\Pipeline\\{closure}()
#40 /www/wwwroot/demo.medace.org/vendor/laravel/framework/src/Illuminate/Pipeline/Pipeline.php(180): Illuminate\\Cookie\\Middleware\\EncryptCookies->handle()
#41 /www/wwwroot/demo.medace.org/vendor/laravel/framework/src/Illuminate/Pipeline/Pipeline.php(116): Illuminate\\Pipeline\\Pipeline->Illuminate\\Pipeline\\{closure}()
#42 /www/wwwroot/demo.medace.org/vendor/laravel/framework/src/Illuminate/Routing/Router.php(799): Illuminate\\Pipeline\\Pipeline->then()
#43 /www/wwwroot/demo.medace.org/vendor/laravel/framework/src/Illuminate/Routing/Router.php(776): Illuminate\\Routing\\Router->runRouteWithinStack()
#44 /www/wwwroot/demo.medace.org/vendor/laravel/framework/src/Illuminate/Routing/Router.php(740): Illuminate\\Routing\\Router->runRoute()
#45 /www/wwwroot/demo.medace.org/vendor/laravel/framework/src/Illuminate/Routing/Router.php(729): Illuminate\\Routing\\Router->dispatchToRoute()
#46 /www/wwwroot/demo.medace.org/vendor/laravel/framework/src/Illuminate/Foundation/Http/Kernel.php(190): Illuminate\\Routing\\Router->dispatch()
#47 /www/wwwroot/demo.medace.org/vendor/laravel/framework/src/Illuminate/Pipeline/Pipeline.php(141): Illuminate\\Foundation\\Http\\Kernel->Illuminate\\Foundation\\Http\\{closure}()
#48 /www/wwwroot/demo.medace.org/vendor/barryvdh/laravel-debugbar/src/Middleware/InjectDebugbar.php(66): Illuminate\\Pipeline\\Pipeline->Illuminate\\Pipeline\\{closure}()
#49 /www/wwwroot/demo.medace.org/vendor/laravel/framework/src/Illuminate/Pipeline/Pipeline.php(180): Barryvdh\\Debugbar\\Middleware\\InjectDebugbar->handle()
#50 /www/wwwroot/demo.medace.org/vendor/laravel/framework/src/Illuminate/Foundation/Http/Middleware/TransformsRequest.php(21): Illuminate\\Pipeline\\Pipeline->Illuminate\\Pipeline\\{closure}()
#51 /www/wwwroot/demo.medace.org/vendor/laravel/framework/src/Illuminate/Foundation/Http/Middleware/ConvertEmptyStringsToNull.php(31): Illuminate\\Foundation\\Http\\Middleware\\TransformsRequest->handle()
#52 /www/wwwroot/demo.medace.org/vendor/laravel/framework/src/Illuminate/Pipeline/Pipeline.php(180): Illuminate\\Foundation\\Http\\Middleware\\ConvertEmptyStringsToNull->handle()
#53 /www/wwwroot/demo.medace.org/vendor/laravel/framework/src/Illuminate/Foundation/Http/Middleware/TransformsRequest.php(21): Illuminate\\Pipeline\\Pipeline->Illuminate\\Pipeline\\{closure}()
#54 /www/wwwroot/demo.medace.org/vendor/laravel/framework/src/Illuminate/Foundation/Http/Middleware/TrimStrings.php(40): Illuminate\\Foundation\\Http\\Middleware\\TransformsRequest->handle()
#55 /www/wwwroot/demo.medace.org/vendor/laravel/framework/src/Illuminate/Pipeline/Pipeline.php(180): Illuminate\\Foundation\\Http\\Middleware\\TrimStrings->handle()
#56 /www/wwwroot/demo.medace.org/vendor/laravel/framework/src/Illuminate/Foundation/Http/Middleware/ValidatePostSize.php(27): Illuminate\\Pipeline\\Pipeline->Illuminate\\Pipeline\\{closure}()
#57 /www/wwwroot/demo.medace.org/vendor/laravel/framework/src/Illuminate/Pipeline/Pipeline.php(180): Illuminate\\Foundation\\Http\\Middleware\\ValidatePostSize->handle()
#58 /www/wwwroot/demo.medace.org/vendor/laravel/framework/src/Illuminate/Foundation/Http/Middleware/PreventRequestsDuringMaintenance.php(86): Illuminate\\Pipeline\\Pipeline->Illuminate\\Pipeline\\{closure}()
#59 /www/wwwroot/demo.medace.org/vendor/laravel/framework/src/Illuminate/Pipeline/Pipeline.php(180): Illuminate\\Foundation\\Http\\Middleware\\PreventRequestsDuringMaintenance->handle()
#60 /www/wwwroot/demo.medace.org/vendor/fruitcake/laravel-cors/src/HandleCors.php(38): Illuminate\\Pipeline\\Pipeline->Illuminate\\Pipeline\\{closure}()
#61 /www/wwwroot/demo.medace.org/vendor/laravel/framework/src/Illuminate/Pipeline/Pipeline.php(180): Fruitcake\\Cors\\HandleCors->handle()
#62 /www/wwwroot/demo.medace.org/vendor/laravel/framework/src/Illuminate/Http/Middleware/TrustProxies.php(39): Illuminate\\Pipeline\\Pipeline->Illuminate\\Pipeline\\{closure}()
#63 /www/wwwroot/demo.medace.org/vendor/laravel/framework/src/Illuminate/Pipeline/Pipeline.php(180): Illuminate\\Http\\Middleware\\TrustProxies->handle()
#64 /www/wwwroot/demo.medace.org/vendor/laravel/framework/src/Illuminate/Pipeline/Pipeline.php(116): Illuminate\\Pipeline\\Pipeline->Illuminate\\Pipeline\\{closure}()
#65 /www/wwwroot/demo.medace.org/vendor/laravel/framework/src/Illuminate/Foundation/Http/Kernel.php(165): Illuminate\\Pipeline\\Pipeline->then()
#66 /www/wwwroot/demo.medace.org/vendor/laravel/framework/src/Illuminate/Foundation/Http/Kernel.php(134): Illuminate\\Foundation\\Http\\Kernel->sendRequestThroughRouter()
#67 /www/wwwroot/demo.medace.org/public/index.php(52): Illuminate\\Foundation\\Http\\Kernel->handle()
#68 {main}
"} 
[2025-04-16 08:21:27] production.ERROR: file_exists(): open_basedir restriction in effect. File(/fonts/OpenSans-Regular.ttf) is not within the allowed path(s): (/www/wwwroot/demo.medace.org/:/tmp/) {"userId":1049,"exception":"[object] (ErrorException(code: 0): file_exists(): open_basedir restriction in effect. File(/fonts/OpenSans-Regular.ttf) is not within the allowed path(s): (/www/wwwroot/demo.medace.org/:/tmp/) at /www/wwwroot/demo.medace.org/vendor/lasserafn/php-initial-avatar-generator/src/InitialAvatar.php:739)
[stacktrace]
#0 /www/wwwroot/demo.medace.org/vendor/laravel/framework/src/Illuminate/Foundation/Bootstrap/HandleExceptions.php(270): Illuminate\\Foundation\\Bootstrap\\HandleExceptions->handleError()
#1 [internal function]: Illuminate\\Foundation\\Bootstrap\\HandleExceptions->Illuminate\\Foundation\\Bootstrap\\{closure}()
#2 /www/wwwroot/demo.medace.org/vendor/lasserafn/php-initial-avatar-generator/src/InitialAvatar.php(739): file_exists()
#3 /www/wwwroot/demo.medace.org/vendor/lasserafn/php-initial-avatar-generator/src/InitialAvatar.php(644): LasseRafn\\InitialAvatarGenerator\\InitialAvatar->findFontFile()
#4 /www/wwwroot/demo.medace.org/vendor/lasserafn/php-initial-avatar-generator/src/InitialAvatar.php(401): LasseRafn\\InitialAvatarGenerator\\InitialAvatar->makeAvatar()
#5 /www/wwwroot/demo.medace.org/app/Http/Controllers/Web/DefaultAvatarController.php(39): LasseRafn\\InitialAvatarGenerator\\InitialAvatar->generate()
#6 /www/wwwroot/demo.medace.org/vendor/laravel/framework/src/Illuminate/Routing/Controller.php(54): App\\Http\\Controllers\\Web\\DefaultAvatarController->make()
#7 /www/wwwroot/demo.medace.org/vendor/laravel/framework/src/Illuminate/Routing/ControllerDispatcher.php(43): Illuminate\\Routing\\Controller->callAction()
#8 /www/wwwroot/demo.medace.org/vendor/laravel/framework/src/Illuminate/Routing/Route.php(260): Illuminate\\Routing\\ControllerDispatcher->dispatch()
#9 /www/wwwroot/demo.medace.org/vendor/laravel/framework/src/Illuminate/Routing/Route.php(205): Illuminate\\Routing\\Route->runController()
#10 /www/wwwroot/demo.medace.org/vendor/laravel/framework/src/Illuminate/Routing/Router.php(798): Illuminate\\Routing\\Route->run()
#11 /www/wwwroot/demo.medace.org/vendor/laravel/framework/src/Illuminate/Pipeline/Pipeline.php(141): Illuminate\\Routing\\Router->Illuminate\\Routing\\{closure}()
#12 /www/wwwroot/demo.medace.org/app/Http/Middleware/CheckRestriction.php(34): Illuminate\\Pipeline\\Pipeline->Illuminate\\Pipeline\\{closure}()
#13 /www/wwwroot/demo.medace.org/vendor/laravel/framework/src/Illuminate/Pipeline/Pipeline.php(180): App\\Http\\Middleware\\CheckRestriction->handle()
#14 /www/wwwroot/demo.medace.org/app/Http/Middleware/CheckMaintenance.php(37): Illuminate\\Pipeline\\Pipeline->Illuminate\\Pipeline\\{closure}()
#15 /www/wwwroot/demo.medace.org/vendor/laravel/framework/src/Illuminate/Pipeline/Pipeline.php(180): App\\Http\\Middleware\\CheckMaintenance->handle()
#16 /www/wwwroot/demo.medace.org/app/Http/Middleware/Share.php(90): Illuminate\\Pipeline\\Pipeline->Illuminate\\Pipeline\\{closure}()
#17 /www/wwwroot/demo.medace.org/vendor/laravel/framework/src/Illuminate/Pipeline/Pipeline.php(180): App\\Http\\Middleware\\Share->handle()
#18 /www/wwwroot/demo.medace.org/app/Http/Middleware/Impersonate.php(23): Illuminate\\Pipeline\\Pipeline->Illuminate\\Pipeline\\{closure}()
#19 /www/wwwroot/demo.medace.org/vendor/laravel/framework/src/Illuminate/Pipeline/Pipeline.php(180): App\\Http\\Middleware\\Impersonate->handle()
#20 /www/wwwroot/demo.medace.org/app/Http/Middleware/CheckMobileApp.php(25): Illuminate\\Pipeline\\Pipeline->Illuminate\\Pipeline\\{closure}()
#21 /www/wwwroot/demo.medace.org/vendor/laravel/framework/src/Illuminate/Pipeline/Pipeline.php(180): App\\Http\\Middleware\\CheckMobileApp->handle()
#22 /www/wwwroot/demo.medace.org/app/Http/Middleware/DebugBar.php(22): Illuminate\\Pipeline\\Pipeline->Illuminate\\Pipeline\\{closure}()
#23 /www/wwwroot/demo.medace.org/vendor/laravel/framework/src/Illuminate/Pipeline/Pipeline.php(180): App\\Http\\Middleware\\DebugBar->handle()
#24 /www/wwwroot/demo.medace.org/app/Http/Middleware/SessionValidity.php(36): Illuminate\\Pipeline\\Pipeline->Illuminate\\Pipeline\\{closure}()
#25 /www/wwwroot/demo.medace.org/vendor/laravel/framework/src/Illuminate/Pipeline/Pipeline.php(180): App\\Http\\Middleware\\SessionValidity->handle()
#26 /www/wwwroot/demo.medace.org/app/Http/Middleware/UserLocale.php(44): Illuminate\\Pipeline\\Pipeline->Illuminate\\Pipeline\\{closure}()
#27 /www/wwwroot/demo.medace.org/vendor/laravel/framework/src/Illuminate/Pipeline/Pipeline.php(180): App\\Http\\Middleware\\UserLocale->handle()
#28 /www/wwwroot/demo.medace.org/vendor/laravel/framework/src/Illuminate/Routing/Middleware/SubstituteBindings.php(50): Illuminate\\Pipeline\\Pipeline->Illuminate\\Pipeline\\{closure}()
#29 /www/wwwroot/demo.medace.org/vendor/laravel/framework/src/Illuminate/Pipeline/Pipeline.php(180): Illuminate\\Routing\\Middleware\\SubstituteBindings->handle()
#30 /www/wwwroot/demo.medace.org/vendor/laravel/framework/src/Illuminate/Foundation/Http/Middleware/VerifyCsrfToken.php(78): Illuminate\\Pipeline\\Pipeline->Illuminate\\Pipeline\\{closure}()
#31 /www/wwwroot/demo.medace.org/vendor/laravel/framework/src/Illuminate/Pipeline/Pipeline.php(180): Illuminate\\Foundation\\Http\\Middleware\\VerifyCsrfToken->handle()
#32 /www/wwwroot/demo.medace.org/vendor/laravel/framework/src/Illuminate/View/Middleware/ShareErrorsFromSession.php(49): Illuminate\\Pipeline\\Pipeline->Illuminate\\Pipeline\\{closure}()
#33 /www/wwwroot/demo.medace.org/vendor/laravel/framework/src/Illuminate/Pipeline/Pipeline.php(180): Illuminate\\View\\Middleware\\ShareErrorsFromSession->handle()
#34 /www/wwwroot/demo.medace.org/vendor/laravel/framework/src/Illuminate/Session/Middleware/StartSession.php(121): Illuminate\\Pipeline\\Pipeline->Illuminate\\Pipeline\\{closure}()
#35 /www/wwwroot/demo.medace.org/vendor/laravel/framework/src/Illuminate/Session/Middleware/StartSession.php(64): Illuminate\\Session\\Middleware\\StartSession->handleStatefulRequest()
#36 /www/wwwroot/demo.medace.org/vendor/laravel/framework/src/Illuminate/Pipeline/Pipeline.php(180): Illuminate\\Session\\Middleware\\StartSession->handle()
#37 /www/wwwroot/demo.medace.org/vendor/laravel/framework/src/Illuminate/Cookie/Middleware/AddQueuedCookiesToResponse.php(37): Illuminate\\Pipeline\\Pipeline->Illuminate\\Pipeline\\{closure}()
#38 /www/wwwroot/demo.medace.org/vendor/laravel/framework/src/Illuminate/Pipeline/Pipeline.php(180): Illuminate\\Cookie\\Middleware\\AddQueuedCookiesToResponse->handle()
#39 /www/wwwroot/demo.medace.org/vendor/laravel/framework/src/Illuminate/Cookie/Middleware/EncryptCookies.php(67): Illuminate\\Pipeline\\Pipeline->Illuminate\\Pipeline\\{closure}()
#40 /www/wwwroot/demo.medace.org/vendor/laravel/framework/src/Illuminate/Pipeline/Pipeline.php(180): Illuminate\\Cookie\\Middleware\\EncryptCookies->handle()
#41 /www/wwwroot/demo.medace.org/vendor/laravel/framework/src/Illuminate/Pipeline/Pipeline.php(116): Illuminate\\Pipeline\\Pipeline->Illuminate\\Pipeline\\{closure}()
#42 /www/wwwroot/demo.medace.org/vendor/laravel/framework/src/Illuminate/Routing/Router.php(799): Illuminate\\Pipeline\\Pipeline->then()
#43 /www/wwwroot/demo.medace.org/vendor/laravel/framework/src/Illuminate/Routing/Router.php(776): Illuminate\\Routing\\Router->runRouteWithinStack()
#44 /www/wwwroot/demo.medace.org/vendor/laravel/framework/src/Illuminate/Routing/Router.php(740): Illuminate\\Routing\\Router->runRoute()
#45 /www/wwwroot/demo.medace.org/vendor/laravel/framework/src/Illuminate/Routing/Router.php(729): Illuminate\\Routing\\Router->dispatchToRoute()
#46 /www/wwwroot/demo.medace.org/vendor/laravel/framework/src/Illuminate/Foundation/Http/Kernel.php(190): Illuminate\\Routing\\Router->dispatch()
#47 /www/wwwroot/demo.medace.org/vendor/laravel/framework/src/Illuminate/Pipeline/Pipeline.php(141): Illuminate\\Foundation\\Http\\Kernel->Illuminate\\Foundation\\Http\\{closure}()
#48 /www/wwwroot/demo.medace.org/vendor/barryvdh/laravel-debugbar/src/Middleware/InjectDebugbar.php(66): Illuminate\\Pipeline\\Pipeline->Illuminate\\Pipeline\\{closure}()
#49 /www/wwwroot/demo.medace.org/vendor/laravel/framework/src/Illuminate/Pipeline/Pipeline.php(180): Barryvdh\\Debugbar\\Middleware\\InjectDebugbar->handle()
#50 /www/wwwroot/demo.medace.org/vendor/laravel/framework/src/Illuminate/Foundation/Http/Middleware/TransformsRequest.php(21): Illuminate\\Pipeline\\Pipeline->Illuminate\\Pipeline\\{closure}()
#51 /www/wwwroot/demo.medace.org/vendor/laravel/framework/src/Illuminate/Foundation/Http/Middleware/ConvertEmptyStringsToNull.php(31): Illuminate\\Foundation\\Http\\Middleware\\TransformsRequest->handle()
#52 /www/wwwroot/demo.medace.org/vendor/laravel/framework/src/Illuminate/Pipeline/Pipeline.php(180): Illuminate\\Foundation\\Http\\Middleware\\ConvertEmptyStringsToNull->handle()
#53 /www/wwwroot/demo.medace.org/vendor/laravel/framework/src/Illuminate/Foundation/Http/Middleware/TransformsRequest.php(21): Illuminate\\Pipeline\\Pipeline->Illuminate\\Pipeline\\{closure}()
#54 /www/wwwroot/demo.medace.org/vendor/laravel/framework/src/Illuminate/Foundation/Http/Middleware/TrimStrings.php(40): Illuminate\\Foundation\\Http\\Middleware\\TransformsRequest->handle()
#55 /www/wwwroot/demo.medace.org/vendor/laravel/framework/src/Illuminate/Pipeline/Pipeline.php(180): Illuminate\\Foundation\\Http\\Middleware\\TrimStrings->handle()
#56 /www/wwwroot/demo.medace.org/vendor/laravel/framework/src/Illuminate/Foundation/Http/Middleware/ValidatePostSize.php(27): Illuminate\\Pipeline\\Pipeline->Illuminate\\Pipeline\\{closure}()
#57 /www/wwwroot/demo.medace.org/vendor/laravel/framework/src/Illuminate/Pipeline/Pipeline.php(180): Illuminate\\Foundation\\Http\\Middleware\\ValidatePostSize->handle()
#58 /www/wwwroot/demo.medace.org/vendor/laravel/framework/src/Illuminate/Foundation/Http/Middleware/PreventRequestsDuringMaintenance.php(86): Illuminate\\Pipeline\\Pipeline->Illuminate\\Pipeline\\{closure}()
#59 /www/wwwroot/demo.medace.org/vendor/laravel/framework/src/Illuminate/Pipeline/Pipeline.php(180): Illuminate\\Foundation\\Http\\Middleware\\PreventRequestsDuringMaintenance->handle()
#60 /www/wwwroot/demo.medace.org/vendor/fruitcake/laravel-cors/src/HandleCors.php(38): Illuminate\\Pipeline\\Pipeline->Illuminate\\Pipeline\\{closure}()
#61 /www/wwwroot/demo.medace.org/vendor/laravel/framework/src/Illuminate/Pipeline/Pipeline.php(180): Fruitcake\\Cors\\HandleCors->handle()
#62 /www/wwwroot/demo.medace.org/vendor/laravel/framework/src/Illuminate/Http/Middleware/TrustProxies.php(39): Illuminate\\Pipeline\\Pipeline->Illuminate\\Pipeline\\{closure}()
#63 /www/wwwroot/demo.medace.org/vendor/laravel/framework/src/Illuminate/Pipeline/Pipeline.php(180): Illuminate\\Http\\Middleware\\TrustProxies->handle()
#64 /www/wwwroot/demo.medace.org/vendor/laravel/framework/src/Illuminate/Pipeline/Pipeline.php(116): Illuminate\\Pipeline\\Pipeline->Illuminate\\Pipeline\\{closure}()
#65 /www/wwwroot/demo.medace.org/vendor/laravel/framework/src/Illuminate/Foundation/Http/Kernel.php(165): Illuminate\\Pipeline\\Pipeline->then()
#66 /www/wwwroot/demo.medace.org/vendor/laravel/framework/src/Illuminate/Foundation/Http/Kernel.php(134): Illuminate\\Foundation\\Http\\Kernel->sendRequestThroughRouter()
#67 /www/wwwroot/demo.medace.org/public/index.php(52): Illuminate\\Foundation\\Http\\Kernel->handle()
#68 {main}
"} 
[2025-04-16 09:06:44] production.ERROR: file_exists(): open_basedir restriction in effect. File(/fonts/OpenSans-Regular.ttf) is not within the allowed path(s): (/www/wwwroot/demo.medace.org/:/tmp/) {"userId":1049,"exception":"[object] (ErrorException(code: 0): file_exists(): open_basedir restriction in effect. File(/fonts/OpenSans-Regular.ttf) is not within the allowed path(s): (/www/wwwroot/demo.medace.org/:/tmp/) at /www/wwwroot/demo.medace.org/vendor/lasserafn/php-initial-avatar-generator/src/InitialAvatar.php:739)
[stacktrace]
#0 /www/wwwroot/demo.medace.org/vendor/laravel/framework/src/Illuminate/Foundation/Bootstrap/HandleExceptions.php(270): Illuminate\\Foundation\\Bootstrap\\HandleExceptions->handleError()
#1 [internal function]: Illuminate\\Foundation\\Bootstrap\\HandleExceptions->Illuminate\\Foundation\\Bootstrap\\{closure}()
#2 /www/wwwroot/demo.medace.org/vendor/lasserafn/php-initial-avatar-generator/src/InitialAvatar.php(739): file_exists()
#3 /www/wwwroot/demo.medace.org/vendor/lasserafn/php-initial-avatar-generator/src/InitialAvatar.php(644): LasseRafn\\InitialAvatarGenerator\\InitialAvatar->findFontFile()
#4 /www/wwwroot/demo.medace.org/vendor/lasserafn/php-initial-avatar-generator/src/InitialAvatar.php(401): LasseRafn\\InitialAvatarGenerator\\InitialAvatar->makeAvatar()
#5 /www/wwwroot/demo.medace.org/app/Http/Controllers/Web/DefaultAvatarController.php(39): LasseRafn\\InitialAvatarGenerator\\InitialAvatar->generate()
#6 /www/wwwroot/demo.medace.org/vendor/laravel/framework/src/Illuminate/Routing/Controller.php(54): App\\Http\\Controllers\\Web\\DefaultAvatarController->make()
#7 /www/wwwroot/demo.medace.org/vendor/laravel/framework/src/Illuminate/Routing/ControllerDispatcher.php(43): Illuminate\\Routing\\Controller->callAction()
#8 /www/wwwroot/demo.medace.org/vendor/laravel/framework/src/Illuminate/Routing/Route.php(260): Illuminate\\Routing\\ControllerDispatcher->dispatch()
#9 /www/wwwroot/demo.medace.org/vendor/laravel/framework/src/Illuminate/Routing/Route.php(205): Illuminate\\Routing\\Route->runController()
#10 /www/wwwroot/demo.medace.org/vendor/laravel/framework/src/Illuminate/Routing/Router.php(798): Illuminate\\Routing\\Route->run()
#11 /www/wwwroot/demo.medace.org/vendor/laravel/framework/src/Illuminate/Pipeline/Pipeline.php(141): Illuminate\\Routing\\Router->Illuminate\\Routing\\{closure}()
#12 /www/wwwroot/demo.medace.org/app/Http/Middleware/CheckRestriction.php(34): Illuminate\\Pipeline\\Pipeline->Illuminate\\Pipeline\\{closure}()
#13 /www/wwwroot/demo.medace.org/vendor/laravel/framework/src/Illuminate/Pipeline/Pipeline.php(180): App\\Http\\Middleware\\CheckRestriction->handle()
#14 /www/wwwroot/demo.medace.org/app/Http/Middleware/CheckMaintenance.php(37): Illuminate\\Pipeline\\Pipeline->Illuminate\\Pipeline\\{closure}()
#15 /www/wwwroot/demo.medace.org/vendor/laravel/framework/src/Illuminate/Pipeline/Pipeline.php(180): App\\Http\\Middleware\\CheckMaintenance->handle()
#16 /www/wwwroot/demo.medace.org/app/Http/Middleware/Share.php(90): Illuminate\\Pipeline\\Pipeline->Illuminate\\Pipeline\\{closure}()
#17 /www/wwwroot/demo.medace.org/vendor/laravel/framework/src/Illuminate/Pipeline/Pipeline.php(180): App\\Http\\Middleware\\Share->handle()
#18 /www/wwwroot/demo.medace.org/app/Http/Middleware/Impersonate.php(23): Illuminate\\Pipeline\\Pipeline->Illuminate\\Pipeline\\{closure}()
#19 /www/wwwroot/demo.medace.org/vendor/laravel/framework/src/Illuminate/Pipeline/Pipeline.php(180): App\\Http\\Middleware\\Impersonate->handle()
#20 /www/wwwroot/demo.medace.org/app/Http/Middleware/CheckMobileApp.php(25): Illuminate\\Pipeline\\Pipeline->Illuminate\\Pipeline\\{closure}()
#21 /www/wwwroot/demo.medace.org/vendor/laravel/framework/src/Illuminate/Pipeline/Pipeline.php(180): App\\Http\\Middleware\\CheckMobileApp->handle()
#22 /www/wwwroot/demo.medace.org/app/Http/Middleware/DebugBar.php(22): Illuminate\\Pipeline\\Pipeline->Illuminate\\Pipeline\\{closure}()
#23 /www/wwwroot/demo.medace.org/vendor/laravel/framework/src/Illuminate/Pipeline/Pipeline.php(180): App\\Http\\Middleware\\DebugBar->handle()
#24 /www/wwwroot/demo.medace.org/app/Http/Middleware/SessionValidity.php(36): Illuminate\\Pipeline\\Pipeline->Illuminate\\Pipeline\\{closure}()
#25 /www/wwwroot/demo.medace.org/vendor/laravel/framework/src/Illuminate/Pipeline/Pipeline.php(180): App\\Http\\Middleware\\SessionValidity->handle()
#26 /www/wwwroot/demo.medace.org/app/Http/Middleware/UserLocale.php(44): Illuminate\\Pipeline\\Pipeline->Illuminate\\Pipeline\\{closure}()
#27 /www/wwwroot/demo.medace.org/vendor/laravel/framework/src/Illuminate/Pipeline/Pipeline.php(180): App\\Http\\Middleware\\UserLocale->handle()
#28 /www/wwwroot/demo.medace.org/vendor/laravel/framework/src/Illuminate/Routing/Middleware/SubstituteBindings.php(50): Illuminate\\Pipeline\\Pipeline->Illuminate\\Pipeline\\{closure}()
#29 /www/wwwroot/demo.medace.org/vendor/laravel/framework/src/Illuminate/Pipeline/Pipeline.php(180): Illuminate\\Routing\\Middleware\\SubstituteBindings->handle()
#30 /www/wwwroot/demo.medace.org/vendor/laravel/framework/src/Illuminate/Foundation/Http/Middleware/VerifyCsrfToken.php(78): Illuminate\\Pipeline\\Pipeline->Illuminate\\Pipeline\\{closure}()
#31 /www/wwwroot/demo.medace.org/vendor/laravel/framework/src/Illuminate/Pipeline/Pipeline.php(180): Illuminate\\Foundation\\Http\\Middleware\\VerifyCsrfToken->handle()
#32 /www/wwwroot/demo.medace.org/vendor/laravel/framework/src/Illuminate/View/Middleware/ShareErrorsFromSession.php(49): Illuminate\\Pipeline\\Pipeline->Illuminate\\Pipeline\\{closure}()
#33 /www/wwwroot/demo.medace.org/vendor/laravel/framework/src/Illuminate/Pipeline/Pipeline.php(180): Illuminate\\View\\Middleware\\ShareErrorsFromSession->handle()
#34 /www/wwwroot/demo.medace.org/vendor/laravel/framework/src/Illuminate/Session/Middleware/StartSession.php(121): Illuminate\\Pipeline\\Pipeline->Illuminate\\Pipeline\\{closure}()
#35 /www/wwwroot/demo.medace.org/vendor/laravel/framework/src/Illuminate/Session/Middleware/StartSession.php(64): Illuminate\\Session\\Middleware\\StartSession->handleStatefulRequest()
#36 /www/wwwroot/demo.medace.org/vendor/laravel/framework/src/Illuminate/Pipeline/Pipeline.php(180): Illuminate\\Session\\Middleware\\StartSession->handle()
#37 /www/wwwroot/demo.medace.org/vendor/laravel/framework/src/Illuminate/Cookie/Middleware/AddQueuedCookiesToResponse.php(37): Illuminate\\Pipeline\\Pipeline->Illuminate\\Pipeline\\{closure}()
#38 /www/wwwroot/demo.medace.org/vendor/laravel/framework/src/Illuminate/Pipeline/Pipeline.php(180): Illuminate\\Cookie\\Middleware\\AddQueuedCookiesToResponse->handle()
#39 /www/wwwroot/demo.medace.org/vendor/laravel/framework/src/Illuminate/Cookie/Middleware/EncryptCookies.php(67): Illuminate\\Pipeline\\Pipeline->Illuminate\\Pipeline\\{closure}()
#40 /www/wwwroot/demo.medace.org/vendor/laravel/framework/src/Illuminate/Pipeline/Pipeline.php(180): Illuminate\\Cookie\\Middleware\\EncryptCookies->handle()
#41 /www/wwwroot/demo.medace.org/vendor/laravel/framework/src/Illuminate/Pipeline/Pipeline.php(116): Illuminate\\Pipeline\\Pipeline->Illuminate\\Pipeline\\{closure}()
#42 /www/wwwroot/demo.medace.org/vendor/laravel/framework/src/Illuminate/Routing/Router.php(799): Illuminate\\Pipeline\\Pipeline->then()
#43 /www/wwwroot/demo.medace.org/vendor/laravel/framework/src/Illuminate/Routing/Router.php(776): Illuminate\\Routing\\Router->runRouteWithinStack()
#44 /www/wwwroot/demo.medace.org/vendor/laravel/framework/src/Illuminate/Routing/Router.php(740): Illuminate\\Routing\\Router->runRoute()
#45 /www/wwwroot/demo.medace.org/vendor/laravel/framework/src/Illuminate/Routing/Router.php(729): Illuminate\\Routing\\Router->dispatchToRoute()
#46 /www/wwwroot/demo.medace.org/vendor/laravel/framework/src/Illuminate/Foundation/Http/Kernel.php(190): Illuminate\\Routing\\Router->dispatch()
#47 /www/wwwroot/demo.medace.org/vendor/laravel/framework/src/Illuminate/Pipeline/Pipeline.php(141): Illuminate\\Foundation\\Http\\Kernel->Illuminate\\Foundation\\Http\\{closure}()
#48 /www/wwwroot/demo.medace.org/vendor/barryvdh/laravel-debugbar/src/Middleware/InjectDebugbar.php(66): Illuminate\\Pipeline\\Pipeline->Illuminate\\Pipeline\\{closure}()
#49 /www/wwwroot/demo.medace.org/vendor/laravel/framework/src/Illuminate/Pipeline/Pipeline.php(180): Barryvdh\\Debugbar\\Middleware\\InjectDebugbar->handle()
#50 /www/wwwroot/demo.medace.org/vendor/laravel/framework/src/Illuminate/Foundation/Http/Middleware/TransformsRequest.php(21): Illuminate\\Pipeline\\Pipeline->Illuminate\\Pipeline\\{closure}()
#51 /www/wwwroot/demo.medace.org/vendor/laravel/framework/src/Illuminate/Foundation/Http/Middleware/ConvertEmptyStringsToNull.php(31): Illuminate\\Foundation\\Http\\Middleware\\TransformsRequest->handle()
#52 /www/wwwroot/demo.medace.org/vendor/laravel/framework/src/Illuminate/Pipeline/Pipeline.php(180): Illuminate\\Foundation\\Http\\Middleware\\ConvertEmptyStringsToNull->handle()
#53 /www/wwwroot/demo.medace.org/vendor/laravel/framework/src/Illuminate/Foundation/Http/Middleware/TransformsRequest.php(21): Illuminate\\Pipeline\\Pipeline->Illuminate\\Pipeline\\{closure}()
#54 /www/wwwroot/demo.medace.org/vendor/laravel/framework/src/Illuminate/Foundation/Http/Middleware/TrimStrings.php(40): Illuminate\\Foundation\\Http\\Middleware\\TransformsRequest->handle()
#55 /www/wwwroot/demo.medace.org/vendor/laravel/framework/src/Illuminate/Pipeline/Pipeline.php(180): Illuminate\\Foundation\\Http\\Middleware\\TrimStrings->handle()
#56 /www/wwwroot/demo.medace.org/vendor/laravel/framework/src/Illuminate/Foundation/Http/Middleware/ValidatePostSize.php(27): Illuminate\\Pipeline\\Pipeline->Illuminate\\Pipeline\\{closure}()
#57 /www/wwwroot/demo.medace.org/vendor/laravel/framework/src/Illuminate/Pipeline/Pipeline.php(180): Illuminate\\Foundation\\Http\\Middleware\\ValidatePostSize->handle()
#58 /www/wwwroot/demo.medace.org/vendor/laravel/framework/src/Illuminate/Foundation/Http/Middleware/PreventRequestsDuringMaintenance.php(86): Illuminate\\Pipeline\\Pipeline->Illuminate\\Pipeline\\{closure}()
#59 /www/wwwroot/demo.medace.org/vendor/laravel/framework/src/Illuminate/Pipeline/Pipeline.php(180): Illuminate\\Foundation\\Http\\Middleware\\PreventRequestsDuringMaintenance->handle()
#60 /www/wwwroot/demo.medace.org/vendor/fruitcake/laravel-cors/src/HandleCors.php(38): Illuminate\\Pipeline\\Pipeline->Illuminate\\Pipeline\\{closure}()
#61 /www/wwwroot/demo.medace.org/vendor/laravel/framework/src/Illuminate/Pipeline/Pipeline.php(180): Fruitcake\\Cors\\HandleCors->handle()
#62 /www/wwwroot/demo.medace.org/vendor/laravel/framework/src/Illuminate/Http/Middleware/TrustProxies.php(39): Illuminate\\Pipeline\\Pipeline->Illuminate\\Pipeline\\{closure}()
#63 /www/wwwroot/demo.medace.org/vendor/laravel/framework/src/Illuminate/Pipeline/Pipeline.php(180): Illuminate\\Http\\Middleware\\TrustProxies->handle()
#64 /www/wwwroot/demo.medace.org/vendor/laravel/framework/src/Illuminate/Pipeline/Pipeline.php(116): Illuminate\\Pipeline\\Pipeline->Illuminate\\Pipeline\\{closure}()
#65 /www/wwwroot/demo.medace.org/vendor/laravel/framework/src/Illuminate/Foundation/Http/Kernel.php(165): Illuminate\\Pipeline\\Pipeline->then()
#66 /www/wwwroot/demo.medace.org/vendor/laravel/framework/src/Illuminate/Foundation/Http/Kernel.php(134): Illuminate\\Foundation\\Http\\Kernel->sendRequestThroughRouter()
#67 /www/wwwroot/demo.medace.org/public/index.php(52): Illuminate\\Foundation\\Http\\Kernel->handle()
#68 {main}
"} 
[2025-04-16 09:07:02] production.ERROR: file_exists(): open_basedir restriction in effect. File(/fonts/OpenSans-Regular.ttf) is not within the allowed path(s): (/www/wwwroot/demo.medace.org/:/tmp/) {"userId":1049,"exception":"[object] (ErrorException(code: 0): file_exists(): open_basedir restriction in effect. File(/fonts/OpenSans-Regular.ttf) is not within the allowed path(s): (/www/wwwroot/demo.medace.org/:/tmp/) at /www/wwwroot/demo.medace.org/vendor/lasserafn/php-initial-avatar-generator/src/InitialAvatar.php:739)
[stacktrace]
#0 /www/wwwroot/demo.medace.org/vendor/laravel/framework/src/Illuminate/Foundation/Bootstrap/HandleExceptions.php(270): Illuminate\\Foundation\\Bootstrap\\HandleExceptions->handleError()
#1 [internal function]: Illuminate\\Foundation\\Bootstrap\\HandleExceptions->Illuminate\\Foundation\\Bootstrap\\{closure}()
#2 /www/wwwroot/demo.medace.org/vendor/lasserafn/php-initial-avatar-generator/src/InitialAvatar.php(739): file_exists()
#3 /www/wwwroot/demo.medace.org/vendor/lasserafn/php-initial-avatar-generator/src/InitialAvatar.php(644): LasseRafn\\InitialAvatarGenerator\\InitialAvatar->findFontFile()
#4 /www/wwwroot/demo.medace.org/vendor/lasserafn/php-initial-avatar-generator/src/InitialAvatar.php(401): LasseRafn\\InitialAvatarGenerator\\InitialAvatar->makeAvatar()
#5 /www/wwwroot/demo.medace.org/app/Http/Controllers/Web/DefaultAvatarController.php(39): LasseRafn\\InitialAvatarGenerator\\InitialAvatar->generate()
#6 /www/wwwroot/demo.medace.org/vendor/laravel/framework/src/Illuminate/Routing/Controller.php(54): App\\Http\\Controllers\\Web\\DefaultAvatarController->make()
#7 /www/wwwroot/demo.medace.org/vendor/laravel/framework/src/Illuminate/Routing/ControllerDispatcher.php(43): Illuminate\\Routing\\Controller->callAction()
#8 /www/wwwroot/demo.medace.org/vendor/laravel/framework/src/Illuminate/Routing/Route.php(260): Illuminate\\Routing\\ControllerDispatcher->dispatch()
#9 /www/wwwroot/demo.medace.org/vendor/laravel/framework/src/Illuminate/Routing/Route.php(205): Illuminate\\Routing\\Route->runController()
#10 /www/wwwroot/demo.medace.org/vendor/laravel/framework/src/Illuminate/Routing/Router.php(798): Illuminate\\Routing\\Route->run()
#11 /www/wwwroot/demo.medace.org/vendor/laravel/framework/src/Illuminate/Pipeline/Pipeline.php(141): Illuminate\\Routing\\Router->Illuminate\\Routing\\{closure}()
#12 /www/wwwroot/demo.medace.org/app/Http/Middleware/CheckRestriction.php(34): Illuminate\\Pipeline\\Pipeline->Illuminate\\Pipeline\\{closure}()
#13 /www/wwwroot/demo.medace.org/vendor/laravel/framework/src/Illuminate/Pipeline/Pipeline.php(180): App\\Http\\Middleware\\CheckRestriction->handle()
#14 /www/wwwroot/demo.medace.org/app/Http/Middleware/CheckMaintenance.php(37): Illuminate\\Pipeline\\Pipeline->Illuminate\\Pipeline\\{closure}()
#15 /www/wwwroot/demo.medace.org/vendor/laravel/framework/src/Illuminate/Pipeline/Pipeline.php(180): App\\Http\\Middleware\\CheckMaintenance->handle()
#16 /www/wwwroot/demo.medace.org/app/Http/Middleware/Share.php(90): Illuminate\\Pipeline\\Pipeline->Illuminate\\Pipeline\\{closure}()
#17 /www/wwwroot/demo.medace.org/vendor/laravel/framework/src/Illuminate/Pipeline/Pipeline.php(180): App\\Http\\Middleware\\Share->handle()
#18 /www/wwwroot/demo.medace.org/app/Http/Middleware/Impersonate.php(23): Illuminate\\Pipeline\\Pipeline->Illuminate\\Pipeline\\{closure}()
#19 /www/wwwroot/demo.medace.org/vendor/laravel/framework/src/Illuminate/Pipeline/Pipeline.php(180): App\\Http\\Middleware\\Impersonate->handle()
#20 /www/wwwroot/demo.medace.org/app/Http/Middleware/CheckMobileApp.php(25): Illuminate\\Pipeline\\Pipeline->Illuminate\\Pipeline\\{closure}()
#21 /www/wwwroot/demo.medace.org/vendor/laravel/framework/src/Illuminate/Pipeline/Pipeline.php(180): App\\Http\\Middleware\\CheckMobileApp->handle()
#22 /www/wwwroot/demo.medace.org/app/Http/Middleware/DebugBar.php(22): Illuminate\\Pipeline\\Pipeline->Illuminate\\Pipeline\\{closure}()
#23 /www/wwwroot/demo.medace.org/vendor/laravel/framework/src/Illuminate/Pipeline/Pipeline.php(180): App\\Http\\Middleware\\DebugBar->handle()
#24 /www/wwwroot/demo.medace.org/app/Http/Middleware/SessionValidity.php(36): Illuminate\\Pipeline\\Pipeline->Illuminate\\Pipeline\\{closure}()
#25 /www/wwwroot/demo.medace.org/vendor/laravel/framework/src/Illuminate/Pipeline/Pipeline.php(180): App\\Http\\Middleware\\SessionValidity->handle()
#26 /www/wwwroot/demo.medace.org/app/Http/Middleware/UserLocale.php(44): Illuminate\\Pipeline\\Pipeline->Illuminate\\Pipeline\\{closure}()
#27 /www/wwwroot/demo.medace.org/vendor/laravel/framework/src/Illuminate/Pipeline/Pipeline.php(180): App\\Http\\Middleware\\UserLocale->handle()
#28 /www/wwwroot/demo.medace.org/vendor/laravel/framework/src/Illuminate/Routing/Middleware/SubstituteBindings.php(50): Illuminate\\Pipeline\\Pipeline->Illuminate\\Pipeline\\{closure}()
#29 /www/wwwroot/demo.medace.org/vendor/laravel/framework/src/Illuminate/Pipeline/Pipeline.php(180): Illuminate\\Routing\\Middleware\\SubstituteBindings->handle()
#30 /www/wwwroot/demo.medace.org/vendor/laravel/framework/src/Illuminate/Foundation/Http/Middleware/VerifyCsrfToken.php(78): Illuminate\\Pipeline\\Pipeline->Illuminate\\Pipeline\\{closure}()
#31 /www/wwwroot/demo.medace.org/vendor/laravel/framework/src/Illuminate/Pipeline/Pipeline.php(180): Illuminate\\Foundation\\Http\\Middleware\\VerifyCsrfToken->handle()
#32 /www/wwwroot/demo.medace.org/vendor/laravel/framework/src/Illuminate/View/Middleware/ShareErrorsFromSession.php(49): Illuminate\\Pipeline\\Pipeline->Illuminate\\Pipeline\\{closure}()
#33 /www/wwwroot/demo.medace.org/vendor/laravel/framework/src/Illuminate/Pipeline/Pipeline.php(180): Illuminate\\View\\Middleware\\ShareErrorsFromSession->handle()
#34 /www/wwwroot/demo.medace.org/vendor/laravel/framework/src/Illuminate/Session/Middleware/StartSession.php(121): Illuminate\\Pipeline\\Pipeline->Illuminate\\Pipeline\\{closure}()
#35 /www/wwwroot/demo.medace.org/vendor/laravel/framework/src/Illuminate/Session/Middleware/StartSession.php(64): Illuminate\\Session\\Middleware\\StartSession->handleStatefulRequest()
#36 /www/wwwroot/demo.medace.org/vendor/laravel/framework/src/Illuminate/Pipeline/Pipeline.php(180): Illuminate\\Session\\Middleware\\StartSession->handle()
#37 /www/wwwroot/demo.medace.org/vendor/laravel/framework/src/Illuminate/Cookie/Middleware/AddQueuedCookiesToResponse.php(37): Illuminate\\Pipeline\\Pipeline->Illuminate\\Pipeline\\{closure}()
#38 /www/wwwroot/demo.medace.org/vendor/laravel/framework/src/Illuminate/Pipeline/Pipeline.php(180): Illuminate\\Cookie\\Middleware\\AddQueuedCookiesToResponse->handle()
#39 /www/wwwroot/demo.medace.org/vendor/laravel/framework/src/Illuminate/Cookie/Middleware/EncryptCookies.php(67): Illuminate\\Pipeline\\Pipeline->Illuminate\\Pipeline\\{closure}()
#40 /www/wwwroot/demo.medace.org/vendor/laravel/framework/src/Illuminate/Pipeline/Pipeline.php(180): Illuminate\\Cookie\\Middleware\\EncryptCookies->handle()
#41 /www/wwwroot/demo.medace.org/vendor/laravel/framework/src/Illuminate/Pipeline/Pipeline.php(116): Illuminate\\Pipeline\\Pipeline->Illuminate\\Pipeline\\{closure}()
#42 /www/wwwroot/demo.medace.org/vendor/laravel/framework/src/Illuminate/Routing/Router.php(799): Illuminate\\Pipeline\\Pipeline->then()
#43 /www/wwwroot/demo.medace.org/vendor/laravel/framework/src/Illuminate/Routing/Router.php(776): Illuminate\\Routing\\Router->runRouteWithinStack()
#44 /www/wwwroot/demo.medace.org/vendor/laravel/framework/src/Illuminate/Routing/Router.php(740): Illuminate\\Routing\\Router->runRoute()
#45 /www/wwwroot/demo.medace.org/vendor/laravel/framework/src/Illuminate/Routing/Router.php(729): Illuminate\\Routing\\Router->dispatchToRoute()
#46 /www/wwwroot/demo.medace.org/vendor/laravel/framework/src/Illuminate/Foundation/Http/Kernel.php(190): Illuminate\\Routing\\Router->dispatch()
#47 /www/wwwroot/demo.medace.org/vendor/laravel/framework/src/Illuminate/Pipeline/Pipeline.php(141): Illuminate\\Foundation\\Http\\Kernel->Illuminate\\Foundation\\Http\\{closure}()
#48 /www/wwwroot/demo.medace.org/vendor/barryvdh/laravel-debugbar/src/Middleware/InjectDebugbar.php(66): Illuminate\\Pipeline\\Pipeline->Illuminate\\Pipeline\\{closure}()
#49 /www/wwwroot/demo.medace.org/vendor/laravel/framework/src/Illuminate/Pipeline/Pipeline.php(180): Barryvdh\\Debugbar\\Middleware\\InjectDebugbar->handle()
#50 /www/wwwroot/demo.medace.org/vendor/laravel/framework/src/Illuminate/Foundation/Http/Middleware/TransformsRequest.php(21): Illuminate\\Pipeline\\Pipeline->Illuminate\\Pipeline\\{closure}()
#51 /www/wwwroot/demo.medace.org/vendor/laravel/framework/src/Illuminate/Foundation/Http/Middleware/ConvertEmptyStringsToNull.php(31): Illuminate\\Foundation\\Http\\Middleware\\TransformsRequest->handle()
#52 /www/wwwroot/demo.medace.org/vendor/laravel/framework/src/Illuminate/Pipeline/Pipeline.php(180): Illuminate\\Foundation\\Http\\Middleware\\ConvertEmptyStringsToNull->handle()
#53 /www/wwwroot/demo.medace.org/vendor/laravel/framework/src/Illuminate/Foundation/Http/Middleware/TransformsRequest.php(21): Illuminate\\Pipeline\\Pipeline->Illuminate\\Pipeline\\{closure}()
#54 /www/wwwroot/demo.medace.org/vendor/laravel/framework/src/Illuminate/Foundation/Http/Middleware/TrimStrings.php(40): Illuminate\\Foundation\\Http\\Middleware\\TransformsRequest->handle()
#55 /www/wwwroot/demo.medace.org/vendor/laravel/framework/src/Illuminate/Pipeline/Pipeline.php(180): Illuminate\\Foundation\\Http\\Middleware\\TrimStrings->handle()
#56 /www/wwwroot/demo.medace.org/vendor/laravel/framework/src/Illuminate/Foundation/Http/Middleware/ValidatePostSize.php(27): Illuminate\\Pipeline\\Pipeline->Illuminate\\Pipeline\\{closure}()
#57 /www/wwwroot/demo.medace.org/vendor/laravel/framework/src/Illuminate/Pipeline/Pipeline.php(180): Illuminate\\Foundation\\Http\\Middleware\\ValidatePostSize->handle()
#58 /www/wwwroot/demo.medace.org/vendor/laravel/framework/src/Illuminate/Foundation/Http/Middleware/PreventRequestsDuringMaintenance.php(86): Illuminate\\Pipeline\\Pipeline->Illuminate\\Pipeline\\{closure}()
#59 /www/wwwroot/demo.medace.org/vendor/laravel/framework/src/Illuminate/Pipeline/Pipeline.php(180): Illuminate\\Foundation\\Http\\Middleware\\PreventRequestsDuringMaintenance->handle()
#60 /www/wwwroot/demo.medace.org/vendor/fruitcake/laravel-cors/src/HandleCors.php(38): Illuminate\\Pipeline\\Pipeline->Illuminate\\Pipeline\\{closure}()
#61 /www/wwwroot/demo.medace.org/vendor/laravel/framework/src/Illuminate/Pipeline/Pipeline.php(180): Fruitcake\\Cors\\HandleCors->handle()
#62 /www/wwwroot/demo.medace.org/vendor/laravel/framework/src/Illuminate/Http/Middleware/TrustProxies.php(39): Illuminate\\Pipeline\\Pipeline->Illuminate\\Pipeline\\{closure}()
#63 /www/wwwroot/demo.medace.org/vendor/laravel/framework/src/Illuminate/Pipeline/Pipeline.php(180): Illuminate\\Http\\Middleware\\TrustProxies->handle()
#64 /www/wwwroot/demo.medace.org/vendor/laravel/framework/src/Illuminate/Pipeline/Pipeline.php(116): Illuminate\\Pipeline\\Pipeline->Illuminate\\Pipeline\\{closure}()
#65 /www/wwwroot/demo.medace.org/vendor/laravel/framework/src/Illuminate/Foundation/Http/Kernel.php(165): Illuminate\\Pipeline\\Pipeline->then()
#66 /www/wwwroot/demo.medace.org/vendor/laravel/framework/src/Illuminate/Foundation/Http/Kernel.php(134): Illuminate\\Foundation\\Http\\Kernel->sendRequestThroughRouter()
#67 /www/wwwroot/demo.medace.org/public/index.php(52): Illuminate\\Foundation\\Http\\Kernel->handle()
#68 {main}
"} 
[2025-04-16 09:08:39] production.ERROR: file_exists(): open_basedir restriction in effect. File(/fonts/OpenSans-Regular.ttf) is not within the allowed path(s): (/www/wwwroot/demo.medace.org/:/tmp/) {"userId":1049,"exception":"[object] (ErrorException(code: 0): file_exists(): open_basedir restriction in effect. File(/fonts/OpenSans-Regular.ttf) is not within the allowed path(s): (/www/wwwroot/demo.medace.org/:/tmp/) at /www/wwwroot/demo.medace.org/vendor/lasserafn/php-initial-avatar-generator/src/InitialAvatar.php:739)
[stacktrace]
#0 /www/wwwroot/demo.medace.org/vendor/laravel/framework/src/Illuminate/Foundation/Bootstrap/HandleExceptions.php(270): Illuminate\\Foundation\\Bootstrap\\HandleExceptions->handleError()
#1 [internal function]: Illuminate\\Foundation\\Bootstrap\\HandleExceptions->Illuminate\\Foundation\\Bootstrap\\{closure}()
#2 /www/wwwroot/demo.medace.org/vendor/lasserafn/php-initial-avatar-generator/src/InitialAvatar.php(739): file_exists()
#3 /www/wwwroot/demo.medace.org/vendor/lasserafn/php-initial-avatar-generator/src/InitialAvatar.php(644): LasseRafn\\InitialAvatarGenerator\\InitialAvatar->findFontFile()
#4 /www/wwwroot/demo.medace.org/vendor/lasserafn/php-initial-avatar-generator/src/InitialAvatar.php(401): LasseRafn\\InitialAvatarGenerator\\InitialAvatar->makeAvatar()
#5 /www/wwwroot/demo.medace.org/app/Http/Controllers/Web/DefaultAvatarController.php(39): LasseRafn\\InitialAvatarGenerator\\InitialAvatar->generate()
#6 /www/wwwroot/demo.medace.org/vendor/laravel/framework/src/Illuminate/Routing/Controller.php(54): App\\Http\\Controllers\\Web\\DefaultAvatarController->make()
#7 /www/wwwroot/demo.medace.org/vendor/laravel/framework/src/Illuminate/Routing/ControllerDispatcher.php(43): Illuminate\\Routing\\Controller->callAction()
#8 /www/wwwroot/demo.medace.org/vendor/laravel/framework/src/Illuminate/Routing/Route.php(260): Illuminate\\Routing\\ControllerDispatcher->dispatch()
#9 /www/wwwroot/demo.medace.org/vendor/laravel/framework/src/Illuminate/Routing/Route.php(205): Illuminate\\Routing\\Route->runController()
#10 /www/wwwroot/demo.medace.org/vendor/laravel/framework/src/Illuminate/Routing/Router.php(798): Illuminate\\Routing\\Route->run()
#11 /www/wwwroot/demo.medace.org/vendor/laravel/framework/src/Illuminate/Pipeline/Pipeline.php(141): Illuminate\\Routing\\Router->Illuminate\\Routing\\{closure}()
#12 /www/wwwroot/demo.medace.org/app/Http/Middleware/CheckRestriction.php(34): Illuminate\\Pipeline\\Pipeline->Illuminate\\Pipeline\\{closure}()
#13 /www/wwwroot/demo.medace.org/vendor/laravel/framework/src/Illuminate/Pipeline/Pipeline.php(180): App\\Http\\Middleware\\CheckRestriction->handle()
#14 /www/wwwroot/demo.medace.org/app/Http/Middleware/CheckMaintenance.php(37): Illuminate\\Pipeline\\Pipeline->Illuminate\\Pipeline\\{closure}()
#15 /www/wwwroot/demo.medace.org/vendor/laravel/framework/src/Illuminate/Pipeline/Pipeline.php(180): App\\Http\\Middleware\\CheckMaintenance->handle()
#16 /www/wwwroot/demo.medace.org/app/Http/Middleware/Share.php(90): Illuminate\\Pipeline\\Pipeline->Illuminate\\Pipeline\\{closure}()
#17 /www/wwwroot/demo.medace.org/vendor/laravel/framework/src/Illuminate/Pipeline/Pipeline.php(180): App\\Http\\Middleware\\Share->handle()
#18 /www/wwwroot/demo.medace.org/app/Http/Middleware/Impersonate.php(23): Illuminate\\Pipeline\\Pipeline->Illuminate\\Pipeline\\{closure}()
#19 /www/wwwroot/demo.medace.org/vendor/laravel/framework/src/Illuminate/Pipeline/Pipeline.php(180): App\\Http\\Middleware\\Impersonate->handle()
#20 /www/wwwroot/demo.medace.org/app/Http/Middleware/CheckMobileApp.php(25): Illuminate\\Pipeline\\Pipeline->Illuminate\\Pipeline\\{closure}()
#21 /www/wwwroot/demo.medace.org/vendor/laravel/framework/src/Illuminate/Pipeline/Pipeline.php(180): App\\Http\\Middleware\\CheckMobileApp->handle()
#22 /www/wwwroot/demo.medace.org/app/Http/Middleware/DebugBar.php(22): Illuminate\\Pipeline\\Pipeline->Illuminate\\Pipeline\\{closure}()
#23 /www/wwwroot/demo.medace.org/vendor/laravel/framework/src/Illuminate/Pipeline/Pipeline.php(180): App\\Http\\Middleware\\DebugBar->handle()
#24 /www/wwwroot/demo.medace.org/app/Http/Middleware/SessionValidity.php(36): Illuminate\\Pipeline\\Pipeline->Illuminate\\Pipeline\\{closure}()
#25 /www/wwwroot/demo.medace.org/vendor/laravel/framework/src/Illuminate/Pipeline/Pipeline.php(180): App\\Http\\Middleware\\SessionValidity->handle()
#26 /www/wwwroot/demo.medace.org/app/Http/Middleware/UserLocale.php(44): Illuminate\\Pipeline\\Pipeline->Illuminate\\Pipeline\\{closure}()
#27 /www/wwwroot/demo.medace.org/vendor/laravel/framework/src/Illuminate/Pipeline/Pipeline.php(180): App\\Http\\Middleware\\UserLocale->handle()
#28 /www/wwwroot/demo.medace.org/vendor/laravel/framework/src/Illuminate/Routing/Middleware/SubstituteBindings.php(50): Illuminate\\Pipeline\\Pipeline->Illuminate\\Pipeline\\{closure}()
#29 /www/wwwroot/demo.medace.org/vendor/laravel/framework/src/Illuminate/Pipeline/Pipeline.php(180): Illuminate\\Routing\\Middleware\\SubstituteBindings->handle()
#30 /www/wwwroot/demo.medace.org/vendor/laravel/framework/src/Illuminate/Foundation/Http/Middleware/VerifyCsrfToken.php(78): Illuminate\\Pipeline\\Pipeline->Illuminate\\Pipeline\\{closure}()
#31 /www/wwwroot/demo.medace.org/vendor/laravel/framework/src/Illuminate/Pipeline/Pipeline.php(180): Illuminate\\Foundation\\Http\\Middleware\\VerifyCsrfToken->handle()
#32 /www/wwwroot/demo.medace.org/vendor/laravel/framework/src/Illuminate/View/Middleware/ShareErrorsFromSession.php(49): Illuminate\\Pipeline\\Pipeline->Illuminate\\Pipeline\\{closure}()
#33 /www/wwwroot/demo.medace.org/vendor/laravel/framework/src/Illuminate/Pipeline/Pipeline.php(180): Illuminate\\View\\Middleware\\ShareErrorsFromSession->handle()
#34 /www/wwwroot/demo.medace.org/vendor/laravel/framework/src/Illuminate/Session/Middleware/StartSession.php(121): Illuminate\\Pipeline\\Pipeline->Illuminate\\Pipeline\\{closure}()
#35 /www/wwwroot/demo.medace.org/vendor/laravel/framework/src/Illuminate/Session/Middleware/StartSession.php(64): Illuminate\\Session\\Middleware\\StartSession->handleStatefulRequest()
#36 /www/wwwroot/demo.medace.org/vendor/laravel/framework/src/Illuminate/Pipeline/Pipeline.php(180): Illuminate\\Session\\Middleware\\StartSession->handle()
#37 /www/wwwroot/demo.medace.org/vendor/laravel/framework/src/Illuminate/Cookie/Middleware/AddQueuedCookiesToResponse.php(37): Illuminate\\Pipeline\\Pipeline->Illuminate\\Pipeline\\{closure}()
#38 /www/wwwroot/demo.medace.org/vendor/laravel/framework/src/Illuminate/Pipeline/Pipeline.php(180): Illuminate\\Cookie\\Middleware\\AddQueuedCookiesToResponse->handle()
#39 /www/wwwroot/demo.medace.org/vendor/laravel/framework/src/Illuminate/Cookie/Middleware/EncryptCookies.php(67): Illuminate\\Pipeline\\Pipeline->Illuminate\\Pipeline\\{closure}()
#40 /www/wwwroot/demo.medace.org/vendor/laravel/framework/src/Illuminate/Pipeline/Pipeline.php(180): Illuminate\\Cookie\\Middleware\\EncryptCookies->handle()
#41 /www/wwwroot/demo.medace.org/vendor/laravel/framework/src/Illuminate/Pipeline/Pipeline.php(116): Illuminate\\Pipeline\\Pipeline->Illuminate\\Pipeline\\{closure}()
#42 /www/wwwroot/demo.medace.org/vendor/laravel/framework/src/Illuminate/Routing/Router.php(799): Illuminate\\Pipeline\\Pipeline->then()
#43 /www/wwwroot/demo.medace.org/vendor/laravel/framework/src/Illuminate/Routing/Router.php(776): Illuminate\\Routing\\Router->runRouteWithinStack()
#44 /www/wwwroot/demo.medace.org/vendor/laravel/framework/src/Illuminate/Routing/Router.php(740): Illuminate\\Routing\\Router->runRoute()
#45 /www/wwwroot/demo.medace.org/vendor/laravel/framework/src/Illuminate/Routing/Router.php(729): Illuminate\\Routing\\Router->dispatchToRoute()
#46 /www/wwwroot/demo.medace.org/vendor/laravel/framework/src/Illuminate/Foundation/Http/Kernel.php(190): Illuminate\\Routing\\Router->dispatch()
#47 /www/wwwroot/demo.medace.org/vendor/laravel/framework/src/Illuminate/Pipeline/Pipeline.php(141): Illuminate\\Foundation\\Http\\Kernel->Illuminate\\Foundation\\Http\\{closure}()
#48 /www/wwwroot/demo.medace.org/vendor/barryvdh/laravel-debugbar/src/Middleware/InjectDebugbar.php(66): Illuminate\\Pipeline\\Pipeline->Illuminate\\Pipeline\\{closure}()
#49 /www/wwwroot/demo.medace.org/vendor/laravel/framework/src/Illuminate/Pipeline/Pipeline.php(180): Barryvdh\\Debugbar\\Middleware\\InjectDebugbar->handle()
#50 /www/wwwroot/demo.medace.org/vendor/laravel/framework/src/Illuminate/Foundation/Http/Middleware/TransformsRequest.php(21): Illuminate\\Pipeline\\Pipeline->Illuminate\\Pipeline\\{closure}()
#51 /www/wwwroot/demo.medace.org/vendor/laravel/framework/src/Illuminate/Foundation/Http/Middleware/ConvertEmptyStringsToNull.php(31): Illuminate\\Foundation\\Http\\Middleware\\TransformsRequest->handle()
#52 /www/wwwroot/demo.medace.org/vendor/laravel/framework/src/Illuminate/Pipeline/Pipeline.php(180): Illuminate\\Foundation\\Http\\Middleware\\ConvertEmptyStringsToNull->handle()
#53 /www/wwwroot/demo.medace.org/vendor/laravel/framework/src/Illuminate/Foundation/Http/Middleware/TransformsRequest.php(21): Illuminate\\Pipeline\\Pipeline->Illuminate\\Pipeline\\{closure}()
#54 /www/wwwroot/demo.medace.org/vendor/laravel/framework/src/Illuminate/Foundation/Http/Middleware/TrimStrings.php(40): Illuminate\\Foundation\\Http\\Middleware\\TransformsRequest->handle()
#55 /www/wwwroot/demo.medace.org/vendor/laravel/framework/src/Illuminate/Pipeline/Pipeline.php(180): Illuminate\\Foundation\\Http\\Middleware\\TrimStrings->handle()
#56 /www/wwwroot/demo.medace.org/vendor/laravel/framework/src/Illuminate/Foundation/Http/Middleware/ValidatePostSize.php(27): Illuminate\\Pipeline\\Pipeline->Illuminate\\Pipeline\\{closure}()
#57 /www/wwwroot/demo.medace.org/vendor/laravel/framework/src/Illuminate/Pipeline/Pipeline.php(180): Illuminate\\Foundation\\Http\\Middleware\\ValidatePostSize->handle()
#58 /www/wwwroot/demo.medace.org/vendor/laravel/framework/src/Illuminate/Foundation/Http/Middleware/PreventRequestsDuringMaintenance.php(86): Illuminate\\Pipeline\\Pipeline->Illuminate\\Pipeline\\{closure}()
#59 /www/wwwroot/demo.medace.org/vendor/laravel/framework/src/Illuminate/Pipeline/Pipeline.php(180): Illuminate\\Foundation\\Http\\Middleware\\PreventRequestsDuringMaintenance->handle()
#60 /www/wwwroot/demo.medace.org/vendor/fruitcake/laravel-cors/src/HandleCors.php(38): Illuminate\\Pipeline\\Pipeline->Illuminate\\Pipeline\\{closure}()
#61 /www/wwwroot/demo.medace.org/vendor/laravel/framework/src/Illuminate/Pipeline/Pipeline.php(180): Fruitcake\\Cors\\HandleCors->handle()
#62 /www/wwwroot/demo.medace.org/vendor/laravel/framework/src/Illuminate/Http/Middleware/TrustProxies.php(39): Illuminate\\Pipeline\\Pipeline->Illuminate\\Pipeline\\{closure}()
#63 /www/wwwroot/demo.medace.org/vendor/laravel/framework/src/Illuminate/Pipeline/Pipeline.php(180): Illuminate\\Http\\Middleware\\TrustProxies->handle()
#64 /www/wwwroot/demo.medace.org/vendor/laravel/framework/src/Illuminate/Pipeline/Pipeline.php(116): Illuminate\\Pipeline\\Pipeline->Illuminate\\Pipeline\\{closure}()
#65 /www/wwwroot/demo.medace.org/vendor/laravel/framework/src/Illuminate/Foundation/Http/Kernel.php(165): Illuminate\\Pipeline\\Pipeline->then()
#66 /www/wwwroot/demo.medace.org/vendor/laravel/framework/src/Illuminate/Foundation/Http/Kernel.php(134): Illuminate\\Foundation\\Http\\Kernel->sendRequestThroughRouter()
#67 /www/wwwroot/demo.medace.org/public/index.php(52): Illuminate\\Foundation\\Http\\Kernel->handle()
#68 {main}
"} 
[2025-04-16 09:08:58] production.ERROR: file_exists(): open_basedir restriction in effect. File(/fonts/OpenSans-Regular.ttf) is not within the allowed path(s): (/www/wwwroot/demo.medace.org/:/tmp/) {"userId":1049,"exception":"[object] (ErrorException(code: 0): file_exists(): open_basedir restriction in effect. File(/fonts/OpenSans-Regular.ttf) is not within the allowed path(s): (/www/wwwroot/demo.medace.org/:/tmp/) at /www/wwwroot/demo.medace.org/vendor/lasserafn/php-initial-avatar-generator/src/InitialAvatar.php:739)
[stacktrace]
#0 /www/wwwroot/demo.medace.org/vendor/laravel/framework/src/Illuminate/Foundation/Bootstrap/HandleExceptions.php(270): Illuminate\\Foundation\\Bootstrap\\HandleExceptions->handleError()
#1 [internal function]: Illuminate\\Foundation\\Bootstrap\\HandleExceptions->Illuminate\\Foundation\\Bootstrap\\{closure}()
#2 /www/wwwroot/demo.medace.org/vendor/lasserafn/php-initial-avatar-generator/src/InitialAvatar.php(739): file_exists()
#3 /www/wwwroot/demo.medace.org/vendor/lasserafn/php-initial-avatar-generator/src/InitialAvatar.php(644): LasseRafn\\InitialAvatarGenerator\\InitialAvatar->findFontFile()
#4 /www/wwwroot/demo.medace.org/vendor/lasserafn/php-initial-avatar-generator/src/InitialAvatar.php(401): LasseRafn\\InitialAvatarGenerator\\InitialAvatar->makeAvatar()
#5 /www/wwwroot/demo.medace.org/app/Http/Controllers/Web/DefaultAvatarController.php(39): LasseRafn\\InitialAvatarGenerator\\InitialAvatar->generate()
#6 /www/wwwroot/demo.medace.org/vendor/laravel/framework/src/Illuminate/Routing/Controller.php(54): App\\Http\\Controllers\\Web\\DefaultAvatarController->make()
#7 /www/wwwroot/demo.medace.org/vendor/laravel/framework/src/Illuminate/Routing/ControllerDispatcher.php(43): Illuminate\\Routing\\Controller->callAction()
#8 /www/wwwroot/demo.medace.org/vendor/laravel/framework/src/Illuminate/Routing/Route.php(260): Illuminate\\Routing\\ControllerDispatcher->dispatch()
#9 /www/wwwroot/demo.medace.org/vendor/laravel/framework/src/Illuminate/Routing/Route.php(205): Illuminate\\Routing\\Route->runController()
#10 /www/wwwroot/demo.medace.org/vendor/laravel/framework/src/Illuminate/Routing/Router.php(798): Illuminate\\Routing\\Route->run()
#11 /www/wwwroot/demo.medace.org/vendor/laravel/framework/src/Illuminate/Pipeline/Pipeline.php(141): Illuminate\\Routing\\Router->Illuminate\\Routing\\{closure}()
#12 /www/wwwroot/demo.medace.org/app/Http/Middleware/CheckRestriction.php(34): Illuminate\\Pipeline\\Pipeline->Illuminate\\Pipeline\\{closure}()
#13 /www/wwwroot/demo.medace.org/vendor/laravel/framework/src/Illuminate/Pipeline/Pipeline.php(180): App\\Http\\Middleware\\CheckRestriction->handle()
#14 /www/wwwroot/demo.medace.org/app/Http/Middleware/CheckMaintenance.php(37): Illuminate\\Pipeline\\Pipeline->Illuminate\\Pipeline\\{closure}()
#15 /www/wwwroot/demo.medace.org/vendor/laravel/framework/src/Illuminate/Pipeline/Pipeline.php(180): App\\Http\\Middleware\\CheckMaintenance->handle()
#16 /www/wwwroot/demo.medace.org/app/Http/Middleware/Share.php(90): Illuminate\\Pipeline\\Pipeline->Illuminate\\Pipeline\\{closure}()
#17 /www/wwwroot/demo.medace.org/vendor/laravel/framework/src/Illuminate/Pipeline/Pipeline.php(180): App\\Http\\Middleware\\Share->handle()
#18 /www/wwwroot/demo.medace.org/app/Http/Middleware/Impersonate.php(23): Illuminate\\Pipeline\\Pipeline->Illuminate\\Pipeline\\{closure}()
#19 /www/wwwroot/demo.medace.org/vendor/laravel/framework/src/Illuminate/Pipeline/Pipeline.php(180): App\\Http\\Middleware\\Impersonate->handle()
#20 /www/wwwroot/demo.medace.org/app/Http/Middleware/CheckMobileApp.php(25): Illuminate\\Pipeline\\Pipeline->Illuminate\\Pipeline\\{closure}()
#21 /www/wwwroot/demo.medace.org/vendor/laravel/framework/src/Illuminate/Pipeline/Pipeline.php(180): App\\Http\\Middleware\\CheckMobileApp->handle()
#22 /www/wwwroot/demo.medace.org/app/Http/Middleware/DebugBar.php(22): Illuminate\\Pipeline\\Pipeline->Illuminate\\Pipeline\\{closure}()
#23 /www/wwwroot/demo.medace.org/vendor/laravel/framework/src/Illuminate/Pipeline/Pipeline.php(180): App\\Http\\Middleware\\DebugBar->handle()
#24 /www/wwwroot/demo.medace.org/app/Http/Middleware/SessionValidity.php(36): Illuminate\\Pipeline\\Pipeline->Illuminate\\Pipeline\\{closure}()
#25 /www/wwwroot/demo.medace.org/vendor/laravel/framework/src/Illuminate/Pipeline/Pipeline.php(180): App\\Http\\Middleware\\SessionValidity->handle()
#26 /www/wwwroot/demo.medace.org/app/Http/Middleware/UserLocale.php(44): Illuminate\\Pipeline\\Pipeline->Illuminate\\Pipeline\\{closure}()
#27 /www/wwwroot/demo.medace.org/vendor/laravel/framework/src/Illuminate/Pipeline/Pipeline.php(180): App\\Http\\Middleware\\UserLocale->handle()
#28 /www/wwwroot/demo.medace.org/vendor/laravel/framework/src/Illuminate/Routing/Middleware/SubstituteBindings.php(50): Illuminate\\Pipeline\\Pipeline->Illuminate\\Pipeline\\{closure}()
#29 /www/wwwroot/demo.medace.org/vendor/laravel/framework/src/Illuminate/Pipeline/Pipeline.php(180): Illuminate\\Routing\\Middleware\\SubstituteBindings->handle()
#30 /www/wwwroot/demo.medace.org/vendor/laravel/framework/src/Illuminate/Foundation/Http/Middleware/VerifyCsrfToken.php(78): Illuminate\\Pipeline\\Pipeline->Illuminate\\Pipeline\\{closure}()
#31 /www/wwwroot/demo.medace.org/vendor/laravel/framework/src/Illuminate/Pipeline/Pipeline.php(180): Illuminate\\Foundation\\Http\\Middleware\\VerifyCsrfToken->handle()
#32 /www/wwwroot/demo.medace.org/vendor/laravel/framework/src/Illuminate/View/Middleware/ShareErrorsFromSession.php(49): Illuminate\\Pipeline\\Pipeline->Illuminate\\Pipeline\\{closure}()
#33 /www/wwwroot/demo.medace.org/vendor/laravel/framework/src/Illuminate/Pipeline/Pipeline.php(180): Illuminate\\View\\Middleware\\ShareErrorsFromSession->handle()
#34 /www/wwwroot/demo.medace.org/vendor/laravel/framework/src/Illuminate/Session/Middleware/StartSession.php(121): Illuminate\\Pipeline\\Pipeline->Illuminate\\Pipeline\\{closure}()
#35 /www/wwwroot/demo.medace.org/vendor/laravel/framework/src/Illuminate/Session/Middleware/StartSession.php(64): Illuminate\\Session\\Middleware\\StartSession->handleStatefulRequest()
#36 /www/wwwroot/demo.medace.org/vendor/laravel/framework/src/Illuminate/Pipeline/Pipeline.php(180): Illuminate\\Session\\Middleware\\StartSession->handle()
#37 /www/wwwroot/demo.medace.org/vendor/laravel/framework/src/Illuminate/Cookie/Middleware/AddQueuedCookiesToResponse.php(37): Illuminate\\Pipeline\\Pipeline->Illuminate\\Pipeline\\{closure}()
#38 /www/wwwroot/demo.medace.org/vendor/laravel/framework/src/Illuminate/Pipeline/Pipeline.php(180): Illuminate\\Cookie\\Middleware\\AddQueuedCookiesToResponse->handle()
#39 /www/wwwroot/demo.medace.org/vendor/laravel/framework/src/Illuminate/Cookie/Middleware/EncryptCookies.php(67): Illuminate\\Pipeline\\Pipeline->Illuminate\\Pipeline\\{closure}()
#40 /www/wwwroot/demo.medace.org/vendor/laravel/framework/src/Illuminate/Pipeline/Pipeline.php(180): Illuminate\\Cookie\\Middleware\\EncryptCookies->handle()
#41 /www/wwwroot/demo.medace.org/vendor/laravel/framework/src/Illuminate/Pipeline/Pipeline.php(116): Illuminate\\Pipeline\\Pipeline->Illuminate\\Pipeline\\{closure}()
#42 /www/wwwroot/demo.medace.org/vendor/laravel/framework/src/Illuminate/Routing/Router.php(799): Illuminate\\Pipeline\\Pipeline->then()
#43 /www/wwwroot/demo.medace.org/vendor/laravel/framework/src/Illuminate/Routing/Router.php(776): Illuminate\\Routing\\Router->runRouteWithinStack()
#44 /www/wwwroot/demo.medace.org/vendor/laravel/framework/src/Illuminate/Routing/Router.php(740): Illuminate\\Routing\\Router->runRoute()
#45 /www/wwwroot/demo.medace.org/vendor/laravel/framework/src/Illuminate/Routing/Router.php(729): Illuminate\\Routing\\Router->dispatchToRoute()
#46 /www/wwwroot/demo.medace.org/vendor/laravel/framework/src/Illuminate/Foundation/Http/Kernel.php(190): Illuminate\\Routing\\Router->dispatch()
#47 /www/wwwroot/demo.medace.org/vendor/laravel/framework/src/Illuminate/Pipeline/Pipeline.php(141): Illuminate\\Foundation\\Http\\Kernel->Illuminate\\Foundation\\Http\\{closure}()
#48 /www/wwwroot/demo.medace.org/vendor/barryvdh/laravel-debugbar/src/Middleware/InjectDebugbar.php(66): Illuminate\\Pipeline\\Pipeline->Illuminate\\Pipeline\\{closure}()
#49 /www/wwwroot/demo.medace.org/vendor/laravel/framework/src/Illuminate/Pipeline/Pipeline.php(180): Barryvdh\\Debugbar\\Middleware\\InjectDebugbar->handle()
#50 /www/wwwroot/demo.medace.org/vendor/laravel/framework/src/Illuminate/Foundation/Http/Middleware/TransformsRequest.php(21): Illuminate\\Pipeline\\Pipeline->Illuminate\\Pipeline\\{closure}()
#51 /www/wwwroot/demo.medace.org/vendor/laravel/framework/src/Illuminate/Foundation/Http/Middleware/ConvertEmptyStringsToNull.php(31): Illuminate\\Foundation\\Http\\Middleware\\TransformsRequest->handle()
#52 /www/wwwroot/demo.medace.org/vendor/laravel/framework/src/Illuminate/Pipeline/Pipeline.php(180): Illuminate\\Foundation\\Http\\Middleware\\ConvertEmptyStringsToNull->handle()
#53 /www/wwwroot/demo.medace.org/vendor/laravel/framework/src/Illuminate/Foundation/Http/Middleware/TransformsRequest.php(21): Illuminate\\Pipeline\\Pipeline->Illuminate\\Pipeline\\{closure}()
#54 /www/wwwroot/demo.medace.org/vendor/laravel/framework/src/Illuminate/Foundation/Http/Middleware/TrimStrings.php(40): Illuminate\\Foundation\\Http\\Middleware\\TransformsRequest->handle()
#55 /www/wwwroot/demo.medace.org/vendor/laravel/framework/src/Illuminate/Pipeline/Pipeline.php(180): Illuminate\\Foundation\\Http\\Middleware\\TrimStrings->handle()
#56 /www/wwwroot/demo.medace.org/vendor/laravel/framework/src/Illuminate/Foundation/Http/Middleware/ValidatePostSize.php(27): Illuminate\\Pipeline\\Pipeline->Illuminate\\Pipeline\\{closure}()
#57 /www/wwwroot/demo.medace.org/vendor/laravel/framework/src/Illuminate/Pipeline/Pipeline.php(180): Illuminate\\Foundation\\Http\\Middleware\\ValidatePostSize->handle()
#58 /www/wwwroot/demo.medace.org/vendor/laravel/framework/src/Illuminate/Foundation/Http/Middleware/PreventRequestsDuringMaintenance.php(86): Illuminate\\Pipeline\\Pipeline->Illuminate\\Pipeline\\{closure}()
#59 /www/wwwroot/demo.medace.org/vendor/laravel/framework/src/Illuminate/Pipeline/Pipeline.php(180): Illuminate\\Foundation\\Http\\Middleware\\PreventRequestsDuringMaintenance->handle()
#60 /www/wwwroot/demo.medace.org/vendor/fruitcake/laravel-cors/src/HandleCors.php(38): Illuminate\\Pipeline\\Pipeline->Illuminate\\Pipeline\\{closure}()
#61 /www/wwwroot/demo.medace.org/vendor/laravel/framework/src/Illuminate/Pipeline/Pipeline.php(180): Fruitcake\\Cors\\HandleCors->handle()
#62 /www/wwwroot/demo.medace.org/vendor/laravel/framework/src/Illuminate/Http/Middleware/TrustProxies.php(39): Illuminate\\Pipeline\\Pipeline->Illuminate\\Pipeline\\{closure}()
#63 /www/wwwroot/demo.medace.org/vendor/laravel/framework/src/Illuminate/Pipeline/Pipeline.php(180): Illuminate\\Http\\Middleware\\TrustProxies->handle()
#64 /www/wwwroot/demo.medace.org/vendor/laravel/framework/src/Illuminate/Pipeline/Pipeline.php(116): Illuminate\\Pipeline\\Pipeline->Illuminate\\Pipeline\\{closure}()
#65 /www/wwwroot/demo.medace.org/vendor/laravel/framework/src/Illuminate/Foundation/Http/Kernel.php(165): Illuminate\\Pipeline\\Pipeline->then()
#66 /www/wwwroot/demo.medace.org/vendor/laravel/framework/src/Illuminate/Foundation/Http/Kernel.php(134): Illuminate\\Foundation\\Http\\Kernel->sendRequestThroughRouter()
#67 /www/wwwroot/demo.medace.org/public/index.php(52): Illuminate\\Foundation\\Http\\Kernel->handle()
#68 {main}
"} 
[2025-04-16 10:57:45] production.ERROR: file_exists(): open_basedir restriction in effect. File(/fonts/OpenSans-Regular.ttf) is not within the allowed path(s): (/www/wwwroot/demo.medace.org/:/tmp/) {"exception":"[object] (ErrorException(code: 0): file_exists(): open_basedir restriction in effect. File(/fonts/OpenSans-Regular.ttf) is not within the allowed path(s): (/www/wwwroot/demo.medace.org/:/tmp/) at /www/wwwroot/demo.medace.org/vendor/lasserafn/php-initial-avatar-generator/src/InitialAvatar.php:739)
[stacktrace]
#0 /www/wwwroot/demo.medace.org/vendor/laravel/framework/src/Illuminate/Foundation/Bootstrap/HandleExceptions.php(270): Illuminate\\Foundation\\Bootstrap\\HandleExceptions->handleError()
#1 [internal function]: Illuminate\\Foundation\\Bootstrap\\HandleExceptions->Illuminate\\Foundation\\Bootstrap\\{closure}()
#2 /www/wwwroot/demo.medace.org/vendor/lasserafn/php-initial-avatar-generator/src/InitialAvatar.php(739): file_exists()
#3 /www/wwwroot/demo.medace.org/vendor/lasserafn/php-initial-avatar-generator/src/InitialAvatar.php(644): LasseRafn\\InitialAvatarGenerator\\InitialAvatar->findFontFile()
#4 /www/wwwroot/demo.medace.org/vendor/lasserafn/php-initial-avatar-generator/src/InitialAvatar.php(401): LasseRafn\\InitialAvatarGenerator\\InitialAvatar->makeAvatar()
#5 /www/wwwroot/demo.medace.org/app/Http/Controllers/Web/DefaultAvatarController.php(39): LasseRafn\\InitialAvatarGenerator\\InitialAvatar->generate()
#6 /www/wwwroot/demo.medace.org/vendor/laravel/framework/src/Illuminate/Routing/Controller.php(54): App\\Http\\Controllers\\Web\\DefaultAvatarController->make()
#7 /www/wwwroot/demo.medace.org/vendor/laravel/framework/src/Illuminate/Routing/ControllerDispatcher.php(43): Illuminate\\Routing\\Controller->callAction()
#8 /www/wwwroot/demo.medace.org/vendor/laravel/framework/src/Illuminate/Routing/Route.php(260): Illuminate\\Routing\\ControllerDispatcher->dispatch()
#9 /www/wwwroot/demo.medace.org/vendor/laravel/framework/src/Illuminate/Routing/Route.php(205): Illuminate\\Routing\\Route->runController()
#10 /www/wwwroot/demo.medace.org/vendor/laravel/framework/src/Illuminate/Routing/Router.php(798): Illuminate\\Routing\\Route->run()
#11 /www/wwwroot/demo.medace.org/vendor/laravel/framework/src/Illuminate/Pipeline/Pipeline.php(141): Illuminate\\Routing\\Router->Illuminate\\Routing\\{closure}()
#12 /www/wwwroot/demo.medace.org/app/Http/Middleware/CheckRestriction.php(34): Illuminate\\Pipeline\\Pipeline->Illuminate\\Pipeline\\{closure}()
#13 /www/wwwroot/demo.medace.org/vendor/laravel/framework/src/Illuminate/Pipeline/Pipeline.php(180): App\\Http\\Middleware\\CheckRestriction->handle()
#14 /www/wwwroot/demo.medace.org/app/Http/Middleware/CheckMaintenance.php(37): Illuminate\\Pipeline\\Pipeline->Illuminate\\Pipeline\\{closure}()
#15 /www/wwwroot/demo.medace.org/vendor/laravel/framework/src/Illuminate/Pipeline/Pipeline.php(180): App\\Http\\Middleware\\CheckMaintenance->handle()
#16 /www/wwwroot/demo.medace.org/app/Http/Middleware/Share.php(90): Illuminate\\Pipeline\\Pipeline->Illuminate\\Pipeline\\{closure}()
#17 /www/wwwroot/demo.medace.org/vendor/laravel/framework/src/Illuminate/Pipeline/Pipeline.php(180): App\\Http\\Middleware\\Share->handle()
#18 /www/wwwroot/demo.medace.org/app/Http/Middleware/Impersonate.php(23): Illuminate\\Pipeline\\Pipeline->Illuminate\\Pipeline\\{closure}()
#19 /www/wwwroot/demo.medace.org/vendor/laravel/framework/src/Illuminate/Pipeline/Pipeline.php(180): App\\Http\\Middleware\\Impersonate->handle()
#20 /www/wwwroot/demo.medace.org/app/Http/Middleware/CheckMobileApp.php(25): Illuminate\\Pipeline\\Pipeline->Illuminate\\Pipeline\\{closure}()
#21 /www/wwwroot/demo.medace.org/vendor/laravel/framework/src/Illuminate/Pipeline/Pipeline.php(180): App\\Http\\Middleware\\CheckMobileApp->handle()
#22 /www/wwwroot/demo.medace.org/app/Http/Middleware/DebugBar.php(22): Illuminate\\Pipeline\\Pipeline->Illuminate\\Pipeline\\{closure}()
#23 /www/wwwroot/demo.medace.org/vendor/laravel/framework/src/Illuminate/Pipeline/Pipeline.php(180): App\\Http\\Middleware\\DebugBar->handle()
#24 /www/wwwroot/demo.medace.org/app/Http/Middleware/SessionValidity.php(36): Illuminate\\Pipeline\\Pipeline->Illuminate\\Pipeline\\{closure}()
#25 /www/wwwroot/demo.medace.org/vendor/laravel/framework/src/Illuminate/Pipeline/Pipeline.php(180): App\\Http\\Middleware\\SessionValidity->handle()
#26 /www/wwwroot/demo.medace.org/app/Http/Middleware/UserLocale.php(44): Illuminate\\Pipeline\\Pipeline->Illuminate\\Pipeline\\{closure}()
#27 /www/wwwroot/demo.medace.org/vendor/laravel/framework/src/Illuminate/Pipeline/Pipeline.php(180): App\\Http\\Middleware\\UserLocale->handle()
#28 /www/wwwroot/demo.medace.org/vendor/laravel/framework/src/Illuminate/Routing/Middleware/SubstituteBindings.php(50): Illuminate\\Pipeline\\Pipeline->Illuminate\\Pipeline\\{closure}()
#29 /www/wwwroot/demo.medace.org/vendor/laravel/framework/src/Illuminate/Pipeline/Pipeline.php(180): Illuminate\\Routing\\Middleware\\SubstituteBindings->handle()
#30 /www/wwwroot/demo.medace.org/vendor/laravel/framework/src/Illuminate/Foundation/Http/Middleware/VerifyCsrfToken.php(78): Illuminate\\Pipeline\\Pipeline->Illuminate\\Pipeline\\{closure}()
#31 /www/wwwroot/demo.medace.org/vendor/laravel/framework/src/Illuminate/Pipeline/Pipeline.php(180): Illuminate\\Foundation\\Http\\Middleware\\VerifyCsrfToken->handle()
#32 /www/wwwroot/demo.medace.org/vendor/laravel/framework/src/Illuminate/View/Middleware/ShareErrorsFromSession.php(49): Illuminate\\Pipeline\\Pipeline->Illuminate\\Pipeline\\{closure}()
#33 /www/wwwroot/demo.medace.org/vendor/laravel/framework/src/Illuminate/Pipeline/Pipeline.php(180): Illuminate\\View\\Middleware\\ShareErrorsFromSession->handle()
#34 /www/wwwroot/demo.medace.org/vendor/laravel/framework/src/Illuminate/Session/Middleware/StartSession.php(121): Illuminate\\Pipeline\\Pipeline->Illuminate\\Pipeline\\{closure}()
#35 /www/wwwroot/demo.medace.org/vendor/laravel/framework/src/Illuminate/Session/Middleware/StartSession.php(64): Illuminate\\Session\\Middleware\\StartSession->handleStatefulRequest()
#36 /www/wwwroot/demo.medace.org/vendor/laravel/framework/src/Illuminate/Pipeline/Pipeline.php(180): Illuminate\\Session\\Middleware\\StartSession->handle()
#37 /www/wwwroot/demo.medace.org/vendor/laravel/framework/src/Illuminate/Cookie/Middleware/AddQueuedCookiesToResponse.php(37): Illuminate\\Pipeline\\Pipeline->Illuminate\\Pipeline\\{closure}()
#38 /www/wwwroot/demo.medace.org/vendor/laravel/framework/src/Illuminate/Pipeline/Pipeline.php(180): Illuminate\\Cookie\\Middleware\\AddQueuedCookiesToResponse->handle()
#39 /www/wwwroot/demo.medace.org/vendor/laravel/framework/src/Illuminate/Cookie/Middleware/EncryptCookies.php(67): Illuminate\\Pipeline\\Pipeline->Illuminate\\Pipeline\\{closure}()
#40 /www/wwwroot/demo.medace.org/vendor/laravel/framework/src/Illuminate/Pipeline/Pipeline.php(180): Illuminate\\Cookie\\Middleware\\EncryptCookies->handle()
#41 /www/wwwroot/demo.medace.org/vendor/laravel/framework/src/Illuminate/Pipeline/Pipeline.php(116): Illuminate\\Pipeline\\Pipeline->Illuminate\\Pipeline\\{closure}()
#42 /www/wwwroot/demo.medace.org/vendor/laravel/framework/src/Illuminate/Routing/Router.php(799): Illuminate\\Pipeline\\Pipeline->then()
#43 /www/wwwroot/demo.medace.org/vendor/laravel/framework/src/Illuminate/Routing/Router.php(776): Illuminate\\Routing\\Router->runRouteWithinStack()
#44 /www/wwwroot/demo.medace.org/vendor/laravel/framework/src/Illuminate/Routing/Router.php(740): Illuminate\\Routing\\Router->runRoute()
#45 /www/wwwroot/demo.medace.org/vendor/laravel/framework/src/Illuminate/Routing/Router.php(729): Illuminate\\Routing\\Router->dispatchToRoute()
#46 /www/wwwroot/demo.medace.org/vendor/laravel/framework/src/Illuminate/Foundation/Http/Kernel.php(190): Illuminate\\Routing\\Router->dispatch()
#47 /www/wwwroot/demo.medace.org/vendor/laravel/framework/src/Illuminate/Pipeline/Pipeline.php(141): Illuminate\\Foundation\\Http\\Kernel->Illuminate\\Foundation\\Http\\{closure}()
#48 /www/wwwroot/demo.medace.org/vendor/barryvdh/laravel-debugbar/src/Middleware/InjectDebugbar.php(66): Illuminate\\Pipeline\\Pipeline->Illuminate\\Pipeline\\{closure}()
#49 /www/wwwroot/demo.medace.org/vendor/laravel/framework/src/Illuminate/Pipeline/Pipeline.php(180): Barryvdh\\Debugbar\\Middleware\\InjectDebugbar->handle()
#50 /www/wwwroot/demo.medace.org/vendor/laravel/framework/src/Illuminate/Foundation/Http/Middleware/TransformsRequest.php(21): Illuminate\\Pipeline\\Pipeline->Illuminate\\Pipeline\\{closure}()
#51 /www/wwwroot/demo.medace.org/vendor/laravel/framework/src/Illuminate/Foundation/Http/Middleware/ConvertEmptyStringsToNull.php(31): Illuminate\\Foundation\\Http\\Middleware\\TransformsRequest->handle()
#52 /www/wwwroot/demo.medace.org/vendor/laravel/framework/src/Illuminate/Pipeline/Pipeline.php(180): Illuminate\\Foundation\\Http\\Middleware\\ConvertEmptyStringsToNull->handle()
#53 /www/wwwroot/demo.medace.org/vendor/laravel/framework/src/Illuminate/Foundation/Http/Middleware/TransformsRequest.php(21): Illuminate\\Pipeline\\Pipeline->Illuminate\\Pipeline\\{closure}()
#54 /www/wwwroot/demo.medace.org/vendor/laravel/framework/src/Illuminate/Foundation/Http/Middleware/TrimStrings.php(40): Illuminate\\Foundation\\Http\\Middleware\\TransformsRequest->handle()
#55 /www/wwwroot/demo.medace.org/vendor/laravel/framework/src/Illuminate/Pipeline/Pipeline.php(180): Illuminate\\Foundation\\Http\\Middleware\\TrimStrings->handle()
#56 /www/wwwroot/demo.medace.org/vendor/laravel/framework/src/Illuminate/Foundation/Http/Middleware/ValidatePostSize.php(27): Illuminate\\Pipeline\\Pipeline->Illuminate\\Pipeline\\{closure}()
#57 /www/wwwroot/demo.medace.org/vendor/laravel/framework/src/Illuminate/Pipeline/Pipeline.php(180): Illuminate\\Foundation\\Http\\Middleware\\ValidatePostSize->handle()
#58 /www/wwwroot/demo.medace.org/vendor/laravel/framework/src/Illuminate/Foundation/Http/Middleware/PreventRequestsDuringMaintenance.php(86): Illuminate\\Pipeline\\Pipeline->Illuminate\\Pipeline\\{closure}()
#59 /www/wwwroot/demo.medace.org/vendor/laravel/framework/src/Illuminate/Pipeline/Pipeline.php(180): Illuminate\\Foundation\\Http\\Middleware\\PreventRequestsDuringMaintenance->handle()
#60 /www/wwwroot/demo.medace.org/vendor/fruitcake/laravel-cors/src/HandleCors.php(38): Illuminate\\Pipeline\\Pipeline->Illuminate\\Pipeline\\{closure}()
#61 /www/wwwroot/demo.medace.org/vendor/laravel/framework/src/Illuminate/Pipeline/Pipeline.php(180): Fruitcake\\Cors\\HandleCors->handle()
#62 /www/wwwroot/demo.medace.org/vendor/laravel/framework/src/Illuminate/Http/Middleware/TrustProxies.php(39): Illuminate\\Pipeline\\Pipeline->Illuminate\\Pipeline\\{closure}()
#63 /www/wwwroot/demo.medace.org/vendor/laravel/framework/src/Illuminate/Pipeline/Pipeline.php(180): Illuminate\\Http\\Middleware\\TrustProxies->handle()
#64 /www/wwwroot/demo.medace.org/vendor/laravel/framework/src/Illuminate/Pipeline/Pipeline.php(116): Illuminate\\Pipeline\\Pipeline->Illuminate\\Pipeline\\{closure}()
#65 /www/wwwroot/demo.medace.org/vendor/laravel/framework/src/Illuminate/Foundation/Http/Kernel.php(165): Illuminate\\Pipeline\\Pipeline->then()
#66 /www/wwwroot/demo.medace.org/vendor/laravel/framework/src/Illuminate/Foundation/Http/Kernel.php(134): Illuminate\\Foundation\\Http\\Kernel->sendRequestThroughRouter()
#67 /www/wwwroot/demo.medace.org/public/index.php(52): Illuminate\\Foundation\\Http\\Kernel->handle()
#68 {main}
"} 
[2025-04-16 10:57:45] production.ERROR: file_exists(): open_basedir restriction in effect. File(/fonts/OpenSans-Regular.ttf) is not within the allowed path(s): (/www/wwwroot/demo.medace.org/:/tmp/) {"exception":"[object] (ErrorException(code: 0): file_exists(): open_basedir restriction in effect. File(/fonts/OpenSans-Regular.ttf) is not within the allowed path(s): (/www/wwwroot/demo.medace.org/:/tmp/) at /www/wwwroot/demo.medace.org/vendor/lasserafn/php-initial-avatar-generator/src/InitialAvatar.php:739)
[stacktrace]
#0 /www/wwwroot/demo.medace.org/vendor/laravel/framework/src/Illuminate/Foundation/Bootstrap/HandleExceptions.php(270): Illuminate\\Foundation\\Bootstrap\\HandleExceptions->handleError()
#1 [internal function]: Illuminate\\Foundation\\Bootstrap\\HandleExceptions->Illuminate\\Foundation\\Bootstrap\\{closure}()
#2 /www/wwwroot/demo.medace.org/vendor/lasserafn/php-initial-avatar-generator/src/InitialAvatar.php(739): file_exists()
#3 /www/wwwroot/demo.medace.org/vendor/lasserafn/php-initial-avatar-generator/src/InitialAvatar.php(644): LasseRafn\\InitialAvatarGenerator\\InitialAvatar->findFontFile()
#4 /www/wwwroot/demo.medace.org/vendor/lasserafn/php-initial-avatar-generator/src/InitialAvatar.php(401): LasseRafn\\InitialAvatarGenerator\\InitialAvatar->makeAvatar()
#5 /www/wwwroot/demo.medace.org/app/Http/Controllers/Web/DefaultAvatarController.php(39): LasseRafn\\InitialAvatarGenerator\\InitialAvatar->generate()
#6 /www/wwwroot/demo.medace.org/vendor/laravel/framework/src/Illuminate/Routing/Controller.php(54): App\\Http\\Controllers\\Web\\DefaultAvatarController->make()
#7 /www/wwwroot/demo.medace.org/vendor/laravel/framework/src/Illuminate/Routing/ControllerDispatcher.php(43): Illuminate\\Routing\\Controller->callAction()
#8 /www/wwwroot/demo.medace.org/vendor/laravel/framework/src/Illuminate/Routing/Route.php(260): Illuminate\\Routing\\ControllerDispatcher->dispatch()
#9 /www/wwwroot/demo.medace.org/vendor/laravel/framework/src/Illuminate/Routing/Route.php(205): Illuminate\\Routing\\Route->runController()
#10 /www/wwwroot/demo.medace.org/vendor/laravel/framework/src/Illuminate/Routing/Router.php(798): Illuminate\\Routing\\Route->run()
#11 /www/wwwroot/demo.medace.org/vendor/laravel/framework/src/Illuminate/Pipeline/Pipeline.php(141): Illuminate\\Routing\\Router->Illuminate\\Routing\\{closure}()
#12 /www/wwwroot/demo.medace.org/app/Http/Middleware/CheckRestriction.php(34): Illuminate\\Pipeline\\Pipeline->Illuminate\\Pipeline\\{closure}()
#13 /www/wwwroot/demo.medace.org/vendor/laravel/framework/src/Illuminate/Pipeline/Pipeline.php(180): App\\Http\\Middleware\\CheckRestriction->handle()
#14 /www/wwwroot/demo.medace.org/app/Http/Middleware/CheckMaintenance.php(37): Illuminate\\Pipeline\\Pipeline->Illuminate\\Pipeline\\{closure}()
#15 /www/wwwroot/demo.medace.org/vendor/laravel/framework/src/Illuminate/Pipeline/Pipeline.php(180): App\\Http\\Middleware\\CheckMaintenance->handle()
#16 /www/wwwroot/demo.medace.org/app/Http/Middleware/Share.php(90): Illuminate\\Pipeline\\Pipeline->Illuminate\\Pipeline\\{closure}()
#17 /www/wwwroot/demo.medace.org/vendor/laravel/framework/src/Illuminate/Pipeline/Pipeline.php(180): App\\Http\\Middleware\\Share->handle()
#18 /www/wwwroot/demo.medace.org/app/Http/Middleware/Impersonate.php(23): Illuminate\\Pipeline\\Pipeline->Illuminate\\Pipeline\\{closure}()
#19 /www/wwwroot/demo.medace.org/vendor/laravel/framework/src/Illuminate/Pipeline/Pipeline.php(180): App\\Http\\Middleware\\Impersonate->handle()
#20 /www/wwwroot/demo.medace.org/app/Http/Middleware/CheckMobileApp.php(25): Illuminate\\Pipeline\\Pipeline->Illuminate\\Pipeline\\{closure}()
#21 /www/wwwroot/demo.medace.org/vendor/laravel/framework/src/Illuminate/Pipeline/Pipeline.php(180): App\\Http\\Middleware\\CheckMobileApp->handle()
#22 /www/wwwroot/demo.medace.org/app/Http/Middleware/DebugBar.php(22): Illuminate\\Pipeline\\Pipeline->Illuminate\\Pipeline\\{closure}()
#23 /www/wwwroot/demo.medace.org/vendor/laravel/framework/src/Illuminate/Pipeline/Pipeline.php(180): App\\Http\\Middleware\\DebugBar->handle()
#24 /www/wwwroot/demo.medace.org/app/Http/Middleware/SessionValidity.php(36): Illuminate\\Pipeline\\Pipeline->Illuminate\\Pipeline\\{closure}()
#25 /www/wwwroot/demo.medace.org/vendor/laravel/framework/src/Illuminate/Pipeline/Pipeline.php(180): App\\Http\\Middleware\\SessionValidity->handle()
#26 /www/wwwroot/demo.medace.org/app/Http/Middleware/UserLocale.php(44): Illuminate\\Pipeline\\Pipeline->Illuminate\\Pipeline\\{closure}()
#27 /www/wwwroot/demo.medace.org/vendor/laravel/framework/src/Illuminate/Pipeline/Pipeline.php(180): App\\Http\\Middleware\\UserLocale->handle()
#28 /www/wwwroot/demo.medace.org/vendor/laravel/framework/src/Illuminate/Routing/Middleware/SubstituteBindings.php(50): Illuminate\\Pipeline\\Pipeline->Illuminate\\Pipeline\\{closure}()
#29 /www/wwwroot/demo.medace.org/vendor/laravel/framework/src/Illuminate/Pipeline/Pipeline.php(180): Illuminate\\Routing\\Middleware\\SubstituteBindings->handle()
#30 /www/wwwroot/demo.medace.org/vendor/laravel/framework/src/Illuminate/Foundation/Http/Middleware/VerifyCsrfToken.php(78): Illuminate\\Pipeline\\Pipeline->Illuminate\\Pipeline\\{closure}()
#31 /www/wwwroot/demo.medace.org/vendor/laravel/framework/src/Illuminate/Pipeline/Pipeline.php(180): Illuminate\\Foundation\\Http\\Middleware\\VerifyCsrfToken->handle()
#32 /www/wwwroot/demo.medace.org/vendor/laravel/framework/src/Illuminate/View/Middleware/ShareErrorsFromSession.php(49): Illuminate\\Pipeline\\Pipeline->Illuminate\\Pipeline\\{closure}()
#33 /www/wwwroot/demo.medace.org/vendor/laravel/framework/src/Illuminate/Pipeline/Pipeline.php(180): Illuminate\\View\\Middleware\\ShareErrorsFromSession->handle()
#34 /www/wwwroot/demo.medace.org/vendor/laravel/framework/src/Illuminate/Session/Middleware/StartSession.php(121): Illuminate\\Pipeline\\Pipeline->Illuminate\\Pipeline\\{closure}()
#35 /www/wwwroot/demo.medace.org/vendor/laravel/framework/src/Illuminate/Session/Middleware/StartSession.php(64): Illuminate\\Session\\Middleware\\StartSession->handleStatefulRequest()
#36 /www/wwwroot/demo.medace.org/vendor/laravel/framework/src/Illuminate/Pipeline/Pipeline.php(180): Illuminate\\Session\\Middleware\\StartSession->handle()
#37 /www/wwwroot/demo.medace.org/vendor/laravel/framework/src/Illuminate/Cookie/Middleware/AddQueuedCookiesToResponse.php(37): Illuminate\\Pipeline\\Pipeline->Illuminate\\Pipeline\\{closure}()
#38 /www/wwwroot/demo.medace.org/vendor/laravel/framework/src/Illuminate/Pipeline/Pipeline.php(180): Illuminate\\Cookie\\Middleware\\AddQueuedCookiesToResponse->handle()
#39 /www/wwwroot/demo.medace.org/vendor/laravel/framework/src/Illuminate/Cookie/Middleware/EncryptCookies.php(67): Illuminate\\Pipeline\\Pipeline->Illuminate\\Pipeline\\{closure}()
#40 /www/wwwroot/demo.medace.org/vendor/laravel/framework/src/Illuminate/Pipeline/Pipeline.php(180): Illuminate\\Cookie\\Middleware\\EncryptCookies->handle()
#41 /www/wwwroot/demo.medace.org/vendor/laravel/framework/src/Illuminate/Pipeline/Pipeline.php(116): Illuminate\\Pipeline\\Pipeline->Illuminate\\Pipeline\\{closure}()
#42 /www/wwwroot/demo.medace.org/vendor/laravel/framework/src/Illuminate/Routing/Router.php(799): Illuminate\\Pipeline\\Pipeline->then()
#43 /www/wwwroot/demo.medace.org/vendor/laravel/framework/src/Illuminate/Routing/Router.php(776): Illuminate\\Routing\\Router->runRouteWithinStack()
#44 /www/wwwroot/demo.medace.org/vendor/laravel/framework/src/Illuminate/Routing/Router.php(740): Illuminate\\Routing\\Router->runRoute()
#45 /www/wwwroot/demo.medace.org/vendor/laravel/framework/src/Illuminate/Routing/Router.php(729): Illuminate\\Routing\\Router->dispatchToRoute()
#46 /www/wwwroot/demo.medace.org/vendor/laravel/framework/src/Illuminate/Foundation/Http/Kernel.php(190): Illuminate\\Routing\\Router->dispatch()
#47 /www/wwwroot/demo.medace.org/vendor/laravel/framework/src/Illuminate/Pipeline/Pipeline.php(141): Illuminate\\Foundation\\Http\\Kernel->Illuminate\\Foundation\\Http\\{closure}()
#48 /www/wwwroot/demo.medace.org/vendor/barryvdh/laravel-debugbar/src/Middleware/InjectDebugbar.php(66): Illuminate\\Pipeline\\Pipeline->Illuminate\\Pipeline\\{closure}()
#49 /www/wwwroot/demo.medace.org/vendor/laravel/framework/src/Illuminate/Pipeline/Pipeline.php(180): Barryvdh\\Debugbar\\Middleware\\InjectDebugbar->handle()
#50 /www/wwwroot/demo.medace.org/vendor/laravel/framework/src/Illuminate/Foundation/Http/Middleware/TransformsRequest.php(21): Illuminate\\Pipeline\\Pipeline->Illuminate\\Pipeline\\{closure}()
#51 /www/wwwroot/demo.medace.org/vendor/laravel/framework/src/Illuminate/Foundation/Http/Middleware/ConvertEmptyStringsToNull.php(31): Illuminate\\Foundation\\Http\\Middleware\\TransformsRequest->handle()
#52 /www/wwwroot/demo.medace.org/vendor/laravel/framework/src/Illuminate/Pipeline/Pipeline.php(180): Illuminate\\Foundation\\Http\\Middleware\\ConvertEmptyStringsToNull->handle()
#53 /www/wwwroot/demo.medace.org/vendor/laravel/framework/src/Illuminate/Foundation/Http/Middleware/TransformsRequest.php(21): Illuminate\\Pipeline\\Pipeline->Illuminate\\Pipeline\\{closure}()
#54 /www/wwwroot/demo.medace.org/vendor/laravel/framework/src/Illuminate/Foundation/Http/Middleware/TrimStrings.php(40): Illuminate\\Foundation\\Http\\Middleware\\TransformsRequest->handle()
#55 /www/wwwroot/demo.medace.org/vendor/laravel/framework/src/Illuminate/Pipeline/Pipeline.php(180): Illuminate\\Foundation\\Http\\Middleware\\TrimStrings->handle()
#56 /www/wwwroot/demo.medace.org/vendor/laravel/framework/src/Illuminate/Foundation/Http/Middleware/ValidatePostSize.php(27): Illuminate\\Pipeline\\Pipeline->Illuminate\\Pipeline\\{closure}()
#57 /www/wwwroot/demo.medace.org/vendor/laravel/framework/src/Illuminate/Pipeline/Pipeline.php(180): Illuminate\\Foundation\\Http\\Middleware\\ValidatePostSize->handle()
#58 /www/wwwroot/demo.medace.org/vendor/laravel/framework/src/Illuminate/Foundation/Http/Middleware/PreventRequestsDuringMaintenance.php(86): Illuminate\\Pipeline\\Pipeline->Illuminate\\Pipeline\\{closure}()
#59 /www/wwwroot/demo.medace.org/vendor/laravel/framework/src/Illuminate/Pipeline/Pipeline.php(180): Illuminate\\Foundation\\Http\\Middleware\\PreventRequestsDuringMaintenance->handle()
#60 /www/wwwroot/demo.medace.org/vendor/fruitcake/laravel-cors/src/HandleCors.php(38): Illuminate\\Pipeline\\Pipeline->Illuminate\\Pipeline\\{closure}()
#61 /www/wwwroot/demo.medace.org/vendor/laravel/framework/src/Illuminate/Pipeline/Pipeline.php(180): Fruitcake\\Cors\\HandleCors->handle()
#62 /www/wwwroot/demo.medace.org/vendor/laravel/framework/src/Illuminate/Http/Middleware/TrustProxies.php(39): Illuminate\\Pipeline\\Pipeline->Illuminate\\Pipeline\\{closure}()
#63 /www/wwwroot/demo.medace.org/vendor/laravel/framework/src/Illuminate/Pipeline/Pipeline.php(180): Illuminate\\Http\\Middleware\\TrustProxies->handle()
#64 /www/wwwroot/demo.medace.org/vendor/laravel/framework/src/Illuminate/Pipeline/Pipeline.php(116): Illuminate\\Pipeline\\Pipeline->Illuminate\\Pipeline\\{closure}()
#65 /www/wwwroot/demo.medace.org/vendor/laravel/framework/src/Illuminate/Foundation/Http/Kernel.php(165): Illuminate\\Pipeline\\Pipeline->then()
#66 /www/wwwroot/demo.medace.org/vendor/laravel/framework/src/Illuminate/Foundation/Http/Kernel.php(134): Illuminate\\Foundation\\Http\\Kernel->sendRequestThroughRouter()
#67 /www/wwwroot/demo.medace.org/public/index.php(52): Illuminate\\Foundation\\Http\\Kernel->handle()
#68 {main}
"} 
[2025-04-16 10:57:45] production.ERROR: file_exists(): open_basedir restriction in effect. File(/fonts/OpenSans-Regular.ttf) is not within the allowed path(s): (/www/wwwroot/demo.medace.org/:/tmp/) {"exception":"[object] (ErrorException(code: 0): file_exists(): open_basedir restriction in effect. File(/fonts/OpenSans-Regular.ttf) is not within the allowed path(s): (/www/wwwroot/demo.medace.org/:/tmp/) at /www/wwwroot/demo.medace.org/vendor/lasserafn/php-initial-avatar-generator/src/InitialAvatar.php:739)
[stacktrace]
#0 /www/wwwroot/demo.medace.org/vendor/laravel/framework/src/Illuminate/Foundation/Bootstrap/HandleExceptions.php(270): Illuminate\\Foundation\\Bootstrap\\HandleExceptions->handleError()
#1 [internal function]: Illuminate\\Foundation\\Bootstrap\\HandleExceptions->Illuminate\\Foundation\\Bootstrap\\{closure}()
#2 /www/wwwroot/demo.medace.org/vendor/lasserafn/php-initial-avatar-generator/src/InitialAvatar.php(739): file_exists()
#3 /www/wwwroot/demo.medace.org/vendor/lasserafn/php-initial-avatar-generator/src/InitialAvatar.php(644): LasseRafn\\InitialAvatarGenerator\\InitialAvatar->findFontFile()
#4 /www/wwwroot/demo.medace.org/vendor/lasserafn/php-initial-avatar-generator/src/InitialAvatar.php(401): LasseRafn\\InitialAvatarGenerator\\InitialAvatar->makeAvatar()
#5 /www/wwwroot/demo.medace.org/app/Http/Controllers/Web/DefaultAvatarController.php(39): LasseRafn\\InitialAvatarGenerator\\InitialAvatar->generate()
#6 /www/wwwroot/demo.medace.org/vendor/laravel/framework/src/Illuminate/Routing/Controller.php(54): App\\Http\\Controllers\\Web\\DefaultAvatarController->make()
#7 /www/wwwroot/demo.medace.org/vendor/laravel/framework/src/Illuminate/Routing/ControllerDispatcher.php(43): Illuminate\\Routing\\Controller->callAction()
#8 /www/wwwroot/demo.medace.org/vendor/laravel/framework/src/Illuminate/Routing/Route.php(260): Illuminate\\Routing\\ControllerDispatcher->dispatch()
#9 /www/wwwroot/demo.medace.org/vendor/laravel/framework/src/Illuminate/Routing/Route.php(205): Illuminate\\Routing\\Route->runController()
#10 /www/wwwroot/demo.medace.org/vendor/laravel/framework/src/Illuminate/Routing/Router.php(798): Illuminate\\Routing\\Route->run()
#11 /www/wwwroot/demo.medace.org/vendor/laravel/framework/src/Illuminate/Pipeline/Pipeline.php(141): Illuminate\\Routing\\Router->Illuminate\\Routing\\{closure}()
#12 /www/wwwroot/demo.medace.org/app/Http/Middleware/CheckRestriction.php(34): Illuminate\\Pipeline\\Pipeline->Illuminate\\Pipeline\\{closure}()
#13 /www/wwwroot/demo.medace.org/vendor/laravel/framework/src/Illuminate/Pipeline/Pipeline.php(180): App\\Http\\Middleware\\CheckRestriction->handle()
#14 /www/wwwroot/demo.medace.org/app/Http/Middleware/CheckMaintenance.php(37): Illuminate\\Pipeline\\Pipeline->Illuminate\\Pipeline\\{closure}()
#15 /www/wwwroot/demo.medace.org/vendor/laravel/framework/src/Illuminate/Pipeline/Pipeline.php(180): App\\Http\\Middleware\\CheckMaintenance->handle()
#16 /www/wwwroot/demo.medace.org/app/Http/Middleware/Share.php(90): Illuminate\\Pipeline\\Pipeline->Illuminate\\Pipeline\\{closure}()
#17 /www/wwwroot/demo.medace.org/vendor/laravel/framework/src/Illuminate/Pipeline/Pipeline.php(180): App\\Http\\Middleware\\Share->handle()
#18 /www/wwwroot/demo.medace.org/app/Http/Middleware/Impersonate.php(23): Illuminate\\Pipeline\\Pipeline->Illuminate\\Pipeline\\{closure}()
#19 /www/wwwroot/demo.medace.org/vendor/laravel/framework/src/Illuminate/Pipeline/Pipeline.php(180): App\\Http\\Middleware\\Impersonate->handle()
#20 /www/wwwroot/demo.medace.org/app/Http/Middleware/CheckMobileApp.php(25): Illuminate\\Pipeline\\Pipeline->Illuminate\\Pipeline\\{closure}()
#21 /www/wwwroot/demo.medace.org/vendor/laravel/framework/src/Illuminate/Pipeline/Pipeline.php(180): App\\Http\\Middleware\\CheckMobileApp->handle()
#22 /www/wwwroot/demo.medace.org/app/Http/Middleware/DebugBar.php(22): Illuminate\\Pipeline\\Pipeline->Illuminate\\Pipeline\\{closure}()
#23 /www/wwwroot/demo.medace.org/vendor/laravel/framework/src/Illuminate/Pipeline/Pipeline.php(180): App\\Http\\Middleware\\DebugBar->handle()
#24 /www/wwwroot/demo.medace.org/app/Http/Middleware/SessionValidity.php(36): Illuminate\\Pipeline\\Pipeline->Illuminate\\Pipeline\\{closure}()
#25 /www/wwwroot/demo.medace.org/vendor/laravel/framework/src/Illuminate/Pipeline/Pipeline.php(180): App\\Http\\Middleware\\SessionValidity->handle()
#26 /www/wwwroot/demo.medace.org/app/Http/Middleware/UserLocale.php(44): Illuminate\\Pipeline\\Pipeline->Illuminate\\Pipeline\\{closure}()
#27 /www/wwwroot/demo.medace.org/vendor/laravel/framework/src/Illuminate/Pipeline/Pipeline.php(180): App\\Http\\Middleware\\UserLocale->handle()
#28 /www/wwwroot/demo.medace.org/vendor/laravel/framework/src/Illuminate/Routing/Middleware/SubstituteBindings.php(50): Illuminate\\Pipeline\\Pipeline->Illuminate\\Pipeline\\{closure}()
#29 /www/wwwroot/demo.medace.org/vendor/laravel/framework/src/Illuminate/Pipeline/Pipeline.php(180): Illuminate\\Routing\\Middleware\\SubstituteBindings->handle()
#30 /www/wwwroot/demo.medace.org/vendor/laravel/framework/src/Illuminate/Foundation/Http/Middleware/VerifyCsrfToken.php(78): Illuminate\\Pipeline\\Pipeline->Illuminate\\Pipeline\\{closure}()
#31 /www/wwwroot/demo.medace.org/vendor/laravel/framework/src/Illuminate/Pipeline/Pipeline.php(180): Illuminate\\Foundation\\Http\\Middleware\\VerifyCsrfToken->handle()
#32 /www/wwwroot/demo.medace.org/vendor/laravel/framework/src/Illuminate/View/Middleware/ShareErrorsFromSession.php(49): Illuminate\\Pipeline\\Pipeline->Illuminate\\Pipeline\\{closure}()
#33 /www/wwwroot/demo.medace.org/vendor/laravel/framework/src/Illuminate/Pipeline/Pipeline.php(180): Illuminate\\View\\Middleware\\ShareErrorsFromSession->handle()
#34 /www/wwwroot/demo.medace.org/vendor/laravel/framework/src/Illuminate/Session/Middleware/StartSession.php(121): Illuminate\\Pipeline\\Pipeline->Illuminate\\Pipeline\\{closure}()
#35 /www/wwwroot/demo.medace.org/vendor/laravel/framework/src/Illuminate/Session/Middleware/StartSession.php(64): Illuminate\\Session\\Middleware\\StartSession->handleStatefulRequest()
#36 /www/wwwroot/demo.medace.org/vendor/laravel/framework/src/Illuminate/Pipeline/Pipeline.php(180): Illuminate\\Session\\Middleware\\StartSession->handle()
#37 /www/wwwroot/demo.medace.org/vendor/laravel/framework/src/Illuminate/Cookie/Middleware/AddQueuedCookiesToResponse.php(37): Illuminate\\Pipeline\\Pipeline->Illuminate\\Pipeline\\{closure}()
#38 /www/wwwroot/demo.medace.org/vendor/laravel/framework/src/Illuminate/Pipeline/Pipeline.php(180): Illuminate\\Cookie\\Middleware\\AddQueuedCookiesToResponse->handle()
#39 /www/wwwroot/demo.medace.org/vendor/laravel/framework/src/Illuminate/Cookie/Middleware/EncryptCookies.php(67): Illuminate\\Pipeline\\Pipeline->Illuminate\\Pipeline\\{closure}()
#40 /www/wwwroot/demo.medace.org/vendor/laravel/framework/src/Illuminate/Pipeline/Pipeline.php(180): Illuminate\\Cookie\\Middleware\\EncryptCookies->handle()
#41 /www/wwwroot/demo.medace.org/vendor/laravel/framework/src/Illuminate/Pipeline/Pipeline.php(116): Illuminate\\Pipeline\\Pipeline->Illuminate\\Pipeline\\{closure}()
#42 /www/wwwroot/demo.medace.org/vendor/laravel/framework/src/Illuminate/Routing/Router.php(799): Illuminate\\Pipeline\\Pipeline->then()
#43 /www/wwwroot/demo.medace.org/vendor/laravel/framework/src/Illuminate/Routing/Router.php(776): Illuminate\\Routing\\Router->runRouteWithinStack()
#44 /www/wwwroot/demo.medace.org/vendor/laravel/framework/src/Illuminate/Routing/Router.php(740): Illuminate\\Routing\\Router->runRoute()
#45 /www/wwwroot/demo.medace.org/vendor/laravel/framework/src/Illuminate/Routing/Router.php(729): Illuminate\\Routing\\Router->dispatchToRoute()
#46 /www/wwwroot/demo.medace.org/vendor/laravel/framework/src/Illuminate/Foundation/Http/Kernel.php(190): Illuminate\\Routing\\Router->dispatch()
#47 /www/wwwroot/demo.medace.org/vendor/laravel/framework/src/Illuminate/Pipeline/Pipeline.php(141): Illuminate\\Foundation\\Http\\Kernel->Illuminate\\Foundation\\Http\\{closure}()
#48 /www/wwwroot/demo.medace.org/vendor/barryvdh/laravel-debugbar/src/Middleware/InjectDebugbar.php(66): Illuminate\\Pipeline\\Pipeline->Illuminate\\Pipeline\\{closure}()
#49 /www/wwwroot/demo.medace.org/vendor/laravel/framework/src/Illuminate/Pipeline/Pipeline.php(180): Barryvdh\\Debugbar\\Middleware\\InjectDebugbar->handle()
#50 /www/wwwroot/demo.medace.org/vendor/laravel/framework/src/Illuminate/Foundation/Http/Middleware/TransformsRequest.php(21): Illuminate\\Pipeline\\Pipeline->Illuminate\\Pipeline\\{closure}()
#51 /www/wwwroot/demo.medace.org/vendor/laravel/framework/src/Illuminate/Foundation/Http/Middleware/ConvertEmptyStringsToNull.php(31): Illuminate\\Foundation\\Http\\Middleware\\TransformsRequest->handle()
#52 /www/wwwroot/demo.medace.org/vendor/laravel/framework/src/Illuminate/Pipeline/Pipeline.php(180): Illuminate\\Foundation\\Http\\Middleware\\ConvertEmptyStringsToNull->handle()
#53 /www/wwwroot/demo.medace.org/vendor/laravel/framework/src/Illuminate/Foundation/Http/Middleware/TransformsRequest.php(21): Illuminate\\Pipeline\\Pipeline->Illuminate\\Pipeline\\{closure}()
#54 /www/wwwroot/demo.medace.org/vendor/laravel/framework/src/Illuminate/Foundation/Http/Middleware/TrimStrings.php(40): Illuminate\\Foundation\\Http\\Middleware\\TransformsRequest->handle()
#55 /www/wwwroot/demo.medace.org/vendor/laravel/framework/src/Illuminate/Pipeline/Pipeline.php(180): Illuminate\\Foundation\\Http\\Middleware\\TrimStrings->handle()
#56 /www/wwwroot/demo.medace.org/vendor/laravel/framework/src/Illuminate/Foundation/Http/Middleware/ValidatePostSize.php(27): Illuminate\\Pipeline\\Pipeline->Illuminate\\Pipeline\\{closure}()
#57 /www/wwwroot/demo.medace.org/vendor/laravel/framework/src/Illuminate/Pipeline/Pipeline.php(180): Illuminate\\Foundation\\Http\\Middleware\\ValidatePostSize->handle()
#58 /www/wwwroot/demo.medace.org/vendor/laravel/framework/src/Illuminate/Foundation/Http/Middleware/PreventRequestsDuringMaintenance.php(86): Illuminate\\Pipeline\\Pipeline->Illuminate\\Pipeline\\{closure}()
#59 /www/wwwroot/demo.medace.org/vendor/laravel/framework/src/Illuminate/Pipeline/Pipeline.php(180): Illuminate\\Foundation\\Http\\Middleware\\PreventRequestsDuringMaintenance->handle()
#60 /www/wwwroot/demo.medace.org/vendor/fruitcake/laravel-cors/src/HandleCors.php(38): Illuminate\\Pipeline\\Pipeline->Illuminate\\Pipeline\\{closure}()
#61 /www/wwwroot/demo.medace.org/vendor/laravel/framework/src/Illuminate/Pipeline/Pipeline.php(180): Fruitcake\\Cors\\HandleCors->handle()
#62 /www/wwwroot/demo.medace.org/vendor/laravel/framework/src/Illuminate/Http/Middleware/TrustProxies.php(39): Illuminate\\Pipeline\\Pipeline->Illuminate\\Pipeline\\{closure}()
#63 /www/wwwroot/demo.medace.org/vendor/laravel/framework/src/Illuminate/Pipeline/Pipeline.php(180): Illuminate\\Http\\Middleware\\TrustProxies->handle()
#64 /www/wwwroot/demo.medace.org/vendor/laravel/framework/src/Illuminate/Pipeline/Pipeline.php(116): Illuminate\\Pipeline\\Pipeline->Illuminate\\Pipeline\\{closure}()
#65 /www/wwwroot/demo.medace.org/vendor/laravel/framework/src/Illuminate/Foundation/Http/Kernel.php(165): Illuminate\\Pipeline\\Pipeline->then()
#66 /www/wwwroot/demo.medace.org/vendor/laravel/framework/src/Illuminate/Foundation/Http/Kernel.php(134): Illuminate\\Foundation\\Http\\Kernel->sendRequestThroughRouter()
#67 /www/wwwroot/demo.medace.org/public/index.php(52): Illuminate\\Foundation\\Http\\Kernel->handle()
#68 {main}
"} 
[2025-04-16 11:58:50] production.ERROR: file_exists(): open_basedir restriction in effect. File(/fonts/OpenSans-Regular.ttf) is not within the allowed path(s): (/www/wwwroot/demo.medace.org/:/tmp/) {"userId":1049,"exception":"[object] (ErrorException(code: 0): file_exists(): open_basedir restriction in effect. File(/fonts/OpenSans-Regular.ttf) is not within the allowed path(s): (/www/wwwroot/demo.medace.org/:/tmp/) at /www/wwwroot/demo.medace.org/vendor/lasserafn/php-initial-avatar-generator/src/InitialAvatar.php:739)
[stacktrace]
#0 /www/wwwroot/demo.medace.org/vendor/laravel/framework/src/Illuminate/Foundation/Bootstrap/HandleExceptions.php(270): Illuminate\\Foundation\\Bootstrap\\HandleExceptions->handleError()
#1 [internal function]: Illuminate\\Foundation\\Bootstrap\\HandleExceptions->Illuminate\\Foundation\\Bootstrap\\{closure}()
#2 /www/wwwroot/demo.medace.org/vendor/lasserafn/php-initial-avatar-generator/src/InitialAvatar.php(739): file_exists()
#3 /www/wwwroot/demo.medace.org/vendor/lasserafn/php-initial-avatar-generator/src/InitialAvatar.php(644): LasseRafn\\InitialAvatarGenerator\\InitialAvatar->findFontFile()
#4 /www/wwwroot/demo.medace.org/vendor/lasserafn/php-initial-avatar-generator/src/InitialAvatar.php(401): LasseRafn\\InitialAvatarGenerator\\InitialAvatar->makeAvatar()
#5 /www/wwwroot/demo.medace.org/app/Http/Controllers/Web/DefaultAvatarController.php(39): LasseRafn\\InitialAvatarGenerator\\InitialAvatar->generate()
#6 /www/wwwroot/demo.medace.org/vendor/laravel/framework/src/Illuminate/Routing/Controller.php(54): App\\Http\\Controllers\\Web\\DefaultAvatarController->make()
#7 /www/wwwroot/demo.medace.org/vendor/laravel/framework/src/Illuminate/Routing/ControllerDispatcher.php(43): Illuminate\\Routing\\Controller->callAction()
#8 /www/wwwroot/demo.medace.org/vendor/laravel/framework/src/Illuminate/Routing/Route.php(260): Illuminate\\Routing\\ControllerDispatcher->dispatch()
#9 /www/wwwroot/demo.medace.org/vendor/laravel/framework/src/Illuminate/Routing/Route.php(205): Illuminate\\Routing\\Route->runController()
#10 /www/wwwroot/demo.medace.org/vendor/laravel/framework/src/Illuminate/Routing/Router.php(798): Illuminate\\Routing\\Route->run()
#11 /www/wwwroot/demo.medace.org/vendor/laravel/framework/src/Illuminate/Pipeline/Pipeline.php(141): Illuminate\\Routing\\Router->Illuminate\\Routing\\{closure}()
#12 /www/wwwroot/demo.medace.org/app/Http/Middleware/CheckRestriction.php(34): Illuminate\\Pipeline\\Pipeline->Illuminate\\Pipeline\\{closure}()
#13 /www/wwwroot/demo.medace.org/vendor/laravel/framework/src/Illuminate/Pipeline/Pipeline.php(180): App\\Http\\Middleware\\CheckRestriction->handle()
#14 /www/wwwroot/demo.medace.org/app/Http/Middleware/CheckMaintenance.php(37): Illuminate\\Pipeline\\Pipeline->Illuminate\\Pipeline\\{closure}()
#15 /www/wwwroot/demo.medace.org/vendor/laravel/framework/src/Illuminate/Pipeline/Pipeline.php(180): App\\Http\\Middleware\\CheckMaintenance->handle()
#16 /www/wwwroot/demo.medace.org/app/Http/Middleware/Share.php(90): Illuminate\\Pipeline\\Pipeline->Illuminate\\Pipeline\\{closure}()
#17 /www/wwwroot/demo.medace.org/vendor/laravel/framework/src/Illuminate/Pipeline/Pipeline.php(180): App\\Http\\Middleware\\Share->handle()
#18 /www/wwwroot/demo.medace.org/app/Http/Middleware/Impersonate.php(23): Illuminate\\Pipeline\\Pipeline->Illuminate\\Pipeline\\{closure}()
#19 /www/wwwroot/demo.medace.org/vendor/laravel/framework/src/Illuminate/Pipeline/Pipeline.php(180): App\\Http\\Middleware\\Impersonate->handle()
#20 /www/wwwroot/demo.medace.org/app/Http/Middleware/CheckMobileApp.php(25): Illuminate\\Pipeline\\Pipeline->Illuminate\\Pipeline\\{closure}()
#21 /www/wwwroot/demo.medace.org/vendor/laravel/framework/src/Illuminate/Pipeline/Pipeline.php(180): App\\Http\\Middleware\\CheckMobileApp->handle()
#22 /www/wwwroot/demo.medace.org/app/Http/Middleware/DebugBar.php(22): Illuminate\\Pipeline\\Pipeline->Illuminate\\Pipeline\\{closure}()
#23 /www/wwwroot/demo.medace.org/vendor/laravel/framework/src/Illuminate/Pipeline/Pipeline.php(180): App\\Http\\Middleware\\DebugBar->handle()
#24 /www/wwwroot/demo.medace.org/app/Http/Middleware/SessionValidity.php(36): Illuminate\\Pipeline\\Pipeline->Illuminate\\Pipeline\\{closure}()
#25 /www/wwwroot/demo.medace.org/vendor/laravel/framework/src/Illuminate/Pipeline/Pipeline.php(180): App\\Http\\Middleware\\SessionValidity->handle()
#26 /www/wwwroot/demo.medace.org/app/Http/Middleware/UserLocale.php(44): Illuminate\\Pipeline\\Pipeline->Illuminate\\Pipeline\\{closure}()
#27 /www/wwwroot/demo.medace.org/vendor/laravel/framework/src/Illuminate/Pipeline/Pipeline.php(180): App\\Http\\Middleware\\UserLocale->handle()
#28 /www/wwwroot/demo.medace.org/vendor/laravel/framework/src/Illuminate/Routing/Middleware/SubstituteBindings.php(50): Illuminate\\Pipeline\\Pipeline->Illuminate\\Pipeline\\{closure}()
#29 /www/wwwroot/demo.medace.org/vendor/laravel/framework/src/Illuminate/Pipeline/Pipeline.php(180): Illuminate\\Routing\\Middleware\\SubstituteBindings->handle()
#30 /www/wwwroot/demo.medace.org/vendor/laravel/framework/src/Illuminate/Foundation/Http/Middleware/VerifyCsrfToken.php(78): Illuminate\\Pipeline\\Pipeline->Illuminate\\Pipeline\\{closure}()
#31 /www/wwwroot/demo.medace.org/vendor/laravel/framework/src/Illuminate/Pipeline/Pipeline.php(180): Illuminate\\Foundation\\Http\\Middleware\\VerifyCsrfToken->handle()
#32 /www/wwwroot/demo.medace.org/vendor/laravel/framework/src/Illuminate/View/Middleware/ShareErrorsFromSession.php(49): Illuminate\\Pipeline\\Pipeline->Illuminate\\Pipeline\\{closure}()
#33 /www/wwwroot/demo.medace.org/vendor/laravel/framework/src/Illuminate/Pipeline/Pipeline.php(180): Illuminate\\View\\Middleware\\ShareErrorsFromSession->handle()
#34 /www/wwwroot/demo.medace.org/vendor/laravel/framework/src/Illuminate/Session/Middleware/StartSession.php(121): Illuminate\\Pipeline\\Pipeline->Illuminate\\Pipeline\\{closure}()
#35 /www/wwwroot/demo.medace.org/vendor/laravel/framework/src/Illuminate/Session/Middleware/StartSession.php(64): Illuminate\\Session\\Middleware\\StartSession->handleStatefulRequest()
#36 /www/wwwroot/demo.medace.org/vendor/laravel/framework/src/Illuminate/Pipeline/Pipeline.php(180): Illuminate\\Session\\Middleware\\StartSession->handle()
#37 /www/wwwroot/demo.medace.org/vendor/laravel/framework/src/Illuminate/Cookie/Middleware/AddQueuedCookiesToResponse.php(37): Illuminate\\Pipeline\\Pipeline->Illuminate\\Pipeline\\{closure}()
#38 /www/wwwroot/demo.medace.org/vendor/laravel/framework/src/Illuminate/Pipeline/Pipeline.php(180): Illuminate\\Cookie\\Middleware\\AddQueuedCookiesToResponse->handle()
#39 /www/wwwroot/demo.medace.org/vendor/laravel/framework/src/Illuminate/Cookie/Middleware/EncryptCookies.php(67): Illuminate\\Pipeline\\Pipeline->Illuminate\\Pipeline\\{closure}()
#40 /www/wwwroot/demo.medace.org/vendor/laravel/framework/src/Illuminate/Pipeline/Pipeline.php(180): Illuminate\\Cookie\\Middleware\\EncryptCookies->handle()
#41 /www/wwwroot/demo.medace.org/vendor/laravel/framework/src/Illuminate/Pipeline/Pipeline.php(116): Illuminate\\Pipeline\\Pipeline->Illuminate\\Pipeline\\{closure}()
#42 /www/wwwroot/demo.medace.org/vendor/laravel/framework/src/Illuminate/Routing/Router.php(799): Illuminate\\Pipeline\\Pipeline->then()
#43 /www/wwwroot/demo.medace.org/vendor/laravel/framework/src/Illuminate/Routing/Router.php(776): Illuminate\\Routing\\Router->runRouteWithinStack()
#44 /www/wwwroot/demo.medace.org/vendor/laravel/framework/src/Illuminate/Routing/Router.php(740): Illuminate\\Routing\\Router->runRoute()
#45 /www/wwwroot/demo.medace.org/vendor/laravel/framework/src/Illuminate/Routing/Router.php(729): Illuminate\\Routing\\Router->dispatchToRoute()
#46 /www/wwwroot/demo.medace.org/vendor/laravel/framework/src/Illuminate/Foundation/Http/Kernel.php(190): Illuminate\\Routing\\Router->dispatch()
#47 /www/wwwroot/demo.medace.org/vendor/laravel/framework/src/Illuminate/Pipeline/Pipeline.php(141): Illuminate\\Foundation\\Http\\Kernel->Illuminate\\Foundation\\Http\\{closure}()
#48 /www/wwwroot/demo.medace.org/vendor/barryvdh/laravel-debugbar/src/Middleware/InjectDebugbar.php(66): Illuminate\\Pipeline\\Pipeline->Illuminate\\Pipeline\\{closure}()
#49 /www/wwwroot/demo.medace.org/vendor/laravel/framework/src/Illuminate/Pipeline/Pipeline.php(180): Barryvdh\\Debugbar\\Middleware\\InjectDebugbar->handle()
#50 /www/wwwroot/demo.medace.org/vendor/laravel/framework/src/Illuminate/Foundation/Http/Middleware/TransformsRequest.php(21): Illuminate\\Pipeline\\Pipeline->Illuminate\\Pipeline\\{closure}()
#51 /www/wwwroot/demo.medace.org/vendor/laravel/framework/src/Illuminate/Foundation/Http/Middleware/ConvertEmptyStringsToNull.php(31): Illuminate\\Foundation\\Http\\Middleware\\TransformsRequest->handle()
#52 /www/wwwroot/demo.medace.org/vendor/laravel/framework/src/Illuminate/Pipeline/Pipeline.php(180): Illuminate\\Foundation\\Http\\Middleware\\ConvertEmptyStringsToNull->handle()
#53 /www/wwwroot/demo.medace.org/vendor/laravel/framework/src/Illuminate/Foundation/Http/Middleware/TransformsRequest.php(21): Illuminate\\Pipeline\\Pipeline->Illuminate\\Pipeline\\{closure}()
#54 /www/wwwroot/demo.medace.org/vendor/laravel/framework/src/Illuminate/Foundation/Http/Middleware/TrimStrings.php(40): Illuminate\\Foundation\\Http\\Middleware\\TransformsRequest->handle()
#55 /www/wwwroot/demo.medace.org/vendor/laravel/framework/src/Illuminate/Pipeline/Pipeline.php(180): Illuminate\\Foundation\\Http\\Middleware\\TrimStrings->handle()
#56 /www/wwwroot/demo.medace.org/vendor/laravel/framework/src/Illuminate/Foundation/Http/Middleware/ValidatePostSize.php(27): Illuminate\\Pipeline\\Pipeline->Illuminate\\Pipeline\\{closure}()
#57 /www/wwwroot/demo.medace.org/vendor/laravel/framework/src/Illuminate/Pipeline/Pipeline.php(180): Illuminate\\Foundation\\Http\\Middleware\\ValidatePostSize->handle()
#58 /www/wwwroot/demo.medace.org/vendor/laravel/framework/src/Illuminate/Foundation/Http/Middleware/PreventRequestsDuringMaintenance.php(86): Illuminate\\Pipeline\\Pipeline->Illuminate\\Pipeline\\{closure}()
#59 /www/wwwroot/demo.medace.org/vendor/laravel/framework/src/Illuminate/Pipeline/Pipeline.php(180): Illuminate\\Foundation\\Http\\Middleware\\PreventRequestsDuringMaintenance->handle()
#60 /www/wwwroot/demo.medace.org/vendor/fruitcake/laravel-cors/src/HandleCors.php(38): Illuminate\\Pipeline\\Pipeline->Illuminate\\Pipeline\\{closure}()
#61 /www/wwwroot/demo.medace.org/vendor/laravel/framework/src/Illuminate/Pipeline/Pipeline.php(180): Fruitcake\\Cors\\HandleCors->handle()
#62 /www/wwwroot/demo.medace.org/vendor/laravel/framework/src/Illuminate/Http/Middleware/TrustProxies.php(39): Illuminate\\Pipeline\\Pipeline->Illuminate\\Pipeline\\{closure}()
#63 /www/wwwroot/demo.medace.org/vendor/laravel/framework/src/Illuminate/Pipeline/Pipeline.php(180): Illuminate\\Http\\Middleware\\TrustProxies->handle()
#64 /www/wwwroot/demo.medace.org/vendor/laravel/framework/src/Illuminate/Pipeline/Pipeline.php(116): Illuminate\\Pipeline\\Pipeline->Illuminate\\Pipeline\\{closure}()
#65 /www/wwwroot/demo.medace.org/vendor/laravel/framework/src/Illuminate/Foundation/Http/Kernel.php(165): Illuminate\\Pipeline\\Pipeline->then()
#66 /www/wwwroot/demo.medace.org/vendor/laravel/framework/src/Illuminate/Foundation/Http/Kernel.php(134): Illuminate\\Foundation\\Http\\Kernel->sendRequestThroughRouter()
#67 /www/wwwroot/demo.medace.org/public/index.php(52): Illuminate\\Foundation\\Http\\Kernel->handle()
#68 {main}
"} 
[2025-04-16 11:59:18] production.ERROR: file_exists(): open_basedir restriction in effect. File(/fonts/OpenSans-Regular.ttf) is not within the allowed path(s): (/www/wwwroot/demo.medace.org/:/tmp/) {"userId":1049,"exception":"[object] (ErrorException(code: 0): file_exists(): open_basedir restriction in effect. File(/fonts/OpenSans-Regular.ttf) is not within the allowed path(s): (/www/wwwroot/demo.medace.org/:/tmp/) at /www/wwwroot/demo.medace.org/vendor/lasserafn/php-initial-avatar-generator/src/InitialAvatar.php:739)
[stacktrace]
#0 /www/wwwroot/demo.medace.org/vendor/laravel/framework/src/Illuminate/Foundation/Bootstrap/HandleExceptions.php(270): Illuminate\\Foundation\\Bootstrap\\HandleExceptions->handleError()
#1 [internal function]: Illuminate\\Foundation\\Bootstrap\\HandleExceptions->Illuminate\\Foundation\\Bootstrap\\{closure}()
#2 /www/wwwroot/demo.medace.org/vendor/lasserafn/php-initial-avatar-generator/src/InitialAvatar.php(739): file_exists()
#3 /www/wwwroot/demo.medace.org/vendor/lasserafn/php-initial-avatar-generator/src/InitialAvatar.php(644): LasseRafn\\InitialAvatarGenerator\\InitialAvatar->findFontFile()
#4 /www/wwwroot/demo.medace.org/vendor/lasserafn/php-initial-avatar-generator/src/InitialAvatar.php(401): LasseRafn\\InitialAvatarGenerator\\InitialAvatar->makeAvatar()
#5 /www/wwwroot/demo.medace.org/app/Http/Controllers/Web/DefaultAvatarController.php(39): LasseRafn\\InitialAvatarGenerator\\InitialAvatar->generate()
#6 /www/wwwroot/demo.medace.org/vendor/laravel/framework/src/Illuminate/Routing/Controller.php(54): App\\Http\\Controllers\\Web\\DefaultAvatarController->make()
#7 /www/wwwroot/demo.medace.org/vendor/laravel/framework/src/Illuminate/Routing/ControllerDispatcher.php(43): Illuminate\\Routing\\Controller->callAction()
#8 /www/wwwroot/demo.medace.org/vendor/laravel/framework/src/Illuminate/Routing/Route.php(260): Illuminate\\Routing\\ControllerDispatcher->dispatch()
#9 /www/wwwroot/demo.medace.org/vendor/laravel/framework/src/Illuminate/Routing/Route.php(205): Illuminate\\Routing\\Route->runController()
#10 /www/wwwroot/demo.medace.org/vendor/laravel/framework/src/Illuminate/Routing/Router.php(798): Illuminate\\Routing\\Route->run()
#11 /www/wwwroot/demo.medace.org/vendor/laravel/framework/src/Illuminate/Pipeline/Pipeline.php(141): Illuminate\\Routing\\Router->Illuminate\\Routing\\{closure}()
#12 /www/wwwroot/demo.medace.org/app/Http/Middleware/CheckRestriction.php(34): Illuminate\\Pipeline\\Pipeline->Illuminate\\Pipeline\\{closure}()
#13 /www/wwwroot/demo.medace.org/vendor/laravel/framework/src/Illuminate/Pipeline/Pipeline.php(180): App\\Http\\Middleware\\CheckRestriction->handle()
#14 /www/wwwroot/demo.medace.org/app/Http/Middleware/CheckMaintenance.php(37): Illuminate\\Pipeline\\Pipeline->Illuminate\\Pipeline\\{closure}()
#15 /www/wwwroot/demo.medace.org/vendor/laravel/framework/src/Illuminate/Pipeline/Pipeline.php(180): App\\Http\\Middleware\\CheckMaintenance->handle()
#16 /www/wwwroot/demo.medace.org/app/Http/Middleware/Share.php(90): Illuminate\\Pipeline\\Pipeline->Illuminate\\Pipeline\\{closure}()
#17 /www/wwwroot/demo.medace.org/vendor/laravel/framework/src/Illuminate/Pipeline/Pipeline.php(180): App\\Http\\Middleware\\Share->handle()
#18 /www/wwwroot/demo.medace.org/app/Http/Middleware/Impersonate.php(23): Illuminate\\Pipeline\\Pipeline->Illuminate\\Pipeline\\{closure}()
#19 /www/wwwroot/demo.medace.org/vendor/laravel/framework/src/Illuminate/Pipeline/Pipeline.php(180): App\\Http\\Middleware\\Impersonate->handle()
#20 /www/wwwroot/demo.medace.org/app/Http/Middleware/CheckMobileApp.php(25): Illuminate\\Pipeline\\Pipeline->Illuminate\\Pipeline\\{closure}()
#21 /www/wwwroot/demo.medace.org/vendor/laravel/framework/src/Illuminate/Pipeline/Pipeline.php(180): App\\Http\\Middleware\\CheckMobileApp->handle()
#22 /www/wwwroot/demo.medace.org/app/Http/Middleware/DebugBar.php(22): Illuminate\\Pipeline\\Pipeline->Illuminate\\Pipeline\\{closure}()
#23 /www/wwwroot/demo.medace.org/vendor/laravel/framework/src/Illuminate/Pipeline/Pipeline.php(180): App\\Http\\Middleware\\DebugBar->handle()
#24 /www/wwwroot/demo.medace.org/app/Http/Middleware/SessionValidity.php(36): Illuminate\\Pipeline\\Pipeline->Illuminate\\Pipeline\\{closure}()
#25 /www/wwwroot/demo.medace.org/vendor/laravel/framework/src/Illuminate/Pipeline/Pipeline.php(180): App\\Http\\Middleware\\SessionValidity->handle()
#26 /www/wwwroot/demo.medace.org/app/Http/Middleware/UserLocale.php(44): Illuminate\\Pipeline\\Pipeline->Illuminate\\Pipeline\\{closure}()
#27 /www/wwwroot/demo.medace.org/vendor/laravel/framework/src/Illuminate/Pipeline/Pipeline.php(180): App\\Http\\Middleware\\UserLocale->handle()
#28 /www/wwwroot/demo.medace.org/vendor/laravel/framework/src/Illuminate/Routing/Middleware/SubstituteBindings.php(50): Illuminate\\Pipeline\\Pipeline->Illuminate\\Pipeline\\{closure}()
#29 /www/wwwroot/demo.medace.org/vendor/laravel/framework/src/Illuminate/Pipeline/Pipeline.php(180): Illuminate\\Routing\\Middleware\\SubstituteBindings->handle()
#30 /www/wwwroot/demo.medace.org/vendor/laravel/framework/src/Illuminate/Foundation/Http/Middleware/VerifyCsrfToken.php(78): Illuminate\\Pipeline\\Pipeline->Illuminate\\Pipeline\\{closure}()
#31 /www/wwwroot/demo.medace.org/vendor/laravel/framework/src/Illuminate/Pipeline/Pipeline.php(180): Illuminate\\Foundation\\Http\\Middleware\\VerifyCsrfToken->handle()
#32 /www/wwwroot/demo.medace.org/vendor/laravel/framework/src/Illuminate/View/Middleware/ShareErrorsFromSession.php(49): Illuminate\\Pipeline\\Pipeline->Illuminate\\Pipeline\\{closure}()
#33 /www/wwwroot/demo.medace.org/vendor/laravel/framework/src/Illuminate/Pipeline/Pipeline.php(180): Illuminate\\View\\Middleware\\ShareErrorsFromSession->handle()
#34 /www/wwwroot/demo.medace.org/vendor/laravel/framework/src/Illuminate/Session/Middleware/StartSession.php(121): Illuminate\\Pipeline\\Pipeline->Illuminate\\Pipeline\\{closure}()
#35 /www/wwwroot/demo.medace.org/vendor/laravel/framework/src/Illuminate/Session/Middleware/StartSession.php(64): Illuminate\\Session\\Middleware\\StartSession->handleStatefulRequest()
#36 /www/wwwroot/demo.medace.org/vendor/laravel/framework/src/Illuminate/Pipeline/Pipeline.php(180): Illuminate\\Session\\Middleware\\StartSession->handle()
#37 /www/wwwroot/demo.medace.org/vendor/laravel/framework/src/Illuminate/Cookie/Middleware/AddQueuedCookiesToResponse.php(37): Illuminate\\Pipeline\\Pipeline->Illuminate\\Pipeline\\{closure}()
#38 /www/wwwroot/demo.medace.org/vendor/laravel/framework/src/Illuminate/Pipeline/Pipeline.php(180): Illuminate\\Cookie\\Middleware\\AddQueuedCookiesToResponse->handle()
#39 /www/wwwroot/demo.medace.org/vendor/laravel/framework/src/Illuminate/Cookie/Middleware/EncryptCookies.php(67): Illuminate\\Pipeline\\Pipeline->Illuminate\\Pipeline\\{closure}()
#40 /www/wwwroot/demo.medace.org/vendor/laravel/framework/src/Illuminate/Pipeline/Pipeline.php(180): Illuminate\\Cookie\\Middleware\\EncryptCookies->handle()
#41 /www/wwwroot/demo.medace.org/vendor/laravel/framework/src/Illuminate/Pipeline/Pipeline.php(116): Illuminate\\Pipeline\\Pipeline->Illuminate\\Pipeline\\{closure}()
#42 /www/wwwroot/demo.medace.org/vendor/laravel/framework/src/Illuminate/Routing/Router.php(799): Illuminate\\Pipeline\\Pipeline->then()
#43 /www/wwwroot/demo.medace.org/vendor/laravel/framework/src/Illuminate/Routing/Router.php(776): Illuminate\\Routing\\Router->runRouteWithinStack()
#44 /www/wwwroot/demo.medace.org/vendor/laravel/framework/src/Illuminate/Routing/Router.php(740): Illuminate\\Routing\\Router->runRoute()
#45 /www/wwwroot/demo.medace.org/vendor/laravel/framework/src/Illuminate/Routing/Router.php(729): Illuminate\\Routing\\Router->dispatchToRoute()
#46 /www/wwwroot/demo.medace.org/vendor/laravel/framework/src/Illuminate/Foundation/Http/Kernel.php(190): Illuminate\\Routing\\Router->dispatch()
#47 /www/wwwroot/demo.medace.org/vendor/laravel/framework/src/Illuminate/Pipeline/Pipeline.php(141): Illuminate\\Foundation\\Http\\Kernel->Illuminate\\Foundation\\Http\\{closure}()
#48 /www/wwwroot/demo.medace.org/vendor/barryvdh/laravel-debugbar/src/Middleware/InjectDebugbar.php(66): Illuminate\\Pipeline\\Pipeline->Illuminate\\Pipeline\\{closure}()
#49 /www/wwwroot/demo.medace.org/vendor/laravel/framework/src/Illuminate/Pipeline/Pipeline.php(180): Barryvdh\\Debugbar\\Middleware\\InjectDebugbar->handle()
#50 /www/wwwroot/demo.medace.org/vendor/laravel/framework/src/Illuminate/Foundation/Http/Middleware/TransformsRequest.php(21): Illuminate\\Pipeline\\Pipeline->Illuminate\\Pipeline\\{closure}()
#51 /www/wwwroot/demo.medace.org/vendor/laravel/framework/src/Illuminate/Foundation/Http/Middleware/ConvertEmptyStringsToNull.php(31): Illuminate\\Foundation\\Http\\Middleware\\TransformsRequest->handle()
#52 /www/wwwroot/demo.medace.org/vendor/laravel/framework/src/Illuminate/Pipeline/Pipeline.php(180): Illuminate\\Foundation\\Http\\Middleware\\ConvertEmptyStringsToNull->handle()
#53 /www/wwwroot/demo.medace.org/vendor/laravel/framework/src/Illuminate/Foundation/Http/Middleware/TransformsRequest.php(21): Illuminate\\Pipeline\\Pipeline->Illuminate\\Pipeline\\{closure}()
#54 /www/wwwroot/demo.medace.org/vendor/laravel/framework/src/Illuminate/Foundation/Http/Middleware/TrimStrings.php(40): Illuminate\\Foundation\\Http\\Middleware\\TransformsRequest->handle()
#55 /www/wwwroot/demo.medace.org/vendor/laravel/framework/src/Illuminate/Pipeline/Pipeline.php(180): Illuminate\\Foundation\\Http\\Middleware\\TrimStrings->handle()
#56 /www/wwwroot/demo.medace.org/vendor/laravel/framework/src/Illuminate/Foundation/Http/Middleware/ValidatePostSize.php(27): Illuminate\\Pipeline\\Pipeline->Illuminate\\Pipeline\\{closure}()
#57 /www/wwwroot/demo.medace.org/vendor/laravel/framework/src/Illuminate/Pipeline/Pipeline.php(180): Illuminate\\Foundation\\Http\\Middleware\\ValidatePostSize->handle()
#58 /www/wwwroot/demo.medace.org/vendor/laravel/framework/src/Illuminate/Foundation/Http/Middleware/PreventRequestsDuringMaintenance.php(86): Illuminate\\Pipeline\\Pipeline->Illuminate\\Pipeline\\{closure}()
#59 /www/wwwroot/demo.medace.org/vendor/laravel/framework/src/Illuminate/Pipeline/Pipeline.php(180): Illuminate\\Foundation\\Http\\Middleware\\PreventRequestsDuringMaintenance->handle()
#60 /www/wwwroot/demo.medace.org/vendor/fruitcake/laravel-cors/src/HandleCors.php(38): Illuminate\\Pipeline\\Pipeline->Illuminate\\Pipeline\\{closure}()
#61 /www/wwwroot/demo.medace.org/vendor/laravel/framework/src/Illuminate/Pipeline/Pipeline.php(180): Fruitcake\\Cors\\HandleCors->handle()
#62 /www/wwwroot/demo.medace.org/vendor/laravel/framework/src/Illuminate/Http/Middleware/TrustProxies.php(39): Illuminate\\Pipeline\\Pipeline->Illuminate\\Pipeline\\{closure}()
#63 /www/wwwroot/demo.medace.org/vendor/laravel/framework/src/Illuminate/Pipeline/Pipeline.php(180): Illuminate\\Http\\Middleware\\TrustProxies->handle()
#64 /www/wwwroot/demo.medace.org/vendor/laravel/framework/src/Illuminate/Pipeline/Pipeline.php(116): Illuminate\\Pipeline\\Pipeline->Illuminate\\Pipeline\\{closure}()
#65 /www/wwwroot/demo.medace.org/vendor/laravel/framework/src/Illuminate/Foundation/Http/Kernel.php(165): Illuminate\\Pipeline\\Pipeline->then()
#66 /www/wwwroot/demo.medace.org/vendor/laravel/framework/src/Illuminate/Foundation/Http/Kernel.php(134): Illuminate\\Foundation\\Http\\Kernel->sendRequestThroughRouter()
#67 /www/wwwroot/demo.medace.org/public/index.php(52): Illuminate\\Foundation\\Http\\Kernel->handle()
#68 {main}
"} 
[2025-04-16 11:59:19] production.ERROR: file_exists(): open_basedir restriction in effect. File(/fonts/OpenSans-Regular.ttf) is not within the allowed path(s): (/www/wwwroot/demo.medace.org/:/tmp/) {"userId":1049,"exception":"[object] (ErrorException(code: 0): file_exists(): open_basedir restriction in effect. File(/fonts/OpenSans-Regular.ttf) is not within the allowed path(s): (/www/wwwroot/demo.medace.org/:/tmp/) at /www/wwwroot/demo.medace.org/vendor/lasserafn/php-initial-avatar-generator/src/InitialAvatar.php:739)
[stacktrace]
#0 /www/wwwroot/demo.medace.org/vendor/laravel/framework/src/Illuminate/Foundation/Bootstrap/HandleExceptions.php(270): Illuminate\\Foundation\\Bootstrap\\HandleExceptions->handleError()
#1 [internal function]: Illuminate\\Foundation\\Bootstrap\\HandleExceptions->Illuminate\\Foundation\\Bootstrap\\{closure}()
#2 /www/wwwroot/demo.medace.org/vendor/lasserafn/php-initial-avatar-generator/src/InitialAvatar.php(739): file_exists()
#3 /www/wwwroot/demo.medace.org/vendor/lasserafn/php-initial-avatar-generator/src/InitialAvatar.php(644): LasseRafn\\InitialAvatarGenerator\\InitialAvatar->findFontFile()
#4 /www/wwwroot/demo.medace.org/vendor/lasserafn/php-initial-avatar-generator/src/InitialAvatar.php(401): LasseRafn\\InitialAvatarGenerator\\InitialAvatar->makeAvatar()
#5 /www/wwwroot/demo.medace.org/app/Http/Controllers/Web/DefaultAvatarController.php(39): LasseRafn\\InitialAvatarGenerator\\InitialAvatar->generate()
#6 /www/wwwroot/demo.medace.org/vendor/laravel/framework/src/Illuminate/Routing/Controller.php(54): App\\Http\\Controllers\\Web\\DefaultAvatarController->make()
#7 /www/wwwroot/demo.medace.org/vendor/laravel/framework/src/Illuminate/Routing/ControllerDispatcher.php(43): Illuminate\\Routing\\Controller->callAction()
#8 /www/wwwroot/demo.medace.org/vendor/laravel/framework/src/Illuminate/Routing/Route.php(260): Illuminate\\Routing\\ControllerDispatcher->dispatch()
#9 /www/wwwroot/demo.medace.org/vendor/laravel/framework/src/Illuminate/Routing/Route.php(205): Illuminate\\Routing\\Route->runController()
#10 /www/wwwroot/demo.medace.org/vendor/laravel/framework/src/Illuminate/Routing/Router.php(798): Illuminate\\Routing\\Route->run()
#11 /www/wwwroot/demo.medace.org/vendor/laravel/framework/src/Illuminate/Pipeline/Pipeline.php(141): Illuminate\\Routing\\Router->Illuminate\\Routing\\{closure}()
#12 /www/wwwroot/demo.medace.org/app/Http/Middleware/CheckRestriction.php(34): Illuminate\\Pipeline\\Pipeline->Illuminate\\Pipeline\\{closure}()
#13 /www/wwwroot/demo.medace.org/vendor/laravel/framework/src/Illuminate/Pipeline/Pipeline.php(180): App\\Http\\Middleware\\CheckRestriction->handle()
#14 /www/wwwroot/demo.medace.org/app/Http/Middleware/CheckMaintenance.php(37): Illuminate\\Pipeline\\Pipeline->Illuminate\\Pipeline\\{closure}()
#15 /www/wwwroot/demo.medace.org/vendor/laravel/framework/src/Illuminate/Pipeline/Pipeline.php(180): App\\Http\\Middleware\\CheckMaintenance->handle()
#16 /www/wwwroot/demo.medace.org/app/Http/Middleware/Share.php(90): Illuminate\\Pipeline\\Pipeline->Illuminate\\Pipeline\\{closure}()
#17 /www/wwwroot/demo.medace.org/vendor/laravel/framework/src/Illuminate/Pipeline/Pipeline.php(180): App\\Http\\Middleware\\Share->handle()
#18 /www/wwwroot/demo.medace.org/app/Http/Middleware/Impersonate.php(23): Illuminate\\Pipeline\\Pipeline->Illuminate\\Pipeline\\{closure}()
#19 /www/wwwroot/demo.medace.org/vendor/laravel/framework/src/Illuminate/Pipeline/Pipeline.php(180): App\\Http\\Middleware\\Impersonate->handle()
#20 /www/wwwroot/demo.medace.org/app/Http/Middleware/CheckMobileApp.php(25): Illuminate\\Pipeline\\Pipeline->Illuminate\\Pipeline\\{closure}()
#21 /www/wwwroot/demo.medace.org/vendor/laravel/framework/src/Illuminate/Pipeline/Pipeline.php(180): App\\Http\\Middleware\\CheckMobileApp->handle()
#22 /www/wwwroot/demo.medace.org/app/Http/Middleware/DebugBar.php(22): Illuminate\\Pipeline\\Pipeline->Illuminate\\Pipeline\\{closure}()
#23 /www/wwwroot/demo.medace.org/vendor/laravel/framework/src/Illuminate/Pipeline/Pipeline.php(180): App\\Http\\Middleware\\DebugBar->handle()
#24 /www/wwwroot/demo.medace.org/app/Http/Middleware/SessionValidity.php(36): Illuminate\\Pipeline\\Pipeline->Illuminate\\Pipeline\\{closure}()
#25 /www/wwwroot/demo.medace.org/vendor/laravel/framework/src/Illuminate/Pipeline/Pipeline.php(180): App\\Http\\Middleware\\SessionValidity->handle()
#26 /www/wwwroot/demo.medace.org/app/Http/Middleware/UserLocale.php(44): Illuminate\\Pipeline\\Pipeline->Illuminate\\Pipeline\\{closure}()
#27 /www/wwwroot/demo.medace.org/vendor/laravel/framework/src/Illuminate/Pipeline/Pipeline.php(180): App\\Http\\Middleware\\UserLocale->handle()
#28 /www/wwwroot/demo.medace.org/vendor/laravel/framework/src/Illuminate/Routing/Middleware/SubstituteBindings.php(50): Illuminate\\Pipeline\\Pipeline->Illuminate\\Pipeline\\{closure}()
#29 /www/wwwroot/demo.medace.org/vendor/laravel/framework/src/Illuminate/Pipeline/Pipeline.php(180): Illuminate\\Routing\\Middleware\\SubstituteBindings->handle()
#30 /www/wwwroot/demo.medace.org/vendor/laravel/framework/src/Illuminate/Foundation/Http/Middleware/VerifyCsrfToken.php(78): Illuminate\\Pipeline\\Pipeline->Illuminate\\Pipeline\\{closure}()
#31 /www/wwwroot/demo.medace.org/vendor/laravel/framework/src/Illuminate/Pipeline/Pipeline.php(180): Illuminate\\Foundation\\Http\\Middleware\\VerifyCsrfToken->handle()
#32 /www/wwwroot/demo.medace.org/vendor/laravel/framework/src/Illuminate/View/Middleware/ShareErrorsFromSession.php(49): Illuminate\\Pipeline\\Pipeline->Illuminate\\Pipeline\\{closure}()
#33 /www/wwwroot/demo.medace.org/vendor/laravel/framework/src/Illuminate/Pipeline/Pipeline.php(180): Illuminate\\View\\Middleware\\ShareErrorsFromSession->handle()
#34 /www/wwwroot/demo.medace.org/vendor/laravel/framework/src/Illuminate/Session/Middleware/StartSession.php(121): Illuminate\\Pipeline\\Pipeline->Illuminate\\Pipeline\\{closure}()
#35 /www/wwwroot/demo.medace.org/vendor/laravel/framework/src/Illuminate/Session/Middleware/StartSession.php(64): Illuminate\\Session\\Middleware\\StartSession->handleStatefulRequest()
#36 /www/wwwroot/demo.medace.org/vendor/laravel/framework/src/Illuminate/Pipeline/Pipeline.php(180): Illuminate\\Session\\Middleware\\StartSession->handle()
#37 /www/wwwroot/demo.medace.org/vendor/laravel/framework/src/Illuminate/Cookie/Middleware/AddQueuedCookiesToResponse.php(37): Illuminate\\Pipeline\\Pipeline->Illuminate\\Pipeline\\{closure}()
#38 /www/wwwroot/demo.medace.org/vendor/laravel/framework/src/Illuminate/Pipeline/Pipeline.php(180): Illuminate\\Cookie\\Middleware\\AddQueuedCookiesToResponse->handle()
#39 /www/wwwroot/demo.medace.org/vendor/laravel/framework/src/Illuminate/Cookie/Middleware/EncryptCookies.php(67): Illuminate\\Pipeline\\Pipeline->Illuminate\\Pipeline\\{closure}()
#40 /www/wwwroot/demo.medace.org/vendor/laravel/framework/src/Illuminate/Pipeline/Pipeline.php(180): Illuminate\\Cookie\\Middleware\\EncryptCookies->handle()
#41 /www/wwwroot/demo.medace.org/vendor/laravel/framework/src/Illuminate/Pipeline/Pipeline.php(116): Illuminate\\Pipeline\\Pipeline->Illuminate\\Pipeline\\{closure}()
#42 /www/wwwroot/demo.medace.org/vendor/laravel/framework/src/Illuminate/Routing/Router.php(799): Illuminate\\Pipeline\\Pipeline->then()
#43 /www/wwwroot/demo.medace.org/vendor/laravel/framework/src/Illuminate/Routing/Router.php(776): Illuminate\\Routing\\Router->runRouteWithinStack()
#44 /www/wwwroot/demo.medace.org/vendor/laravel/framework/src/Illuminate/Routing/Router.php(740): Illuminate\\Routing\\Router->runRoute()
#45 /www/wwwroot/demo.medace.org/vendor/laravel/framework/src/Illuminate/Routing/Router.php(729): Illuminate\\Routing\\Router->dispatchToRoute()
#46 /www/wwwroot/demo.medace.org/vendor/laravel/framework/src/Illuminate/Foundation/Http/Kernel.php(190): Illuminate\\Routing\\Router->dispatch()
#47 /www/wwwroot/demo.medace.org/vendor/laravel/framework/src/Illuminate/Pipeline/Pipeline.php(141): Illuminate\\Foundation\\Http\\Kernel->Illuminate\\Foundation\\Http\\{closure}()
#48 /www/wwwroot/demo.medace.org/vendor/barryvdh/laravel-debugbar/src/Middleware/InjectDebugbar.php(66): Illuminate\\Pipeline\\Pipeline->Illuminate\\Pipeline\\{closure}()
#49 /www/wwwroot/demo.medace.org/vendor/laravel/framework/src/Illuminate/Pipeline/Pipeline.php(180): Barryvdh\\Debugbar\\Middleware\\InjectDebugbar->handle()
#50 /www/wwwroot/demo.medace.org/vendor/laravel/framework/src/Illuminate/Foundation/Http/Middleware/TransformsRequest.php(21): Illuminate\\Pipeline\\Pipeline->Illuminate\\Pipeline\\{closure}()
#51 /www/wwwroot/demo.medace.org/vendor/laravel/framework/src/Illuminate/Foundation/Http/Middleware/ConvertEmptyStringsToNull.php(31): Illuminate\\Foundation\\Http\\Middleware\\TransformsRequest->handle()
#52 /www/wwwroot/demo.medace.org/vendor/laravel/framework/src/Illuminate/Pipeline/Pipeline.php(180): Illuminate\\Foundation\\Http\\Middleware\\ConvertEmptyStringsToNull->handle()
#53 /www/wwwroot/demo.medace.org/vendor/laravel/framework/src/Illuminate/Foundation/Http/Middleware/TransformsRequest.php(21): Illuminate\\Pipeline\\Pipeline->Illuminate\\Pipeline\\{closure}()
#54 /www/wwwroot/demo.medace.org/vendor/laravel/framework/src/Illuminate/Foundation/Http/Middleware/TrimStrings.php(40): Illuminate\\Foundation\\Http\\Middleware\\TransformsRequest->handle()
#55 /www/wwwroot/demo.medace.org/vendor/laravel/framework/src/Illuminate/Pipeline/Pipeline.php(180): Illuminate\\Foundation\\Http\\Middleware\\TrimStrings->handle()
#56 /www/wwwroot/demo.medace.org/vendor/laravel/framework/src/Illuminate/Foundation/Http/Middleware/ValidatePostSize.php(27): Illuminate\\Pipeline\\Pipeline->Illuminate\\Pipeline\\{closure}()
#57 /www/wwwroot/demo.medace.org/vendor/laravel/framework/src/Illuminate/Pipeline/Pipeline.php(180): Illuminate\\Foundation\\Http\\Middleware\\ValidatePostSize->handle()
#58 /www/wwwroot/demo.medace.org/vendor/laravel/framework/src/Illuminate/Foundation/Http/Middleware/PreventRequestsDuringMaintenance.php(86): Illuminate\\Pipeline\\Pipeline->Illuminate\\Pipeline\\{closure}()
#59 /www/wwwroot/demo.medace.org/vendor/laravel/framework/src/Illuminate/Pipeline/Pipeline.php(180): Illuminate\\Foundation\\Http\\Middleware\\PreventRequestsDuringMaintenance->handle()
#60 /www/wwwroot/demo.medace.org/vendor/fruitcake/laravel-cors/src/HandleCors.php(38): Illuminate\\Pipeline\\Pipeline->Illuminate\\Pipeline\\{closure}()
#61 /www/wwwroot/demo.medace.org/vendor/laravel/framework/src/Illuminate/Pipeline/Pipeline.php(180): Fruitcake\\Cors\\HandleCors->handle()
#62 /www/wwwroot/demo.medace.org/vendor/laravel/framework/src/Illuminate/Http/Middleware/TrustProxies.php(39): Illuminate\\Pipeline\\Pipeline->Illuminate\\Pipeline\\{closure}()
#63 /www/wwwroot/demo.medace.org/vendor/laravel/framework/src/Illuminate/Pipeline/Pipeline.php(180): Illuminate\\Http\\Middleware\\TrustProxies->handle()
#64 /www/wwwroot/demo.medace.org/vendor/laravel/framework/src/Illuminate/Pipeline/Pipeline.php(116): Illuminate\\Pipeline\\Pipeline->Illuminate\\Pipeline\\{closure}()
#65 /www/wwwroot/demo.medace.org/vendor/laravel/framework/src/Illuminate/Foundation/Http/Kernel.php(165): Illuminate\\Pipeline\\Pipeline->then()
#66 /www/wwwroot/demo.medace.org/vendor/laravel/framework/src/Illuminate/Foundation/Http/Kernel.php(134): Illuminate\\Foundation\\Http\\Kernel->sendRequestThroughRouter()
#67 /www/wwwroot/demo.medace.org/public/index.php(52): Illuminate\\Foundation\\Http\\Kernel->handle()
#68 {main}
"} 
[2025-04-16 11:59:22] production.ERROR: file_exists(): open_basedir restriction in effect. File(/fonts/OpenSans-Regular.ttf) is not within the allowed path(s): (/www/wwwroot/demo.medace.org/:/tmp/) {"userId":1049,"exception":"[object] (ErrorException(code: 0): file_exists(): open_basedir restriction in effect. File(/fonts/OpenSans-Regular.ttf) is not within the allowed path(s): (/www/wwwroot/demo.medace.org/:/tmp/) at /www/wwwroot/demo.medace.org/vendor/lasserafn/php-initial-avatar-generator/src/InitialAvatar.php:739)
[stacktrace]
#0 /www/wwwroot/demo.medace.org/vendor/laravel/framework/src/Illuminate/Foundation/Bootstrap/HandleExceptions.php(270): Illuminate\\Foundation\\Bootstrap\\HandleExceptions->handleError()
#1 [internal function]: Illuminate\\Foundation\\Bootstrap\\HandleExceptions->Illuminate\\Foundation\\Bootstrap\\{closure}()
#2 /www/wwwroot/demo.medace.org/vendor/lasserafn/php-initial-avatar-generator/src/InitialAvatar.php(739): file_exists()
#3 /www/wwwroot/demo.medace.org/vendor/lasserafn/php-initial-avatar-generator/src/InitialAvatar.php(644): LasseRafn\\InitialAvatarGenerator\\InitialAvatar->findFontFile()
#4 /www/wwwroot/demo.medace.org/vendor/lasserafn/php-initial-avatar-generator/src/InitialAvatar.php(401): LasseRafn\\InitialAvatarGenerator\\InitialAvatar->makeAvatar()
#5 /www/wwwroot/demo.medace.org/app/Http/Controllers/Web/DefaultAvatarController.php(39): LasseRafn\\InitialAvatarGenerator\\InitialAvatar->generate()
#6 /www/wwwroot/demo.medace.org/vendor/laravel/framework/src/Illuminate/Routing/Controller.php(54): App\\Http\\Controllers\\Web\\DefaultAvatarController->make()
#7 /www/wwwroot/demo.medace.org/vendor/laravel/framework/src/Illuminate/Routing/ControllerDispatcher.php(43): Illuminate\\Routing\\Controller->callAction()
#8 /www/wwwroot/demo.medace.org/vendor/laravel/framework/src/Illuminate/Routing/Route.php(260): Illuminate\\Routing\\ControllerDispatcher->dispatch()
#9 /www/wwwroot/demo.medace.org/vendor/laravel/framework/src/Illuminate/Routing/Route.php(205): Illuminate\\Routing\\Route->runController()
#10 /www/wwwroot/demo.medace.org/vendor/laravel/framework/src/Illuminate/Routing/Router.php(798): Illuminate\\Routing\\Route->run()
#11 /www/wwwroot/demo.medace.org/vendor/laravel/framework/src/Illuminate/Pipeline/Pipeline.php(141): Illuminate\\Routing\\Router->Illuminate\\Routing\\{closure}()
#12 /www/wwwroot/demo.medace.org/app/Http/Middleware/CheckRestriction.php(34): Illuminate\\Pipeline\\Pipeline->Illuminate\\Pipeline\\{closure}()
#13 /www/wwwroot/demo.medace.org/vendor/laravel/framework/src/Illuminate/Pipeline/Pipeline.php(180): App\\Http\\Middleware\\CheckRestriction->handle()
#14 /www/wwwroot/demo.medace.org/app/Http/Middleware/CheckMaintenance.php(37): Illuminate\\Pipeline\\Pipeline->Illuminate\\Pipeline\\{closure}()
#15 /www/wwwroot/demo.medace.org/vendor/laravel/framework/src/Illuminate/Pipeline/Pipeline.php(180): App\\Http\\Middleware\\CheckMaintenance->handle()
#16 /www/wwwroot/demo.medace.org/app/Http/Middleware/Share.php(90): Illuminate\\Pipeline\\Pipeline->Illuminate\\Pipeline\\{closure}()
#17 /www/wwwroot/demo.medace.org/vendor/laravel/framework/src/Illuminate/Pipeline/Pipeline.php(180): App\\Http\\Middleware\\Share->handle()
#18 /www/wwwroot/demo.medace.org/app/Http/Middleware/Impersonate.php(23): Illuminate\\Pipeline\\Pipeline->Illuminate\\Pipeline\\{closure}()
#19 /www/wwwroot/demo.medace.org/vendor/laravel/framework/src/Illuminate/Pipeline/Pipeline.php(180): App\\Http\\Middleware\\Impersonate->handle()
#20 /www/wwwroot/demo.medace.org/app/Http/Middleware/CheckMobileApp.php(25): Illuminate\\Pipeline\\Pipeline->Illuminate\\Pipeline\\{closure}()
#21 /www/wwwroot/demo.medace.org/vendor/laravel/framework/src/Illuminate/Pipeline/Pipeline.php(180): App\\Http\\Middleware\\CheckMobileApp->handle()
#22 /www/wwwroot/demo.medace.org/app/Http/Middleware/DebugBar.php(22): Illuminate\\Pipeline\\Pipeline->Illuminate\\Pipeline\\{closure}()
#23 /www/wwwroot/demo.medace.org/vendor/laravel/framework/src/Illuminate/Pipeline/Pipeline.php(180): App\\Http\\Middleware\\DebugBar->handle()
#24 /www/wwwroot/demo.medace.org/app/Http/Middleware/SessionValidity.php(36): Illuminate\\Pipeline\\Pipeline->Illuminate\\Pipeline\\{closure}()
#25 /www/wwwroot/demo.medace.org/vendor/laravel/framework/src/Illuminate/Pipeline/Pipeline.php(180): App\\Http\\Middleware\\SessionValidity->handle()
#26 /www/wwwroot/demo.medace.org/app/Http/Middleware/UserLocale.php(44): Illuminate\\Pipeline\\Pipeline->Illuminate\\Pipeline\\{closure}()
#27 /www/wwwroot/demo.medace.org/vendor/laravel/framework/src/Illuminate/Pipeline/Pipeline.php(180): App\\Http\\Middleware\\UserLocale->handle()
#28 /www/wwwroot/demo.medace.org/vendor/laravel/framework/src/Illuminate/Routing/Middleware/SubstituteBindings.php(50): Illuminate\\Pipeline\\Pipeline->Illuminate\\Pipeline\\{closure}()
#29 /www/wwwroot/demo.medace.org/vendor/laravel/framework/src/Illuminate/Pipeline/Pipeline.php(180): Illuminate\\Routing\\Middleware\\SubstituteBindings->handle()
#30 /www/wwwroot/demo.medace.org/vendor/laravel/framework/src/Illuminate/Foundation/Http/Middleware/VerifyCsrfToken.php(78): Illuminate\\Pipeline\\Pipeline->Illuminate\\Pipeline\\{closure}()
#31 /www/wwwroot/demo.medace.org/vendor/laravel/framework/src/Illuminate/Pipeline/Pipeline.php(180): Illuminate\\Foundation\\Http\\Middleware\\VerifyCsrfToken->handle()
#32 /www/wwwroot/demo.medace.org/vendor/laravel/framework/src/Illuminate/View/Middleware/ShareErrorsFromSession.php(49): Illuminate\\Pipeline\\Pipeline->Illuminate\\Pipeline\\{closure}()
#33 /www/wwwroot/demo.medace.org/vendor/laravel/framework/src/Illuminate/Pipeline/Pipeline.php(180): Illuminate\\View\\Middleware\\ShareErrorsFromSession->handle()
#34 /www/wwwroot/demo.medace.org/vendor/laravel/framework/src/Illuminate/Session/Middleware/StartSession.php(121): Illuminate\\Pipeline\\Pipeline->Illuminate\\Pipeline\\{closure}()
#35 /www/wwwroot/demo.medace.org/vendor/laravel/framework/src/Illuminate/Session/Middleware/StartSession.php(64): Illuminate\\Session\\Middleware\\StartSession->handleStatefulRequest()
#36 /www/wwwroot/demo.medace.org/vendor/laravel/framework/src/Illuminate/Pipeline/Pipeline.php(180): Illuminate\\Session\\Middleware\\StartSession->handle()
#37 /www/wwwroot/demo.medace.org/vendor/laravel/framework/src/Illuminate/Cookie/Middleware/AddQueuedCookiesToResponse.php(37): Illuminate\\Pipeline\\Pipeline->Illuminate\\Pipeline\\{closure}()
#38 /www/wwwroot/demo.medace.org/vendor/laravel/framework/src/Illuminate/Pipeline/Pipeline.php(180): Illuminate\\Cookie\\Middleware\\AddQueuedCookiesToResponse->handle()
#39 /www/wwwroot/demo.medace.org/vendor/laravel/framework/src/Illuminate/Cookie/Middleware/EncryptCookies.php(67): Illuminate\\Pipeline\\Pipeline->Illuminate\\Pipeline\\{closure}()
#40 /www/wwwroot/demo.medace.org/vendor/laravel/framework/src/Illuminate/Pipeline/Pipeline.php(180): Illuminate\\Cookie\\Middleware\\EncryptCookies->handle()
#41 /www/wwwroot/demo.medace.org/vendor/laravel/framework/src/Illuminate/Pipeline/Pipeline.php(116): Illuminate\\Pipeline\\Pipeline->Illuminate\\Pipeline\\{closure}()
#42 /www/wwwroot/demo.medace.org/vendor/laravel/framework/src/Illuminate/Routing/Router.php(799): Illuminate\\Pipeline\\Pipeline->then()
#43 /www/wwwroot/demo.medace.org/vendor/laravel/framework/src/Illuminate/Routing/Router.php(776): Illuminate\\Routing\\Router->runRouteWithinStack()
#44 /www/wwwroot/demo.medace.org/vendor/laravel/framework/src/Illuminate/Routing/Router.php(740): Illuminate\\Routing\\Router->runRoute()
#45 /www/wwwroot/demo.medace.org/vendor/laravel/framework/src/Illuminate/Routing/Router.php(729): Illuminate\\Routing\\Router->dispatchToRoute()
#46 /www/wwwroot/demo.medace.org/vendor/laravel/framework/src/Illuminate/Foundation/Http/Kernel.php(190): Illuminate\\Routing\\Router->dispatch()
#47 /www/wwwroot/demo.medace.org/vendor/laravel/framework/src/Illuminate/Pipeline/Pipeline.php(141): Illuminate\\Foundation\\Http\\Kernel->Illuminate\\Foundation\\Http\\{closure}()
#48 /www/wwwroot/demo.medace.org/vendor/barryvdh/laravel-debugbar/src/Middleware/InjectDebugbar.php(66): Illuminate\\Pipeline\\Pipeline->Illuminate\\Pipeline\\{closure}()
#49 /www/wwwroot/demo.medace.org/vendor/laravel/framework/src/Illuminate/Pipeline/Pipeline.php(180): Barryvdh\\Debugbar\\Middleware\\InjectDebugbar->handle()
#50 /www/wwwroot/demo.medace.org/vendor/laravel/framework/src/Illuminate/Foundation/Http/Middleware/TransformsRequest.php(21): Illuminate\\Pipeline\\Pipeline->Illuminate\\Pipeline\\{closure}()
#51 /www/wwwroot/demo.medace.org/vendor/laravel/framework/src/Illuminate/Foundation/Http/Middleware/ConvertEmptyStringsToNull.php(31): Illuminate\\Foundation\\Http\\Middleware\\TransformsRequest->handle()
#52 /www/wwwroot/demo.medace.org/vendor/laravel/framework/src/Illuminate/Pipeline/Pipeline.php(180): Illuminate\\Foundation\\Http\\Middleware\\ConvertEmptyStringsToNull->handle()
#53 /www/wwwroot/demo.medace.org/vendor/laravel/framework/src/Illuminate/Foundation/Http/Middleware/TransformsRequest.php(21): Illuminate\\Pipeline\\Pipeline->Illuminate\\Pipeline\\{closure}()
#54 /www/wwwroot/demo.medace.org/vendor/laravel/framework/src/Illuminate/Foundation/Http/Middleware/TrimStrings.php(40): Illuminate\\Foundation\\Http\\Middleware\\TransformsRequest->handle()
#55 /www/wwwroot/demo.medace.org/vendor/laravel/framework/src/Illuminate/Pipeline/Pipeline.php(180): Illuminate\\Foundation\\Http\\Middleware\\TrimStrings->handle()
#56 /www/wwwroot/demo.medace.org/vendor/laravel/framework/src/Illuminate/Foundation/Http/Middleware/ValidatePostSize.php(27): Illuminate\\Pipeline\\Pipeline->Illuminate\\Pipeline\\{closure}()
#57 /www/wwwroot/demo.medace.org/vendor/laravel/framework/src/Illuminate/Pipeline/Pipeline.php(180): Illuminate\\Foundation\\Http\\Middleware\\ValidatePostSize->handle()
#58 /www/wwwroot/demo.medace.org/vendor/laravel/framework/src/Illuminate/Foundation/Http/Middleware/PreventRequestsDuringMaintenance.php(86): Illuminate\\Pipeline\\Pipeline->Illuminate\\Pipeline\\{closure}()
#59 /www/wwwroot/demo.medace.org/vendor/laravel/framework/src/Illuminate/Pipeline/Pipeline.php(180): Illuminate\\Foundation\\Http\\Middleware\\PreventRequestsDuringMaintenance->handle()
#60 /www/wwwroot/demo.medace.org/vendor/fruitcake/laravel-cors/src/HandleCors.php(38): Illuminate\\Pipeline\\Pipeline->Illuminate\\Pipeline\\{closure}()
#61 /www/wwwroot/demo.medace.org/vendor/laravel/framework/src/Illuminate/Pipeline/Pipeline.php(180): Fruitcake\\Cors\\HandleCors->handle()
#62 /www/wwwroot/demo.medace.org/vendor/laravel/framework/src/Illuminate/Http/Middleware/TrustProxies.php(39): Illuminate\\Pipeline\\Pipeline->Illuminate\\Pipeline\\{closure}()
#63 /www/wwwroot/demo.medace.org/vendor/laravel/framework/src/Illuminate/Pipeline/Pipeline.php(180): Illuminate\\Http\\Middleware\\TrustProxies->handle()
#64 /www/wwwroot/demo.medace.org/vendor/laravel/framework/src/Illuminate/Pipeline/Pipeline.php(116): Illuminate\\Pipeline\\Pipeline->Illuminate\\Pipeline\\{closure}()
#65 /www/wwwroot/demo.medace.org/vendor/laravel/framework/src/Illuminate/Foundation/Http/Kernel.php(165): Illuminate\\Pipeline\\Pipeline->then()
#66 /www/wwwroot/demo.medace.org/vendor/laravel/framework/src/Illuminate/Foundation/Http/Kernel.php(134): Illuminate\\Foundation\\Http\\Kernel->sendRequestThroughRouter()
#67 /www/wwwroot/demo.medace.org/public/index.php(52): Illuminate\\Foundation\\Http\\Kernel->handle()
#68 {main}
"} 
[2025-04-16 11:59:24] production.ERROR: file_exists(): open_basedir restriction in effect. File(/fonts/OpenSans-Regular.ttf) is not within the allowed path(s): (/www/wwwroot/demo.medace.org/:/tmp/) {"userId":1049,"exception":"[object] (ErrorException(code: 0): file_exists(): open_basedir restriction in effect. File(/fonts/OpenSans-Regular.ttf) is not within the allowed path(s): (/www/wwwroot/demo.medace.org/:/tmp/) at /www/wwwroot/demo.medace.org/vendor/lasserafn/php-initial-avatar-generator/src/InitialAvatar.php:739)
[stacktrace]
#0 /www/wwwroot/demo.medace.org/vendor/laravel/framework/src/Illuminate/Foundation/Bootstrap/HandleExceptions.php(270): Illuminate\\Foundation\\Bootstrap\\HandleExceptions->handleError()
#1 [internal function]: Illuminate\\Foundation\\Bootstrap\\HandleExceptions->Illuminate\\Foundation\\Bootstrap\\{closure}()
#2 /www/wwwroot/demo.medace.org/vendor/lasserafn/php-initial-avatar-generator/src/InitialAvatar.php(739): file_exists()
#3 /www/wwwroot/demo.medace.org/vendor/lasserafn/php-initial-avatar-generator/src/InitialAvatar.php(644): LasseRafn\\InitialAvatarGenerator\\InitialAvatar->findFontFile()
#4 /www/wwwroot/demo.medace.org/vendor/lasserafn/php-initial-avatar-generator/src/InitialAvatar.php(401): LasseRafn\\InitialAvatarGenerator\\InitialAvatar->makeAvatar()
#5 /www/wwwroot/demo.medace.org/app/Http/Controllers/Web/DefaultAvatarController.php(39): LasseRafn\\InitialAvatarGenerator\\InitialAvatar->generate()
#6 /www/wwwroot/demo.medace.org/vendor/laravel/framework/src/Illuminate/Routing/Controller.php(54): App\\Http\\Controllers\\Web\\DefaultAvatarController->make()
#7 /www/wwwroot/demo.medace.org/vendor/laravel/framework/src/Illuminate/Routing/ControllerDispatcher.php(43): Illuminate\\Routing\\Controller->callAction()
#8 /www/wwwroot/demo.medace.org/vendor/laravel/framework/src/Illuminate/Routing/Route.php(260): Illuminate\\Routing\\ControllerDispatcher->dispatch()
#9 /www/wwwroot/demo.medace.org/vendor/laravel/framework/src/Illuminate/Routing/Route.php(205): Illuminate\\Routing\\Route->runController()
#10 /www/wwwroot/demo.medace.org/vendor/laravel/framework/src/Illuminate/Routing/Router.php(798): Illuminate\\Routing\\Route->run()
#11 /www/wwwroot/demo.medace.org/vendor/laravel/framework/src/Illuminate/Pipeline/Pipeline.php(141): Illuminate\\Routing\\Router->Illuminate\\Routing\\{closure}()
#12 /www/wwwroot/demo.medace.org/app/Http/Middleware/CheckRestriction.php(34): Illuminate\\Pipeline\\Pipeline->Illuminate\\Pipeline\\{closure}()
#13 /www/wwwroot/demo.medace.org/vendor/laravel/framework/src/Illuminate/Pipeline/Pipeline.php(180): App\\Http\\Middleware\\CheckRestriction->handle()
#14 /www/wwwroot/demo.medace.org/app/Http/Middleware/CheckMaintenance.php(37): Illuminate\\Pipeline\\Pipeline->Illuminate\\Pipeline\\{closure}()
#15 /www/wwwroot/demo.medace.org/vendor/laravel/framework/src/Illuminate/Pipeline/Pipeline.php(180): App\\Http\\Middleware\\CheckMaintenance->handle()
#16 /www/wwwroot/demo.medace.org/app/Http/Middleware/Share.php(90): Illuminate\\Pipeline\\Pipeline->Illuminate\\Pipeline\\{closure}()
#17 /www/wwwroot/demo.medace.org/vendor/laravel/framework/src/Illuminate/Pipeline/Pipeline.php(180): App\\Http\\Middleware\\Share->handle()
#18 /www/wwwroot/demo.medace.org/app/Http/Middleware/Impersonate.php(23): Illuminate\\Pipeline\\Pipeline->Illuminate\\Pipeline\\{closure}()
#19 /www/wwwroot/demo.medace.org/vendor/laravel/framework/src/Illuminate/Pipeline/Pipeline.php(180): App\\Http\\Middleware\\Impersonate->handle()
#20 /www/wwwroot/demo.medace.org/app/Http/Middleware/CheckMobileApp.php(25): Illuminate\\Pipeline\\Pipeline->Illuminate\\Pipeline\\{closure}()
#21 /www/wwwroot/demo.medace.org/vendor/laravel/framework/src/Illuminate/Pipeline/Pipeline.php(180): App\\Http\\Middleware\\CheckMobileApp->handle()
#22 /www/wwwroot/demo.medace.org/app/Http/Middleware/DebugBar.php(22): Illuminate\\Pipeline\\Pipeline->Illuminate\\Pipeline\\{closure}()
#23 /www/wwwroot/demo.medace.org/vendor/laravel/framework/src/Illuminate/Pipeline/Pipeline.php(180): App\\Http\\Middleware\\DebugBar->handle()
#24 /www/wwwroot/demo.medace.org/app/Http/Middleware/SessionValidity.php(36): Illuminate\\Pipeline\\Pipeline->Illuminate\\Pipeline\\{closure}()
#25 /www/wwwroot/demo.medace.org/vendor/laravel/framework/src/Illuminate/Pipeline/Pipeline.php(180): App\\Http\\Middleware\\SessionValidity->handle()
#26 /www/wwwroot/demo.medace.org/app/Http/Middleware/UserLocale.php(44): Illuminate\\Pipeline\\Pipeline->Illuminate\\Pipeline\\{closure}()
#27 /www/wwwroot/demo.medace.org/vendor/laravel/framework/src/Illuminate/Pipeline/Pipeline.php(180): App\\Http\\Middleware\\UserLocale->handle()
#28 /www/wwwroot/demo.medace.org/vendor/laravel/framework/src/Illuminate/Routing/Middleware/SubstituteBindings.php(50): Illuminate\\Pipeline\\Pipeline->Illuminate\\Pipeline\\{closure}()
#29 /www/wwwroot/demo.medace.org/vendor/laravel/framework/src/Illuminate/Pipeline/Pipeline.php(180): Illuminate\\Routing\\Middleware\\SubstituteBindings->handle()
#30 /www/wwwroot/demo.medace.org/vendor/laravel/framework/src/Illuminate/Foundation/Http/Middleware/VerifyCsrfToken.php(78): Illuminate\\Pipeline\\Pipeline->Illuminate\\Pipeline\\{closure}()
#31 /www/wwwroot/demo.medace.org/vendor/laravel/framework/src/Illuminate/Pipeline/Pipeline.php(180): Illuminate\\Foundation\\Http\\Middleware\\VerifyCsrfToken->handle()
#32 /www/wwwroot/demo.medace.org/vendor/laravel/framework/src/Illuminate/View/Middleware/ShareErrorsFromSession.php(49): Illuminate\\Pipeline\\Pipeline->Illuminate\\Pipeline\\{closure}()
#33 /www/wwwroot/demo.medace.org/vendor/laravel/framework/src/Illuminate/Pipeline/Pipeline.php(180): Illuminate\\View\\Middleware\\ShareErrorsFromSession->handle()
#34 /www/wwwroot/demo.medace.org/vendor/laravel/framework/src/Illuminate/Session/Middleware/StartSession.php(121): Illuminate\\Pipeline\\Pipeline->Illuminate\\Pipeline\\{closure}()
#35 /www/wwwroot/demo.medace.org/vendor/laravel/framework/src/Illuminate/Session/Middleware/StartSession.php(64): Illuminate\\Session\\Middleware\\StartSession->handleStatefulRequest()
#36 /www/wwwroot/demo.medace.org/vendor/laravel/framework/src/Illuminate/Pipeline/Pipeline.php(180): Illuminate\\Session\\Middleware\\StartSession->handle()
#37 /www/wwwroot/demo.medace.org/vendor/laravel/framework/src/Illuminate/Cookie/Middleware/AddQueuedCookiesToResponse.php(37): Illuminate\\Pipeline\\Pipeline->Illuminate\\Pipeline\\{closure}()
#38 /www/wwwroot/demo.medace.org/vendor/laravel/framework/src/Illuminate/Pipeline/Pipeline.php(180): Illuminate\\Cookie\\Middleware\\AddQueuedCookiesToResponse->handle()
#39 /www/wwwroot/demo.medace.org/vendor/laravel/framework/src/Illuminate/Cookie/Middleware/EncryptCookies.php(67): Illuminate\\Pipeline\\Pipeline->Illuminate\\Pipeline\\{closure}()
#40 /www/wwwroot/demo.medace.org/vendor/laravel/framework/src/Illuminate/Pipeline/Pipeline.php(180): Illuminate\\Cookie\\Middleware\\EncryptCookies->handle()
#41 /www/wwwroot/demo.medace.org/vendor/laravel/framework/src/Illuminate/Pipeline/Pipeline.php(116): Illuminate\\Pipeline\\Pipeline->Illuminate\\Pipeline\\{closure}()
#42 /www/wwwroot/demo.medace.org/vendor/laravel/framework/src/Illuminate/Routing/Router.php(799): Illuminate\\Pipeline\\Pipeline->then()
#43 /www/wwwroot/demo.medace.org/vendor/laravel/framework/src/Illuminate/Routing/Router.php(776): Illuminate\\Routing\\Router->runRouteWithinStack()
#44 /www/wwwroot/demo.medace.org/vendor/laravel/framework/src/Illuminate/Routing/Router.php(740): Illuminate\\Routing\\Router->runRoute()
#45 /www/wwwroot/demo.medace.org/vendor/laravel/framework/src/Illuminate/Routing/Router.php(729): Illuminate\\Routing\\Router->dispatchToRoute()
#46 /www/wwwroot/demo.medace.org/vendor/laravel/framework/src/Illuminate/Foundation/Http/Kernel.php(190): Illuminate\\Routing\\Router->dispatch()
#47 /www/wwwroot/demo.medace.org/vendor/laravel/framework/src/Illuminate/Pipeline/Pipeline.php(141): Illuminate\\Foundation\\Http\\Kernel->Illuminate\\Foundation\\Http\\{closure}()
#48 /www/wwwroot/demo.medace.org/vendor/barryvdh/laravel-debugbar/src/Middleware/InjectDebugbar.php(66): Illuminate\\Pipeline\\Pipeline->Illuminate\\Pipeline\\{closure}()
#49 /www/wwwroot/demo.medace.org/vendor/laravel/framework/src/Illuminate/Pipeline/Pipeline.php(180): Barryvdh\\Debugbar\\Middleware\\InjectDebugbar->handle()
#50 /www/wwwroot/demo.medace.org/vendor/laravel/framework/src/Illuminate/Foundation/Http/Middleware/TransformsRequest.php(21): Illuminate\\Pipeline\\Pipeline->Illuminate\\Pipeline\\{closure}()
#51 /www/wwwroot/demo.medace.org/vendor/laravel/framework/src/Illuminate/Foundation/Http/Middleware/ConvertEmptyStringsToNull.php(31): Illuminate\\Foundation\\Http\\Middleware\\TransformsRequest->handle()
#52 /www/wwwroot/demo.medace.org/vendor/laravel/framework/src/Illuminate/Pipeline/Pipeline.php(180): Illuminate\\Foundation\\Http\\Middleware\\ConvertEmptyStringsToNull->handle()
#53 /www/wwwroot/demo.medace.org/vendor/laravel/framework/src/Illuminate/Foundation/Http/Middleware/TransformsRequest.php(21): Illuminate\\Pipeline\\Pipeline->Illuminate\\Pipeline\\{closure}()
#54 /www/wwwroot/demo.medace.org/vendor/laravel/framework/src/Illuminate/Foundation/Http/Middleware/TrimStrings.php(40): Illuminate\\Foundation\\Http\\Middleware\\TransformsRequest->handle()
#55 /www/wwwroot/demo.medace.org/vendor/laravel/framework/src/Illuminate/Pipeline/Pipeline.php(180): Illuminate\\Foundation\\Http\\Middleware\\TrimStrings->handle()
#56 /www/wwwroot/demo.medace.org/vendor/laravel/framework/src/Illuminate/Foundation/Http/Middleware/ValidatePostSize.php(27): Illuminate\\Pipeline\\Pipeline->Illuminate\\Pipeline\\{closure}()
#57 /www/wwwroot/demo.medace.org/vendor/laravel/framework/src/Illuminate/Pipeline/Pipeline.php(180): Illuminate\\Foundation\\Http\\Middleware\\ValidatePostSize->handle()
#58 /www/wwwroot/demo.medace.org/vendor/laravel/framework/src/Illuminate/Foundation/Http/Middleware/PreventRequestsDuringMaintenance.php(86): Illuminate\\Pipeline\\Pipeline->Illuminate\\Pipeline\\{closure}()
#59 /www/wwwroot/demo.medace.org/vendor/laravel/framework/src/Illuminate/Pipeline/Pipeline.php(180): Illuminate\\Foundation\\Http\\Middleware\\PreventRequestsDuringMaintenance->handle()
#60 /www/wwwroot/demo.medace.org/vendor/fruitcake/laravel-cors/src/HandleCors.php(38): Illuminate\\Pipeline\\Pipeline->Illuminate\\Pipeline\\{closure}()
#61 /www/wwwroot/demo.medace.org/vendor/laravel/framework/src/Illuminate/Pipeline/Pipeline.php(180): Fruitcake\\Cors\\HandleCors->handle()
#62 /www/wwwroot/demo.medace.org/vendor/laravel/framework/src/Illuminate/Http/Middleware/TrustProxies.php(39): Illuminate\\Pipeline\\Pipeline->Illuminate\\Pipeline\\{closure}()
#63 /www/wwwroot/demo.medace.org/vendor/laravel/framework/src/Illuminate/Pipeline/Pipeline.php(180): Illuminate\\Http\\Middleware\\TrustProxies->handle()
#64 /www/wwwroot/demo.medace.org/vendor/laravel/framework/src/Illuminate/Pipeline/Pipeline.php(116): Illuminate\\Pipeline\\Pipeline->Illuminate\\Pipeline\\{closure}()
#65 /www/wwwroot/demo.medace.org/vendor/laravel/framework/src/Illuminate/Foundation/Http/Kernel.php(165): Illuminate\\Pipeline\\Pipeline->then()
#66 /www/wwwroot/demo.medace.org/vendor/laravel/framework/src/Illuminate/Foundation/Http/Kernel.php(134): Illuminate\\Foundation\\Http\\Kernel->sendRequestThroughRouter()
#67 /www/wwwroot/demo.medace.org/public/index.php(52): Illuminate\\Foundation\\Http\\Kernel->handle()
#68 {main}
"} 
[2025-04-16 12:20:58] production.ERROR: file_exists(): open_basedir restriction in effect. File(/fonts/OpenSans-Regular.ttf) is not within the allowed path(s): (/www/wwwroot/demo.medace.org/:/tmp/) {"userId":1049,"exception":"[object] (ErrorException(code: 0): file_exists(): open_basedir restriction in effect. File(/fonts/OpenSans-Regular.ttf) is not within the allowed path(s): (/www/wwwroot/demo.medace.org/:/tmp/) at /www/wwwroot/demo.medace.org/vendor/lasserafn/php-initial-avatar-generator/src/InitialAvatar.php:739)
[stacktrace]
#0 /www/wwwroot/demo.medace.org/vendor/laravel/framework/src/Illuminate/Foundation/Bootstrap/HandleExceptions.php(270): Illuminate\\Foundation\\Bootstrap\\HandleExceptions->handleError()
#1 [internal function]: Illuminate\\Foundation\\Bootstrap\\HandleExceptions->Illuminate\\Foundation\\Bootstrap\\{closure}()
#2 /www/wwwroot/demo.medace.org/vendor/lasserafn/php-initial-avatar-generator/src/InitialAvatar.php(739): file_exists()
#3 /www/wwwroot/demo.medace.org/vendor/lasserafn/php-initial-avatar-generator/src/InitialAvatar.php(644): LasseRafn\\InitialAvatarGenerator\\InitialAvatar->findFontFile()
#4 /www/wwwroot/demo.medace.org/vendor/lasserafn/php-initial-avatar-generator/src/InitialAvatar.php(401): LasseRafn\\InitialAvatarGenerator\\InitialAvatar->makeAvatar()
#5 /www/wwwroot/demo.medace.org/app/Http/Controllers/Web/DefaultAvatarController.php(39): LasseRafn\\InitialAvatarGenerator\\InitialAvatar->generate()
#6 /www/wwwroot/demo.medace.org/vendor/laravel/framework/src/Illuminate/Routing/Controller.php(54): App\\Http\\Controllers\\Web\\DefaultAvatarController->make()
#7 /www/wwwroot/demo.medace.org/vendor/laravel/framework/src/Illuminate/Routing/ControllerDispatcher.php(43): Illuminate\\Routing\\Controller->callAction()
#8 /www/wwwroot/demo.medace.org/vendor/laravel/framework/src/Illuminate/Routing/Route.php(260): Illuminate\\Routing\\ControllerDispatcher->dispatch()
#9 /www/wwwroot/demo.medace.org/vendor/laravel/framework/src/Illuminate/Routing/Route.php(205): Illuminate\\Routing\\Route->runController()
#10 /www/wwwroot/demo.medace.org/vendor/laravel/framework/src/Illuminate/Routing/Router.php(798): Illuminate\\Routing\\Route->run()
#11 /www/wwwroot/demo.medace.org/vendor/laravel/framework/src/Illuminate/Pipeline/Pipeline.php(141): Illuminate\\Routing\\Router->Illuminate\\Routing\\{closure}()
#12 /www/wwwroot/demo.medace.org/app/Http/Middleware/CheckRestriction.php(34): Illuminate\\Pipeline\\Pipeline->Illuminate\\Pipeline\\{closure}()
#13 /www/wwwroot/demo.medace.org/vendor/laravel/framework/src/Illuminate/Pipeline/Pipeline.php(180): App\\Http\\Middleware\\CheckRestriction->handle()
#14 /www/wwwroot/demo.medace.org/app/Http/Middleware/CheckMaintenance.php(37): Illuminate\\Pipeline\\Pipeline->Illuminate\\Pipeline\\{closure}()
#15 /www/wwwroot/demo.medace.org/vendor/laravel/framework/src/Illuminate/Pipeline/Pipeline.php(180): App\\Http\\Middleware\\CheckMaintenance->handle()
#16 /www/wwwroot/demo.medace.org/app/Http/Middleware/Share.php(90): Illuminate\\Pipeline\\Pipeline->Illuminate\\Pipeline\\{closure}()
#17 /www/wwwroot/demo.medace.org/vendor/laravel/framework/src/Illuminate/Pipeline/Pipeline.php(180): App\\Http\\Middleware\\Share->handle()
#18 /www/wwwroot/demo.medace.org/app/Http/Middleware/Impersonate.php(23): Illuminate\\Pipeline\\Pipeline->Illuminate\\Pipeline\\{closure}()
#19 /www/wwwroot/demo.medace.org/vendor/laravel/framework/src/Illuminate/Pipeline/Pipeline.php(180): App\\Http\\Middleware\\Impersonate->handle()
#20 /www/wwwroot/demo.medace.org/app/Http/Middleware/CheckMobileApp.php(25): Illuminate\\Pipeline\\Pipeline->Illuminate\\Pipeline\\{closure}()
#21 /www/wwwroot/demo.medace.org/vendor/laravel/framework/src/Illuminate/Pipeline/Pipeline.php(180): App\\Http\\Middleware\\CheckMobileApp->handle()
#22 /www/wwwroot/demo.medace.org/app/Http/Middleware/DebugBar.php(22): Illuminate\\Pipeline\\Pipeline->Illuminate\\Pipeline\\{closure}()
#23 /www/wwwroot/demo.medace.org/vendor/laravel/framework/src/Illuminate/Pipeline/Pipeline.php(180): App\\Http\\Middleware\\DebugBar->handle()
#24 /www/wwwroot/demo.medace.org/app/Http/Middleware/SessionValidity.php(36): Illuminate\\Pipeline\\Pipeline->Illuminate\\Pipeline\\{closure}()
#25 /www/wwwroot/demo.medace.org/vendor/laravel/framework/src/Illuminate/Pipeline/Pipeline.php(180): App\\Http\\Middleware\\SessionValidity->handle()
#26 /www/wwwroot/demo.medace.org/app/Http/Middleware/UserLocale.php(44): Illuminate\\Pipeline\\Pipeline->Illuminate\\Pipeline\\{closure}()
#27 /www/wwwroot/demo.medace.org/vendor/laravel/framework/src/Illuminate/Pipeline/Pipeline.php(180): App\\Http\\Middleware\\UserLocale->handle()
#28 /www/wwwroot/demo.medace.org/vendor/laravel/framework/src/Illuminate/Routing/Middleware/SubstituteBindings.php(50): Illuminate\\Pipeline\\Pipeline->Illuminate\\Pipeline\\{closure}()
#29 /www/wwwroot/demo.medace.org/vendor/laravel/framework/src/Illuminate/Pipeline/Pipeline.php(180): Illuminate\\Routing\\Middleware\\SubstituteBindings->handle()
#30 /www/wwwroot/demo.medace.org/vendor/laravel/framework/src/Illuminate/Foundation/Http/Middleware/VerifyCsrfToken.php(78): Illuminate\\Pipeline\\Pipeline->Illuminate\\Pipeline\\{closure}()
#31 /www/wwwroot/demo.medace.org/vendor/laravel/framework/src/Illuminate/Pipeline/Pipeline.php(180): Illuminate\\Foundation\\Http\\Middleware\\VerifyCsrfToken->handle()
#32 /www/wwwroot/demo.medace.org/vendor/laravel/framework/src/Illuminate/View/Middleware/ShareErrorsFromSession.php(49): Illuminate\\Pipeline\\Pipeline->Illuminate\\Pipeline\\{closure}()
#33 /www/wwwroot/demo.medace.org/vendor/laravel/framework/src/Illuminate/Pipeline/Pipeline.php(180): Illuminate\\View\\Middleware\\ShareErrorsFromSession->handle()
#34 /www/wwwroot/demo.medace.org/vendor/laravel/framework/src/Illuminate/Session/Middleware/StartSession.php(121): Illuminate\\Pipeline\\Pipeline->Illuminate\\Pipeline\\{closure}()
#35 /www/wwwroot/demo.medace.org/vendor/laravel/framework/src/Illuminate/Session/Middleware/StartSession.php(64): Illuminate\\Session\\Middleware\\StartSession->handleStatefulRequest()
#36 /www/wwwroot/demo.medace.org/vendor/laravel/framework/src/Illuminate/Pipeline/Pipeline.php(180): Illuminate\\Session\\Middleware\\StartSession->handle()
#37 /www/wwwroot/demo.medace.org/vendor/laravel/framework/src/Illuminate/Cookie/Middleware/AddQueuedCookiesToResponse.php(37): Illuminate\\Pipeline\\Pipeline->Illuminate\\Pipeline\\{closure}()
#38 /www/wwwroot/demo.medace.org/vendor/laravel/framework/src/Illuminate/Pipeline/Pipeline.php(180): Illuminate\\Cookie\\Middleware\\AddQueuedCookiesToResponse->handle()
#39 /www/wwwroot/demo.medace.org/vendor/laravel/framework/src/Illuminate/Cookie/Middleware/EncryptCookies.php(67): Illuminate\\Pipeline\\Pipeline->Illuminate\\Pipeline\\{closure}()
#40 /www/wwwroot/demo.medace.org/vendor/laravel/framework/src/Illuminate/Pipeline/Pipeline.php(180): Illuminate\\Cookie\\Middleware\\EncryptCookies->handle()
#41 /www/wwwroot/demo.medace.org/vendor/laravel/framework/src/Illuminate/Pipeline/Pipeline.php(116): Illuminate\\Pipeline\\Pipeline->Illuminate\\Pipeline\\{closure}()
#42 /www/wwwroot/demo.medace.org/vendor/laravel/framework/src/Illuminate/Routing/Router.php(799): Illuminate\\Pipeline\\Pipeline->then()
#43 /www/wwwroot/demo.medace.org/vendor/laravel/framework/src/Illuminate/Routing/Router.php(776): Illuminate\\Routing\\Router->runRouteWithinStack()
#44 /www/wwwroot/demo.medace.org/vendor/laravel/framework/src/Illuminate/Routing/Router.php(740): Illuminate\\Routing\\Router->runRoute()
#45 /www/wwwroot/demo.medace.org/vendor/laravel/framework/src/Illuminate/Routing/Router.php(729): Illuminate\\Routing\\Router->dispatchToRoute()
#46 /www/wwwroot/demo.medace.org/vendor/laravel/framework/src/Illuminate/Foundation/Http/Kernel.php(190): Illuminate\\Routing\\Router->dispatch()
#47 /www/wwwroot/demo.medace.org/vendor/laravel/framework/src/Illuminate/Pipeline/Pipeline.php(141): Illuminate\\Foundation\\Http\\Kernel->Illuminate\\Foundation\\Http\\{closure}()
#48 /www/wwwroot/demo.medace.org/vendor/barryvdh/laravel-debugbar/src/Middleware/InjectDebugbar.php(66): Illuminate\\Pipeline\\Pipeline->Illuminate\\Pipeline\\{closure}()
#49 /www/wwwroot/demo.medace.org/vendor/laravel/framework/src/Illuminate/Pipeline/Pipeline.php(180): Barryvdh\\Debugbar\\Middleware\\InjectDebugbar->handle()
#50 /www/wwwroot/demo.medace.org/vendor/laravel/framework/src/Illuminate/Foundation/Http/Middleware/TransformsRequest.php(21): Illuminate\\Pipeline\\Pipeline->Illuminate\\Pipeline\\{closure}()
#51 /www/wwwroot/demo.medace.org/vendor/laravel/framework/src/Illuminate/Foundation/Http/Middleware/ConvertEmptyStringsToNull.php(31): Illuminate\\Foundation\\Http\\Middleware\\TransformsRequest->handle()
#52 /www/wwwroot/demo.medace.org/vendor/laravel/framework/src/Illuminate/Pipeline/Pipeline.php(180): Illuminate\\Foundation\\Http\\Middleware\\ConvertEmptyStringsToNull->handle()
#53 /www/wwwroot/demo.medace.org/vendor/laravel/framework/src/Illuminate/Foundation/Http/Middleware/TransformsRequest.php(21): Illuminate\\Pipeline\\Pipeline->Illuminate\\Pipeline\\{closure}()
#54 /www/wwwroot/demo.medace.org/vendor/laravel/framework/src/Illuminate/Foundation/Http/Middleware/TrimStrings.php(40): Illuminate\\Foundation\\Http\\Middleware\\TransformsRequest->handle()
#55 /www/wwwroot/demo.medace.org/vendor/laravel/framework/src/Illuminate/Pipeline/Pipeline.php(180): Illuminate\\Foundation\\Http\\Middleware\\TrimStrings->handle()
#56 /www/wwwroot/demo.medace.org/vendor/laravel/framework/src/Illuminate/Foundation/Http/Middleware/ValidatePostSize.php(27): Illuminate\\Pipeline\\Pipeline->Illuminate\\Pipeline\\{closure}()
#57 /www/wwwroot/demo.medace.org/vendor/laravel/framework/src/Illuminate/Pipeline/Pipeline.php(180): Illuminate\\Foundation\\Http\\Middleware\\ValidatePostSize->handle()
#58 /www/wwwroot/demo.medace.org/vendor/laravel/framework/src/Illuminate/Foundation/Http/Middleware/PreventRequestsDuringMaintenance.php(86): Illuminate\\Pipeline\\Pipeline->Illuminate\\Pipeline\\{closure}()
#59 /www/wwwroot/demo.medace.org/vendor/laravel/framework/src/Illuminate/Pipeline/Pipeline.php(180): Illuminate\\Foundation\\Http\\Middleware\\PreventRequestsDuringMaintenance->handle()
#60 /www/wwwroot/demo.medace.org/vendor/fruitcake/laravel-cors/src/HandleCors.php(38): Illuminate\\Pipeline\\Pipeline->Illuminate\\Pipeline\\{closure}()
#61 /www/wwwroot/demo.medace.org/vendor/laravel/framework/src/Illuminate/Pipeline/Pipeline.php(180): Fruitcake\\Cors\\HandleCors->handle()
#62 /www/wwwroot/demo.medace.org/vendor/laravel/framework/src/Illuminate/Http/Middleware/TrustProxies.php(39): Illuminate\\Pipeline\\Pipeline->Illuminate\\Pipeline\\{closure}()
#63 /www/wwwroot/demo.medace.org/vendor/laravel/framework/src/Illuminate/Pipeline/Pipeline.php(180): Illuminate\\Http\\Middleware\\TrustProxies->handle()
#64 /www/wwwroot/demo.medace.org/vendor/laravel/framework/src/Illuminate/Pipeline/Pipeline.php(116): Illuminate\\Pipeline\\Pipeline->Illuminate\\Pipeline\\{closure}()
#65 /www/wwwroot/demo.medace.org/vendor/laravel/framework/src/Illuminate/Foundation/Http/Kernel.php(165): Illuminate\\Pipeline\\Pipeline->then()
#66 /www/wwwroot/demo.medace.org/vendor/laravel/framework/src/Illuminate/Foundation/Http/Kernel.php(134): Illuminate\\Foundation\\Http\\Kernel->sendRequestThroughRouter()
#67 /www/wwwroot/demo.medace.org/public/index.php(52): Illuminate\\Foundation\\Http\\Kernel->handle()
#68 {main}
"} 
[2025-04-16 12:20:59] production.ERROR: file_exists(): open_basedir restriction in effect. File(/fonts/OpenSans-Regular.ttf) is not within the allowed path(s): (/www/wwwroot/demo.medace.org/:/tmp/) {"userId":1049,"exception":"[object] (ErrorException(code: 0): file_exists(): open_basedir restriction in effect. File(/fonts/OpenSans-Regular.ttf) is not within the allowed path(s): (/www/wwwroot/demo.medace.org/:/tmp/) at /www/wwwroot/demo.medace.org/vendor/lasserafn/php-initial-avatar-generator/src/InitialAvatar.php:739)
[stacktrace]
#0 /www/wwwroot/demo.medace.org/vendor/laravel/framework/src/Illuminate/Foundation/Bootstrap/HandleExceptions.php(270): Illuminate\\Foundation\\Bootstrap\\HandleExceptions->handleError()
#1 [internal function]: Illuminate\\Foundation\\Bootstrap\\HandleExceptions->Illuminate\\Foundation\\Bootstrap\\{closure}()
#2 /www/wwwroot/demo.medace.org/vendor/lasserafn/php-initial-avatar-generator/src/InitialAvatar.php(739): file_exists()
#3 /www/wwwroot/demo.medace.org/vendor/lasserafn/php-initial-avatar-generator/src/InitialAvatar.php(644): LasseRafn\\InitialAvatarGenerator\\InitialAvatar->findFontFile()
#4 /www/wwwroot/demo.medace.org/vendor/lasserafn/php-initial-avatar-generator/src/InitialAvatar.php(401): LasseRafn\\InitialAvatarGenerator\\InitialAvatar->makeAvatar()
#5 /www/wwwroot/demo.medace.org/app/Http/Controllers/Web/DefaultAvatarController.php(39): LasseRafn\\InitialAvatarGenerator\\InitialAvatar->generate()
#6 /www/wwwroot/demo.medace.org/vendor/laravel/framework/src/Illuminate/Routing/Controller.php(54): App\\Http\\Controllers\\Web\\DefaultAvatarController->make()
#7 /www/wwwroot/demo.medace.org/vendor/laravel/framework/src/Illuminate/Routing/ControllerDispatcher.php(43): Illuminate\\Routing\\Controller->callAction()
#8 /www/wwwroot/demo.medace.org/vendor/laravel/framework/src/Illuminate/Routing/Route.php(260): Illuminate\\Routing\\ControllerDispatcher->dispatch()
#9 /www/wwwroot/demo.medace.org/vendor/laravel/framework/src/Illuminate/Routing/Route.php(205): Illuminate\\Routing\\Route->runController()
#10 /www/wwwroot/demo.medace.org/vendor/laravel/framework/src/Illuminate/Routing/Router.php(798): Illuminate\\Routing\\Route->run()
#11 /www/wwwroot/demo.medace.org/vendor/laravel/framework/src/Illuminate/Pipeline/Pipeline.php(141): Illuminate\\Routing\\Router->Illuminate\\Routing\\{closure}()
#12 /www/wwwroot/demo.medace.org/app/Http/Middleware/CheckRestriction.php(34): Illuminate\\Pipeline\\Pipeline->Illuminate\\Pipeline\\{closure}()
#13 /www/wwwroot/demo.medace.org/vendor/laravel/framework/src/Illuminate/Pipeline/Pipeline.php(180): App\\Http\\Middleware\\CheckRestriction->handle()
#14 /www/wwwroot/demo.medace.org/app/Http/Middleware/CheckMaintenance.php(37): Illuminate\\Pipeline\\Pipeline->Illuminate\\Pipeline\\{closure}()
#15 /www/wwwroot/demo.medace.org/vendor/laravel/framework/src/Illuminate/Pipeline/Pipeline.php(180): App\\Http\\Middleware\\CheckMaintenance->handle()
#16 /www/wwwroot/demo.medace.org/app/Http/Middleware/Share.php(90): Illuminate\\Pipeline\\Pipeline->Illuminate\\Pipeline\\{closure}()
#17 /www/wwwroot/demo.medace.org/vendor/laravel/framework/src/Illuminate/Pipeline/Pipeline.php(180): App\\Http\\Middleware\\Share->handle()
#18 /www/wwwroot/demo.medace.org/app/Http/Middleware/Impersonate.php(23): Illuminate\\Pipeline\\Pipeline->Illuminate\\Pipeline\\{closure}()
#19 /www/wwwroot/demo.medace.org/vendor/laravel/framework/src/Illuminate/Pipeline/Pipeline.php(180): App\\Http\\Middleware\\Impersonate->handle()
#20 /www/wwwroot/demo.medace.org/app/Http/Middleware/CheckMobileApp.php(25): Illuminate\\Pipeline\\Pipeline->Illuminate\\Pipeline\\{closure}()
#21 /www/wwwroot/demo.medace.org/vendor/laravel/framework/src/Illuminate/Pipeline/Pipeline.php(180): App\\Http\\Middleware\\CheckMobileApp->handle()
#22 /www/wwwroot/demo.medace.org/app/Http/Middleware/DebugBar.php(22): Illuminate\\Pipeline\\Pipeline->Illuminate\\Pipeline\\{closure}()
#23 /www/wwwroot/demo.medace.org/vendor/laravel/framework/src/Illuminate/Pipeline/Pipeline.php(180): App\\Http\\Middleware\\DebugBar->handle()
#24 /www/wwwroot/demo.medace.org/app/Http/Middleware/SessionValidity.php(36): Illuminate\\Pipeline\\Pipeline->Illuminate\\Pipeline\\{closure}()
#25 /www/wwwroot/demo.medace.org/vendor/laravel/framework/src/Illuminate/Pipeline/Pipeline.php(180): App\\Http\\Middleware\\SessionValidity->handle()
#26 /www/wwwroot/demo.medace.org/app/Http/Middleware/UserLocale.php(44): Illuminate\\Pipeline\\Pipeline->Illuminate\\Pipeline\\{closure}()
#27 /www/wwwroot/demo.medace.org/vendor/laravel/framework/src/Illuminate/Pipeline/Pipeline.php(180): App\\Http\\Middleware\\UserLocale->handle()
#28 /www/wwwroot/demo.medace.org/vendor/laravel/framework/src/Illuminate/Routing/Middleware/SubstituteBindings.php(50): Illuminate\\Pipeline\\Pipeline->Illuminate\\Pipeline\\{closure}()
#29 /www/wwwroot/demo.medace.org/vendor/laravel/framework/src/Illuminate/Pipeline/Pipeline.php(180): Illuminate\\Routing\\Middleware\\SubstituteBindings->handle()
#30 /www/wwwroot/demo.medace.org/vendor/laravel/framework/src/Illuminate/Foundation/Http/Middleware/VerifyCsrfToken.php(78): Illuminate\\Pipeline\\Pipeline->Illuminate\\Pipeline\\{closure}()
#31 /www/wwwroot/demo.medace.org/vendor/laravel/framework/src/Illuminate/Pipeline/Pipeline.php(180): Illuminate\\Foundation\\Http\\Middleware\\VerifyCsrfToken->handle()
#32 /www/wwwroot/demo.medace.org/vendor/laravel/framework/src/Illuminate/View/Middleware/ShareErrorsFromSession.php(49): Illuminate\\Pipeline\\Pipeline->Illuminate\\Pipeline\\{closure}()
#33 /www/wwwroot/demo.medace.org/vendor/laravel/framework/src/Illuminate/Pipeline/Pipeline.php(180): Illuminate\\View\\Middleware\\ShareErrorsFromSession->handle()
#34 /www/wwwroot/demo.medace.org/vendor/laravel/framework/src/Illuminate/Session/Middleware/StartSession.php(121): Illuminate\\Pipeline\\Pipeline->Illuminate\\Pipeline\\{closure}()
#35 /www/wwwroot/demo.medace.org/vendor/laravel/framework/src/Illuminate/Session/Middleware/StartSession.php(64): Illuminate\\Session\\Middleware\\StartSession->handleStatefulRequest()
#36 /www/wwwroot/demo.medace.org/vendor/laravel/framework/src/Illuminate/Pipeline/Pipeline.php(180): Illuminate\\Session\\Middleware\\StartSession->handle()
#37 /www/wwwroot/demo.medace.org/vendor/laravel/framework/src/Illuminate/Cookie/Middleware/AddQueuedCookiesToResponse.php(37): Illuminate\\Pipeline\\Pipeline->Illuminate\\Pipeline\\{closure}()
#38 /www/wwwroot/demo.medace.org/vendor/laravel/framework/src/Illuminate/Pipeline/Pipeline.php(180): Illuminate\\Cookie\\Middleware\\AddQueuedCookiesToResponse->handle()
#39 /www/wwwroot/demo.medace.org/vendor/laravel/framework/src/Illuminate/Cookie/Middleware/EncryptCookies.php(67): Illuminate\\Pipeline\\Pipeline->Illuminate\\Pipeline\\{closure}()
#40 /www/wwwroot/demo.medace.org/vendor/laravel/framework/src/Illuminate/Pipeline/Pipeline.php(180): Illuminate\\Cookie\\Middleware\\EncryptCookies->handle()
#41 /www/wwwroot/demo.medace.org/vendor/laravel/framework/src/Illuminate/Pipeline/Pipeline.php(116): Illuminate\\Pipeline\\Pipeline->Illuminate\\Pipeline\\{closure}()
#42 /www/wwwroot/demo.medace.org/vendor/laravel/framework/src/Illuminate/Routing/Router.php(799): Illuminate\\Pipeline\\Pipeline->then()
#43 /www/wwwroot/demo.medace.org/vendor/laravel/framework/src/Illuminate/Routing/Router.php(776): Illuminate\\Routing\\Router->runRouteWithinStack()
#44 /www/wwwroot/demo.medace.org/vendor/laravel/framework/src/Illuminate/Routing/Router.php(740): Illuminate\\Routing\\Router->runRoute()
#45 /www/wwwroot/demo.medace.org/vendor/laravel/framework/src/Illuminate/Routing/Router.php(729): Illuminate\\Routing\\Router->dispatchToRoute()
#46 /www/wwwroot/demo.medace.org/vendor/laravel/framework/src/Illuminate/Foundation/Http/Kernel.php(190): Illuminate\\Routing\\Router->dispatch()
#47 /www/wwwroot/demo.medace.org/vendor/laravel/framework/src/Illuminate/Pipeline/Pipeline.php(141): Illuminate\\Foundation\\Http\\Kernel->Illuminate\\Foundation\\Http\\{closure}()
#48 /www/wwwroot/demo.medace.org/vendor/barryvdh/laravel-debugbar/src/Middleware/InjectDebugbar.php(66): Illuminate\\Pipeline\\Pipeline->Illuminate\\Pipeline\\{closure}()
#49 /www/wwwroot/demo.medace.org/vendor/laravel/framework/src/Illuminate/Pipeline/Pipeline.php(180): Barryvdh\\Debugbar\\Middleware\\InjectDebugbar->handle()
#50 /www/wwwroot/demo.medace.org/vendor/laravel/framework/src/Illuminate/Foundation/Http/Middleware/TransformsRequest.php(21): Illuminate\\Pipeline\\Pipeline->Illuminate\\Pipeline\\{closure}()
#51 /www/wwwroot/demo.medace.org/vendor/laravel/framework/src/Illuminate/Foundation/Http/Middleware/ConvertEmptyStringsToNull.php(31): Illuminate\\Foundation\\Http\\Middleware\\TransformsRequest->handle()
#52 /www/wwwroot/demo.medace.org/vendor/laravel/framework/src/Illuminate/Pipeline/Pipeline.php(180): Illuminate\\Foundation\\Http\\Middleware\\ConvertEmptyStringsToNull->handle()
#53 /www/wwwroot/demo.medace.org/vendor/laravel/framework/src/Illuminate/Foundation/Http/Middleware/TransformsRequest.php(21): Illuminate\\Pipeline\\Pipeline->Illuminate\\Pipeline\\{closure}()
#54 /www/wwwroot/demo.medace.org/vendor/laravel/framework/src/Illuminate/Foundation/Http/Middleware/TrimStrings.php(40): Illuminate\\Foundation\\Http\\Middleware\\TransformsRequest->handle()
#55 /www/wwwroot/demo.medace.org/vendor/laravel/framework/src/Illuminate/Pipeline/Pipeline.php(180): Illuminate\\Foundation\\Http\\Middleware\\TrimStrings->handle()
#56 /www/wwwroot/demo.medace.org/vendor/laravel/framework/src/Illuminate/Foundation/Http/Middleware/ValidatePostSize.php(27): Illuminate\\Pipeline\\Pipeline->Illuminate\\Pipeline\\{closure}()
#57 /www/wwwroot/demo.medace.org/vendor/laravel/framework/src/Illuminate/Pipeline/Pipeline.php(180): Illuminate\\Foundation\\Http\\Middleware\\ValidatePostSize->handle()
#58 /www/wwwroot/demo.medace.org/vendor/laravel/framework/src/Illuminate/Foundation/Http/Middleware/PreventRequestsDuringMaintenance.php(86): Illuminate\\Pipeline\\Pipeline->Illuminate\\Pipeline\\{closure}()
#59 /www/wwwroot/demo.medace.org/vendor/laravel/framework/src/Illuminate/Pipeline/Pipeline.php(180): Illuminate\\Foundation\\Http\\Middleware\\PreventRequestsDuringMaintenance->handle()
#60 /www/wwwroot/demo.medace.org/vendor/fruitcake/laravel-cors/src/HandleCors.php(38): Illuminate\\Pipeline\\Pipeline->Illuminate\\Pipeline\\{closure}()
#61 /www/wwwroot/demo.medace.org/vendor/laravel/framework/src/Illuminate/Pipeline/Pipeline.php(180): Fruitcake\\Cors\\HandleCors->handle()
#62 /www/wwwroot/demo.medace.org/vendor/laravel/framework/src/Illuminate/Http/Middleware/TrustProxies.php(39): Illuminate\\Pipeline\\Pipeline->Illuminate\\Pipeline\\{closure}()
#63 /www/wwwroot/demo.medace.org/vendor/laravel/framework/src/Illuminate/Pipeline/Pipeline.php(180): Illuminate\\Http\\Middleware\\TrustProxies->handle()
#64 /www/wwwroot/demo.medace.org/vendor/laravel/framework/src/Illuminate/Pipeline/Pipeline.php(116): Illuminate\\Pipeline\\Pipeline->Illuminate\\Pipeline\\{closure}()
#65 /www/wwwroot/demo.medace.org/vendor/laravel/framework/src/Illuminate/Foundation/Http/Kernel.php(165): Illuminate\\Pipeline\\Pipeline->then()
#66 /www/wwwroot/demo.medace.org/vendor/laravel/framework/src/Illuminate/Foundation/Http/Kernel.php(134): Illuminate\\Foundation\\Http\\Kernel->sendRequestThroughRouter()
#67 /www/wwwroot/demo.medace.org/public/index.php(52): Illuminate\\Foundation\\Http\\Kernel->handle()
#68 {main}
"} 
[2025-04-16 12:20:59] production.ERROR: file_exists(): open_basedir restriction in effect. File(/fonts/OpenSans-Regular.ttf) is not within the allowed path(s): (/www/wwwroot/demo.medace.org/:/tmp/) {"userId":1049,"exception":"[object] (ErrorException(code: 0): file_exists(): open_basedir restriction in effect. File(/fonts/OpenSans-Regular.ttf) is not within the allowed path(s): (/www/wwwroot/demo.medace.org/:/tmp/) at /www/wwwroot/demo.medace.org/vendor/lasserafn/php-initial-avatar-generator/src/InitialAvatar.php:739)
[stacktrace]
#0 /www/wwwroot/demo.medace.org/vendor/laravel/framework/src/Illuminate/Foundation/Bootstrap/HandleExceptions.php(270): Illuminate\\Foundation\\Bootstrap\\HandleExceptions->handleError()
#1 [internal function]: Illuminate\\Foundation\\Bootstrap\\HandleExceptions->Illuminate\\Foundation\\Bootstrap\\{closure}()
#2 /www/wwwroot/demo.medace.org/vendor/lasserafn/php-initial-avatar-generator/src/InitialAvatar.php(739): file_exists()
#3 /www/wwwroot/demo.medace.org/vendor/lasserafn/php-initial-avatar-generator/src/InitialAvatar.php(644): LasseRafn\\InitialAvatarGenerator\\InitialAvatar->findFontFile()
#4 /www/wwwroot/demo.medace.org/vendor/lasserafn/php-initial-avatar-generator/src/InitialAvatar.php(401): LasseRafn\\InitialAvatarGenerator\\InitialAvatar->makeAvatar()
#5 /www/wwwroot/demo.medace.org/app/Http/Controllers/Web/DefaultAvatarController.php(39): LasseRafn\\InitialAvatarGenerator\\InitialAvatar->generate()
#6 /www/wwwroot/demo.medace.org/vendor/laravel/framework/src/Illuminate/Routing/Controller.php(54): App\\Http\\Controllers\\Web\\DefaultAvatarController->make()
#7 /www/wwwroot/demo.medace.org/vendor/laravel/framework/src/Illuminate/Routing/ControllerDispatcher.php(43): Illuminate\\Routing\\Controller->callAction()
#8 /www/wwwroot/demo.medace.org/vendor/laravel/framework/src/Illuminate/Routing/Route.php(260): Illuminate\\Routing\\ControllerDispatcher->dispatch()
#9 /www/wwwroot/demo.medace.org/vendor/laravel/framework/src/Illuminate/Routing/Route.php(205): Illuminate\\Routing\\Route->runController()
#10 /www/wwwroot/demo.medace.org/vendor/laravel/framework/src/Illuminate/Routing/Router.php(798): Illuminate\\Routing\\Route->run()
#11 /www/wwwroot/demo.medace.org/vendor/laravel/framework/src/Illuminate/Pipeline/Pipeline.php(141): Illuminate\\Routing\\Router->Illuminate\\Routing\\{closure}()
#12 /www/wwwroot/demo.medace.org/app/Http/Middleware/CheckRestriction.php(34): Illuminate\\Pipeline\\Pipeline->Illuminate\\Pipeline\\{closure}()
#13 /www/wwwroot/demo.medace.org/vendor/laravel/framework/src/Illuminate/Pipeline/Pipeline.php(180): App\\Http\\Middleware\\CheckRestriction->handle()
#14 /www/wwwroot/demo.medace.org/app/Http/Middleware/CheckMaintenance.php(37): Illuminate\\Pipeline\\Pipeline->Illuminate\\Pipeline\\{closure}()
#15 /www/wwwroot/demo.medace.org/vendor/laravel/framework/src/Illuminate/Pipeline/Pipeline.php(180): App\\Http\\Middleware\\CheckMaintenance->handle()
#16 /www/wwwroot/demo.medace.org/app/Http/Middleware/Share.php(90): Illuminate\\Pipeline\\Pipeline->Illuminate\\Pipeline\\{closure}()
#17 /www/wwwroot/demo.medace.org/vendor/laravel/framework/src/Illuminate/Pipeline/Pipeline.php(180): App\\Http\\Middleware\\Share->handle()
#18 /www/wwwroot/demo.medace.org/app/Http/Middleware/Impersonate.php(23): Illuminate\\Pipeline\\Pipeline->Illuminate\\Pipeline\\{closure}()
#19 /www/wwwroot/demo.medace.org/vendor/laravel/framework/src/Illuminate/Pipeline/Pipeline.php(180): App\\Http\\Middleware\\Impersonate->handle()
#20 /www/wwwroot/demo.medace.org/app/Http/Middleware/CheckMobileApp.php(25): Illuminate\\Pipeline\\Pipeline->Illuminate\\Pipeline\\{closure}()
#21 /www/wwwroot/demo.medace.org/vendor/laravel/framework/src/Illuminate/Pipeline/Pipeline.php(180): App\\Http\\Middleware\\CheckMobileApp->handle()
#22 /www/wwwroot/demo.medace.org/app/Http/Middleware/DebugBar.php(22): Illuminate\\Pipeline\\Pipeline->Illuminate\\Pipeline\\{closure}()
#23 /www/wwwroot/demo.medace.org/vendor/laravel/framework/src/Illuminate/Pipeline/Pipeline.php(180): App\\Http\\Middleware\\DebugBar->handle()
#24 /www/wwwroot/demo.medace.org/app/Http/Middleware/SessionValidity.php(36): Illuminate\\Pipeline\\Pipeline->Illuminate\\Pipeline\\{closure}()
#25 /www/wwwroot/demo.medace.org/vendor/laravel/framework/src/Illuminate/Pipeline/Pipeline.php(180): App\\Http\\Middleware\\SessionValidity->handle()
#26 /www/wwwroot/demo.medace.org/app/Http/Middleware/UserLocale.php(44): Illuminate\\Pipeline\\Pipeline->Illuminate\\Pipeline\\{closure}()
#27 /www/wwwroot/demo.medace.org/vendor/laravel/framework/src/Illuminate/Pipeline/Pipeline.php(180): App\\Http\\Middleware\\UserLocale->handle()
#28 /www/wwwroot/demo.medace.org/vendor/laravel/framework/src/Illuminate/Routing/Middleware/SubstituteBindings.php(50): Illuminate\\Pipeline\\Pipeline->Illuminate\\Pipeline\\{closure}()
#29 /www/wwwroot/demo.medace.org/vendor/laravel/framework/src/Illuminate/Pipeline/Pipeline.php(180): Illuminate\\Routing\\Middleware\\SubstituteBindings->handle()
#30 /www/wwwroot/demo.medace.org/vendor/laravel/framework/src/Illuminate/Foundation/Http/Middleware/VerifyCsrfToken.php(78): Illuminate\\Pipeline\\Pipeline->Illuminate\\Pipeline\\{closure}()
#31 /www/wwwroot/demo.medace.org/vendor/laravel/framework/src/Illuminate/Pipeline/Pipeline.php(180): Illuminate\\Foundation\\Http\\Middleware\\VerifyCsrfToken->handle()
#32 /www/wwwroot/demo.medace.org/vendor/laravel/framework/src/Illuminate/View/Middleware/ShareErrorsFromSession.php(49): Illuminate\\Pipeline\\Pipeline->Illuminate\\Pipeline\\{closure}()
#33 /www/wwwroot/demo.medace.org/vendor/laravel/framework/src/Illuminate/Pipeline/Pipeline.php(180): Illuminate\\View\\Middleware\\ShareErrorsFromSession->handle()
#34 /www/wwwroot/demo.medace.org/vendor/laravel/framework/src/Illuminate/Session/Middleware/StartSession.php(121): Illuminate\\Pipeline\\Pipeline->Illuminate\\Pipeline\\{closure}()
#35 /www/wwwroot/demo.medace.org/vendor/laravel/framework/src/Illuminate/Session/Middleware/StartSession.php(64): Illuminate\\Session\\Middleware\\StartSession->handleStatefulRequest()
#36 /www/wwwroot/demo.medace.org/vendor/laravel/framework/src/Illuminate/Pipeline/Pipeline.php(180): Illuminate\\Session\\Middleware\\StartSession->handle()
#37 /www/wwwroot/demo.medace.org/vendor/laravel/framework/src/Illuminate/Cookie/Middleware/AddQueuedCookiesToResponse.php(37): Illuminate\\Pipeline\\Pipeline->Illuminate\\Pipeline\\{closure}()
#38 /www/wwwroot/demo.medace.org/vendor/laravel/framework/src/Illuminate/Pipeline/Pipeline.php(180): Illuminate\\Cookie\\Middleware\\AddQueuedCookiesToResponse->handle()
#39 /www/wwwroot/demo.medace.org/vendor/laravel/framework/src/Illuminate/Cookie/Middleware/EncryptCookies.php(67): Illuminate\\Pipeline\\Pipeline->Illuminate\\Pipeline\\{closure}()
#40 /www/wwwroot/demo.medace.org/vendor/laravel/framework/src/Illuminate/Pipeline/Pipeline.php(180): Illuminate\\Cookie\\Middleware\\EncryptCookies->handle()
#41 /www/wwwroot/demo.medace.org/vendor/laravel/framework/src/Illuminate/Pipeline/Pipeline.php(116): Illuminate\\Pipeline\\Pipeline->Illuminate\\Pipeline\\{closure}()
#42 /www/wwwroot/demo.medace.org/vendor/laravel/framework/src/Illuminate/Routing/Router.php(799): Illuminate\\Pipeline\\Pipeline->then()
#43 /www/wwwroot/demo.medace.org/vendor/laravel/framework/src/Illuminate/Routing/Router.php(776): Illuminate\\Routing\\Router->runRouteWithinStack()
#44 /www/wwwroot/demo.medace.org/vendor/laravel/framework/src/Illuminate/Routing/Router.php(740): Illuminate\\Routing\\Router->runRoute()
#45 /www/wwwroot/demo.medace.org/vendor/laravel/framework/src/Illuminate/Routing/Router.php(729): Illuminate\\Routing\\Router->dispatchToRoute()
#46 /www/wwwroot/demo.medace.org/vendor/laravel/framework/src/Illuminate/Foundation/Http/Kernel.php(190): Illuminate\\Routing\\Router->dispatch()
#47 /www/wwwroot/demo.medace.org/vendor/laravel/framework/src/Illuminate/Pipeline/Pipeline.php(141): Illuminate\\Foundation\\Http\\Kernel->Illuminate\\Foundation\\Http\\{closure}()
#48 /www/wwwroot/demo.medace.org/vendor/barryvdh/laravel-debugbar/src/Middleware/InjectDebugbar.php(66): Illuminate\\Pipeline\\Pipeline->Illuminate\\Pipeline\\{closure}()
#49 /www/wwwroot/demo.medace.org/vendor/laravel/framework/src/Illuminate/Pipeline/Pipeline.php(180): Barryvdh\\Debugbar\\Middleware\\InjectDebugbar->handle()
#50 /www/wwwroot/demo.medace.org/vendor/laravel/framework/src/Illuminate/Foundation/Http/Middleware/TransformsRequest.php(21): Illuminate\\Pipeline\\Pipeline->Illuminate\\Pipeline\\{closure}()
#51 /www/wwwroot/demo.medace.org/vendor/laravel/framework/src/Illuminate/Foundation/Http/Middleware/ConvertEmptyStringsToNull.php(31): Illuminate\\Foundation\\Http\\Middleware\\TransformsRequest->handle()
#52 /www/wwwroot/demo.medace.org/vendor/laravel/framework/src/Illuminate/Pipeline/Pipeline.php(180): Illuminate\\Foundation\\Http\\Middleware\\ConvertEmptyStringsToNull->handle()
#53 /www/wwwroot/demo.medace.org/vendor/laravel/framework/src/Illuminate/Foundation/Http/Middleware/TransformsRequest.php(21): Illuminate\\Pipeline\\Pipeline->Illuminate\\Pipeline\\{closure}()
#54 /www/wwwroot/demo.medace.org/vendor/laravel/framework/src/Illuminate/Foundation/Http/Middleware/TrimStrings.php(40): Illuminate\\Foundation\\Http\\Middleware\\TransformsRequest->handle()
#55 /www/wwwroot/demo.medace.org/vendor/laravel/framework/src/Illuminate/Pipeline/Pipeline.php(180): Illuminate\\Foundation\\Http\\Middleware\\TrimStrings->handle()
#56 /www/wwwroot/demo.medace.org/vendor/laravel/framework/src/Illuminate/Foundation/Http/Middleware/ValidatePostSize.php(27): Illuminate\\Pipeline\\Pipeline->Illuminate\\Pipeline\\{closure}()
#57 /www/wwwroot/demo.medace.org/vendor/laravel/framework/src/Illuminate/Pipeline/Pipeline.php(180): Illuminate\\Foundation\\Http\\Middleware\\ValidatePostSize->handle()
#58 /www/wwwroot/demo.medace.org/vendor/laravel/framework/src/Illuminate/Foundation/Http/Middleware/PreventRequestsDuringMaintenance.php(86): Illuminate\\Pipeline\\Pipeline->Illuminate\\Pipeline\\{closure}()
#59 /www/wwwroot/demo.medace.org/vendor/laravel/framework/src/Illuminate/Pipeline/Pipeline.php(180): Illuminate\\Foundation\\Http\\Middleware\\PreventRequestsDuringMaintenance->handle()
#60 /www/wwwroot/demo.medace.org/vendor/fruitcake/laravel-cors/src/HandleCors.php(38): Illuminate\\Pipeline\\Pipeline->Illuminate\\Pipeline\\{closure}()
#61 /www/wwwroot/demo.medace.org/vendor/laravel/framework/src/Illuminate/Pipeline/Pipeline.php(180): Fruitcake\\Cors\\HandleCors->handle()
#62 /www/wwwroot/demo.medace.org/vendor/laravel/framework/src/Illuminate/Http/Middleware/TrustProxies.php(39): Illuminate\\Pipeline\\Pipeline->Illuminate\\Pipeline\\{closure}()
#63 /www/wwwroot/demo.medace.org/vendor/laravel/framework/src/Illuminate/Pipeline/Pipeline.php(180): Illuminate\\Http\\Middleware\\TrustProxies->handle()
#64 /www/wwwroot/demo.medace.org/vendor/laravel/framework/src/Illuminate/Pipeline/Pipeline.php(116): Illuminate\\Pipeline\\Pipeline->Illuminate\\Pipeline\\{closure}()
#65 /www/wwwroot/demo.medace.org/vendor/laravel/framework/src/Illuminate/Foundation/Http/Kernel.php(165): Illuminate\\Pipeline\\Pipeline->then()
#66 /www/wwwroot/demo.medace.org/vendor/laravel/framework/src/Illuminate/Foundation/Http/Kernel.php(134): Illuminate\\Foundation\\Http\\Kernel->sendRequestThroughRouter()
#67 /www/wwwroot/demo.medace.org/public/index.php(52): Illuminate\\Foundation\\Http\\Kernel->handle()
#68 {main}
"} 
[2025-04-16 12:20:59] production.ERROR: file_exists(): open_basedir restriction in effect. File(/fonts/OpenSans-Regular.ttf) is not within the allowed path(s): (/www/wwwroot/demo.medace.org/:/tmp/) {"userId":1049,"exception":"[object] (ErrorException(code: 0): file_exists(): open_basedir restriction in effect. File(/fonts/OpenSans-Regular.ttf) is not within the allowed path(s): (/www/wwwroot/demo.medace.org/:/tmp/) at /www/wwwroot/demo.medace.org/vendor/lasserafn/php-initial-avatar-generator/src/InitialAvatar.php:739)
[stacktrace]
#0 /www/wwwroot/demo.medace.org/vendor/laravel/framework/src/Illuminate/Foundation/Bootstrap/HandleExceptions.php(270): Illuminate\\Foundation\\Bootstrap\\HandleExceptions->handleError()
#1 [internal function]: Illuminate\\Foundation\\Bootstrap\\HandleExceptions->Illuminate\\Foundation\\Bootstrap\\{closure}()
#2 /www/wwwroot/demo.medace.org/vendor/lasserafn/php-initial-avatar-generator/src/InitialAvatar.php(739): file_exists()
#3 /www/wwwroot/demo.medace.org/vendor/lasserafn/php-initial-avatar-generator/src/InitialAvatar.php(644): LasseRafn\\InitialAvatarGenerator\\InitialAvatar->findFontFile()
#4 /www/wwwroot/demo.medace.org/vendor/lasserafn/php-initial-avatar-generator/src/InitialAvatar.php(401): LasseRafn\\InitialAvatarGenerator\\InitialAvatar->makeAvatar()
#5 /www/wwwroot/demo.medace.org/app/Http/Controllers/Web/DefaultAvatarController.php(39): LasseRafn\\InitialAvatarGenerator\\InitialAvatar->generate()
#6 /www/wwwroot/demo.medace.org/vendor/laravel/framework/src/Illuminate/Routing/Controller.php(54): App\\Http\\Controllers\\Web\\DefaultAvatarController->make()
#7 /www/wwwroot/demo.medace.org/vendor/laravel/framework/src/Illuminate/Routing/ControllerDispatcher.php(43): Illuminate\\Routing\\Controller->callAction()
#8 /www/wwwroot/demo.medace.org/vendor/laravel/framework/src/Illuminate/Routing/Route.php(260): Illuminate\\Routing\\ControllerDispatcher->dispatch()
#9 /www/wwwroot/demo.medace.org/vendor/laravel/framework/src/Illuminate/Routing/Route.php(205): Illuminate\\Routing\\Route->runController()
#10 /www/wwwroot/demo.medace.org/vendor/laravel/framework/src/Illuminate/Routing/Router.php(798): Illuminate\\Routing\\Route->run()
#11 /www/wwwroot/demo.medace.org/vendor/laravel/framework/src/Illuminate/Pipeline/Pipeline.php(141): Illuminate\\Routing\\Router->Illuminate\\Routing\\{closure}()
#12 /www/wwwroot/demo.medace.org/app/Http/Middleware/CheckRestriction.php(34): Illuminate\\Pipeline\\Pipeline->Illuminate\\Pipeline\\{closure}()
#13 /www/wwwroot/demo.medace.org/vendor/laravel/framework/src/Illuminate/Pipeline/Pipeline.php(180): App\\Http\\Middleware\\CheckRestriction->handle()
#14 /www/wwwroot/demo.medace.org/app/Http/Middleware/CheckMaintenance.php(37): Illuminate\\Pipeline\\Pipeline->Illuminate\\Pipeline\\{closure}()
#15 /www/wwwroot/demo.medace.org/vendor/laravel/framework/src/Illuminate/Pipeline/Pipeline.php(180): App\\Http\\Middleware\\CheckMaintenance->handle()
#16 /www/wwwroot/demo.medace.org/app/Http/Middleware/Share.php(90): Illuminate\\Pipeline\\Pipeline->Illuminate\\Pipeline\\{closure}()
#17 /www/wwwroot/demo.medace.org/vendor/laravel/framework/src/Illuminate/Pipeline/Pipeline.php(180): App\\Http\\Middleware\\Share->handle()
#18 /www/wwwroot/demo.medace.org/app/Http/Middleware/Impersonate.php(23): Illuminate\\Pipeline\\Pipeline->Illuminate\\Pipeline\\{closure}()
#19 /www/wwwroot/demo.medace.org/vendor/laravel/framework/src/Illuminate/Pipeline/Pipeline.php(180): App\\Http\\Middleware\\Impersonate->handle()
#20 /www/wwwroot/demo.medace.org/app/Http/Middleware/CheckMobileApp.php(25): Illuminate\\Pipeline\\Pipeline->Illuminate\\Pipeline\\{closure}()
#21 /www/wwwroot/demo.medace.org/vendor/laravel/framework/src/Illuminate/Pipeline/Pipeline.php(180): App\\Http\\Middleware\\CheckMobileApp->handle()
#22 /www/wwwroot/demo.medace.org/app/Http/Middleware/DebugBar.php(22): Illuminate\\Pipeline\\Pipeline->Illuminate\\Pipeline\\{closure}()
#23 /www/wwwroot/demo.medace.org/vendor/laravel/framework/src/Illuminate/Pipeline/Pipeline.php(180): App\\Http\\Middleware\\DebugBar->handle()
#24 /www/wwwroot/demo.medace.org/app/Http/Middleware/SessionValidity.php(36): Illuminate\\Pipeline\\Pipeline->Illuminate\\Pipeline\\{closure}()
#25 /www/wwwroot/demo.medace.org/vendor/laravel/framework/src/Illuminate/Pipeline/Pipeline.php(180): App\\Http\\Middleware\\SessionValidity->handle()
#26 /www/wwwroot/demo.medace.org/app/Http/Middleware/UserLocale.php(44): Illuminate\\Pipeline\\Pipeline->Illuminate\\Pipeline\\{closure}()
#27 /www/wwwroot/demo.medace.org/vendor/laravel/framework/src/Illuminate/Pipeline/Pipeline.php(180): App\\Http\\Middleware\\UserLocale->handle()
#28 /www/wwwroot/demo.medace.org/vendor/laravel/framework/src/Illuminate/Routing/Middleware/SubstituteBindings.php(50): Illuminate\\Pipeline\\Pipeline->Illuminate\\Pipeline\\{closure}()
#29 /www/wwwroot/demo.medace.org/vendor/laravel/framework/src/Illuminate/Pipeline/Pipeline.php(180): Illuminate\\Routing\\Middleware\\SubstituteBindings->handle()
#30 /www/wwwroot/demo.medace.org/vendor/laravel/framework/src/Illuminate/Foundation/Http/Middleware/VerifyCsrfToken.php(78): Illuminate\\Pipeline\\Pipeline->Illuminate\\Pipeline\\{closure}()
#31 /www/wwwroot/demo.medace.org/vendor/laravel/framework/src/Illuminate/Pipeline/Pipeline.php(180): Illuminate\\Foundation\\Http\\Middleware\\VerifyCsrfToken->handle()
#32 /www/wwwroot/demo.medace.org/vendor/laravel/framework/src/Illuminate/View/Middleware/ShareErrorsFromSession.php(49): Illuminate\\Pipeline\\Pipeline->Illuminate\\Pipeline\\{closure}()
#33 /www/wwwroot/demo.medace.org/vendor/laravel/framework/src/Illuminate/Pipeline/Pipeline.php(180): Illuminate\\View\\Middleware\\ShareErrorsFromSession->handle()
#34 /www/wwwroot/demo.medace.org/vendor/laravel/framework/src/Illuminate/Session/Middleware/StartSession.php(121): Illuminate\\Pipeline\\Pipeline->Illuminate\\Pipeline\\{closure}()
#35 /www/wwwroot/demo.medace.org/vendor/laravel/framework/src/Illuminate/Session/Middleware/StartSession.php(64): Illuminate\\Session\\Middleware\\StartSession->handleStatefulRequest()
#36 /www/wwwroot/demo.medace.org/vendor/laravel/framework/src/Illuminate/Pipeline/Pipeline.php(180): Illuminate\\Session\\Middleware\\StartSession->handle()
#37 /www/wwwroot/demo.medace.org/vendor/laravel/framework/src/Illuminate/Cookie/Middleware/AddQueuedCookiesToResponse.php(37): Illuminate\\Pipeline\\Pipeline->Illuminate\\Pipeline\\{closure}()
#38 /www/wwwroot/demo.medace.org/vendor/laravel/framework/src/Illuminate/Pipeline/Pipeline.php(180): Illuminate\\Cookie\\Middleware\\AddQueuedCookiesToResponse->handle()
#39 /www/wwwroot/demo.medace.org/vendor/laravel/framework/src/Illuminate/Cookie/Middleware/EncryptCookies.php(67): Illuminate\\Pipeline\\Pipeline->Illuminate\\Pipeline\\{closure}()
#40 /www/wwwroot/demo.medace.org/vendor/laravel/framework/src/Illuminate/Pipeline/Pipeline.php(180): Illuminate\\Cookie\\Middleware\\EncryptCookies->handle()
#41 /www/wwwroot/demo.medace.org/vendor/laravel/framework/src/Illuminate/Pipeline/Pipeline.php(116): Illuminate\\Pipeline\\Pipeline->Illuminate\\Pipeline\\{closure}()
#42 /www/wwwroot/demo.medace.org/vendor/laravel/framework/src/Illuminate/Routing/Router.php(799): Illuminate\\Pipeline\\Pipeline->then()
#43 /www/wwwroot/demo.medace.org/vendor/laravel/framework/src/Illuminate/Routing/Router.php(776): Illuminate\\Routing\\Router->runRouteWithinStack()
#44 /www/wwwroot/demo.medace.org/vendor/laravel/framework/src/Illuminate/Routing/Router.php(740): Illuminate\\Routing\\Router->runRoute()
#45 /www/wwwroot/demo.medace.org/vendor/laravel/framework/src/Illuminate/Routing/Router.php(729): Illuminate\\Routing\\Router->dispatchToRoute()
#46 /www/wwwroot/demo.medace.org/vendor/laravel/framework/src/Illuminate/Foundation/Http/Kernel.php(190): Illuminate\\Routing\\Router->dispatch()
#47 /www/wwwroot/demo.medace.org/vendor/laravel/framework/src/Illuminate/Pipeline/Pipeline.php(141): Illuminate\\Foundation\\Http\\Kernel->Illuminate\\Foundation\\Http\\{closure}()
#48 /www/wwwroot/demo.medace.org/vendor/barryvdh/laravel-debugbar/src/Middleware/InjectDebugbar.php(66): Illuminate\\Pipeline\\Pipeline->Illuminate\\Pipeline\\{closure}()
#49 /www/wwwroot/demo.medace.org/vendor/laravel/framework/src/Illuminate/Pipeline/Pipeline.php(180): Barryvdh\\Debugbar\\Middleware\\InjectDebugbar->handle()
#50 /www/wwwroot/demo.medace.org/vendor/laravel/framework/src/Illuminate/Foundation/Http/Middleware/TransformsRequest.php(21): Illuminate\\Pipeline\\Pipeline->Illuminate\\Pipeline\\{closure}()
#51 /www/wwwroot/demo.medace.org/vendor/laravel/framework/src/Illuminate/Foundation/Http/Middleware/ConvertEmptyStringsToNull.php(31): Illuminate\\Foundation\\Http\\Middleware\\TransformsRequest->handle()
#52 /www/wwwroot/demo.medace.org/vendor/laravel/framework/src/Illuminate/Pipeline/Pipeline.php(180): Illuminate\\Foundation\\Http\\Middleware\\ConvertEmptyStringsToNull->handle()
#53 /www/wwwroot/demo.medace.org/vendor/laravel/framework/src/Illuminate/Foundation/Http/Middleware/TransformsRequest.php(21): Illuminate\\Pipeline\\Pipeline->Illuminate\\Pipeline\\{closure}()
#54 /www/wwwroot/demo.medace.org/vendor/laravel/framework/src/Illuminate/Foundation/Http/Middleware/TrimStrings.php(40): Illuminate\\Foundation\\Http\\Middleware\\TransformsRequest->handle()
#55 /www/wwwroot/demo.medace.org/vendor/laravel/framework/src/Illuminate/Pipeline/Pipeline.php(180): Illuminate\\Foundation\\Http\\Middleware\\TrimStrings->handle()
#56 /www/wwwroot/demo.medace.org/vendor/laravel/framework/src/Illuminate/Foundation/Http/Middleware/ValidatePostSize.php(27): Illuminate\\Pipeline\\Pipeline->Illuminate\\Pipeline\\{closure}()
#57 /www/wwwroot/demo.medace.org/vendor/laravel/framework/src/Illuminate/Pipeline/Pipeline.php(180): Illuminate\\Foundation\\Http\\Middleware\\ValidatePostSize->handle()
#58 /www/wwwroot/demo.medace.org/vendor/laravel/framework/src/Illuminate/Foundation/Http/Middleware/PreventRequestsDuringMaintenance.php(86): Illuminate\\Pipeline\\Pipeline->Illuminate\\Pipeline\\{closure}()
#59 /www/wwwroot/demo.medace.org/vendor/laravel/framework/src/Illuminate/Pipeline/Pipeline.php(180): Illuminate\\Foundation\\Http\\Middleware\\PreventRequestsDuringMaintenance->handle()
#60 /www/wwwroot/demo.medace.org/vendor/fruitcake/laravel-cors/src/HandleCors.php(38): Illuminate\\Pipeline\\Pipeline->Illuminate\\Pipeline\\{closure}()
#61 /www/wwwroot/demo.medace.org/vendor/laravel/framework/src/Illuminate/Pipeline/Pipeline.php(180): Fruitcake\\Cors\\HandleCors->handle()
#62 /www/wwwroot/demo.medace.org/vendor/laravel/framework/src/Illuminate/Http/Middleware/TrustProxies.php(39): Illuminate\\Pipeline\\Pipeline->Illuminate\\Pipeline\\{closure}()
#63 /www/wwwroot/demo.medace.org/vendor/laravel/framework/src/Illuminate/Pipeline/Pipeline.php(180): Illuminate\\Http\\Middleware\\TrustProxies->handle()
#64 /www/wwwroot/demo.medace.org/vendor/laravel/framework/src/Illuminate/Pipeline/Pipeline.php(116): Illuminate\\Pipeline\\Pipeline->Illuminate\\Pipeline\\{closure}()
#65 /www/wwwroot/demo.medace.org/vendor/laravel/framework/src/Illuminate/Foundation/Http/Kernel.php(165): Illuminate\\Pipeline\\Pipeline->then()
#66 /www/wwwroot/demo.medace.org/vendor/laravel/framework/src/Illuminate/Foundation/Http/Kernel.php(134): Illuminate\\Foundation\\Http\\Kernel->sendRequestThroughRouter()
#67 /www/wwwroot/demo.medace.org/public/index.php(52): Illuminate\\Foundation\\Http\\Kernel->handle()
#68 {main}
"} 
[2025-04-16 12:20:59] production.ERROR: file_exists(): open_basedir restriction in effect. File(/fonts/OpenSans-Regular.ttf) is not within the allowed path(s): (/www/wwwroot/demo.medace.org/:/tmp/) {"userId":1049,"exception":"[object] (ErrorException(code: 0): file_exists(): open_basedir restriction in effect. File(/fonts/OpenSans-Regular.ttf) is not within the allowed path(s): (/www/wwwroot/demo.medace.org/:/tmp/) at /www/wwwroot/demo.medace.org/vendor/lasserafn/php-initial-avatar-generator/src/InitialAvatar.php:739)
[stacktrace]
#0 /www/wwwroot/demo.medace.org/vendor/laravel/framework/src/Illuminate/Foundation/Bootstrap/HandleExceptions.php(270): Illuminate\\Foundation\\Bootstrap\\HandleExceptions->handleError()
#1 [internal function]: Illuminate\\Foundation\\Bootstrap\\HandleExceptions->Illuminate\\Foundation\\Bootstrap\\{closure}()
#2 /www/wwwroot/demo.medace.org/vendor/lasserafn/php-initial-avatar-generator/src/InitialAvatar.php(739): file_exists()
#3 /www/wwwroot/demo.medace.org/vendor/lasserafn/php-initial-avatar-generator/src/InitialAvatar.php(644): LasseRafn\\InitialAvatarGenerator\\InitialAvatar->findFontFile()
#4 /www/wwwroot/demo.medace.org/vendor/lasserafn/php-initial-avatar-generator/src/InitialAvatar.php(401): LasseRafn\\InitialAvatarGenerator\\InitialAvatar->makeAvatar()
#5 /www/wwwroot/demo.medace.org/app/Http/Controllers/Web/DefaultAvatarController.php(39): LasseRafn\\InitialAvatarGenerator\\InitialAvatar->generate()
#6 /www/wwwroot/demo.medace.org/vendor/laravel/framework/src/Illuminate/Routing/Controller.php(54): App\\Http\\Controllers\\Web\\DefaultAvatarController->make()
#7 /www/wwwroot/demo.medace.org/vendor/laravel/framework/src/Illuminate/Routing/ControllerDispatcher.php(43): Illuminate\\Routing\\Controller->callAction()
#8 /www/wwwroot/demo.medace.org/vendor/laravel/framework/src/Illuminate/Routing/Route.php(260): Illuminate\\Routing\\ControllerDispatcher->dispatch()
#9 /www/wwwroot/demo.medace.org/vendor/laravel/framework/src/Illuminate/Routing/Route.php(205): Illuminate\\Routing\\Route->runController()
#10 /www/wwwroot/demo.medace.org/vendor/laravel/framework/src/Illuminate/Routing/Router.php(798): Illuminate\\Routing\\Route->run()
#11 /www/wwwroot/demo.medace.org/vendor/laravel/framework/src/Illuminate/Pipeline/Pipeline.php(141): Illuminate\\Routing\\Router->Illuminate\\Routing\\{closure}()
#12 /www/wwwroot/demo.medace.org/app/Http/Middleware/CheckRestriction.php(34): Illuminate\\Pipeline\\Pipeline->Illuminate\\Pipeline\\{closure}()
#13 /www/wwwroot/demo.medace.org/vendor/laravel/framework/src/Illuminate/Pipeline/Pipeline.php(180): App\\Http\\Middleware\\CheckRestriction->handle()
#14 /www/wwwroot/demo.medace.org/app/Http/Middleware/CheckMaintenance.php(37): Illuminate\\Pipeline\\Pipeline->Illuminate\\Pipeline\\{closure}()
#15 /www/wwwroot/demo.medace.org/vendor/laravel/framework/src/Illuminate/Pipeline/Pipeline.php(180): App\\Http\\Middleware\\CheckMaintenance->handle()
#16 /www/wwwroot/demo.medace.org/app/Http/Middleware/Share.php(90): Illuminate\\Pipeline\\Pipeline->Illuminate\\Pipeline\\{closure}()
#17 /www/wwwroot/demo.medace.org/vendor/laravel/framework/src/Illuminate/Pipeline/Pipeline.php(180): App\\Http\\Middleware\\Share->handle()
#18 /www/wwwroot/demo.medace.org/app/Http/Middleware/Impersonate.php(23): Illuminate\\Pipeline\\Pipeline->Illuminate\\Pipeline\\{closure}()
#19 /www/wwwroot/demo.medace.org/vendor/laravel/framework/src/Illuminate/Pipeline/Pipeline.php(180): App\\Http\\Middleware\\Impersonate->handle()
#20 /www/wwwroot/demo.medace.org/app/Http/Middleware/CheckMobileApp.php(25): Illuminate\\Pipeline\\Pipeline->Illuminate\\Pipeline\\{closure}()
#21 /www/wwwroot/demo.medace.org/vendor/laravel/framework/src/Illuminate/Pipeline/Pipeline.php(180): App\\Http\\Middleware\\CheckMobileApp->handle()
#22 /www/wwwroot/demo.medace.org/app/Http/Middleware/DebugBar.php(22): Illuminate\\Pipeline\\Pipeline->Illuminate\\Pipeline\\{closure}()
#23 /www/wwwroot/demo.medace.org/vendor/laravel/framework/src/Illuminate/Pipeline/Pipeline.php(180): App\\Http\\Middleware\\DebugBar->handle()
#24 /www/wwwroot/demo.medace.org/app/Http/Middleware/SessionValidity.php(36): Illuminate\\Pipeline\\Pipeline->Illuminate\\Pipeline\\{closure}()
#25 /www/wwwroot/demo.medace.org/vendor/laravel/framework/src/Illuminate/Pipeline/Pipeline.php(180): App\\Http\\Middleware\\SessionValidity->handle()
#26 /www/wwwroot/demo.medace.org/app/Http/Middleware/UserLocale.php(44): Illuminate\\Pipeline\\Pipeline->Illuminate\\Pipeline\\{closure}()
#27 /www/wwwroot/demo.medace.org/vendor/laravel/framework/src/Illuminate/Pipeline/Pipeline.php(180): App\\Http\\Middleware\\UserLocale->handle()
#28 /www/wwwroot/demo.medace.org/vendor/laravel/framework/src/Illuminate/Routing/Middleware/SubstituteBindings.php(50): Illuminate\\Pipeline\\Pipeline->Illuminate\\Pipeline\\{closure}()
#29 /www/wwwroot/demo.medace.org/vendor/laravel/framework/src/Illuminate/Pipeline/Pipeline.php(180): Illuminate\\Routing\\Middleware\\SubstituteBindings->handle()
#30 /www/wwwroot/demo.medace.org/vendor/laravel/framework/src/Illuminate/Foundation/Http/Middleware/VerifyCsrfToken.php(78): Illuminate\\Pipeline\\Pipeline->Illuminate\\Pipeline\\{closure}()
#31 /www/wwwroot/demo.medace.org/vendor/laravel/framework/src/Illuminate/Pipeline/Pipeline.php(180): Illuminate\\Foundation\\Http\\Middleware\\VerifyCsrfToken->handle()
#32 /www/wwwroot/demo.medace.org/vendor/laravel/framework/src/Illuminate/View/Middleware/ShareErrorsFromSession.php(49): Illuminate\\Pipeline\\Pipeline->Illuminate\\Pipeline\\{closure}()
#33 /www/wwwroot/demo.medace.org/vendor/laravel/framework/src/Illuminate/Pipeline/Pipeline.php(180): Illuminate\\View\\Middleware\\ShareErrorsFromSession->handle()
#34 /www/wwwroot/demo.medace.org/vendor/laravel/framework/src/Illuminate/Session/Middleware/StartSession.php(121): Illuminate\\Pipeline\\Pipeline->Illuminate\\Pipeline\\{closure}()
#35 /www/wwwroot/demo.medace.org/vendor/laravel/framework/src/Illuminate/Session/Middleware/StartSession.php(64): Illuminate\\Session\\Middleware\\StartSession->handleStatefulRequest()
#36 /www/wwwroot/demo.medace.org/vendor/laravel/framework/src/Illuminate/Pipeline/Pipeline.php(180): Illuminate\\Session\\Middleware\\StartSession->handle()
#37 /www/wwwroot/demo.medace.org/vendor/laravel/framework/src/Illuminate/Cookie/Middleware/AddQueuedCookiesToResponse.php(37): Illuminate\\Pipeline\\Pipeline->Illuminate\\Pipeline\\{closure}()
#38 /www/wwwroot/demo.medace.org/vendor/laravel/framework/src/Illuminate/Pipeline/Pipeline.php(180): Illuminate\\Cookie\\Middleware\\AddQueuedCookiesToResponse->handle()
#39 /www/wwwroot/demo.medace.org/vendor/laravel/framework/src/Illuminate/Cookie/Middleware/EncryptCookies.php(67): Illuminate\\Pipeline\\Pipeline->Illuminate\\Pipeline\\{closure}()
#40 /www/wwwroot/demo.medace.org/vendor/laravel/framework/src/Illuminate/Pipeline/Pipeline.php(180): Illuminate\\Cookie\\Middleware\\EncryptCookies->handle()
#41 /www/wwwroot/demo.medace.org/vendor/laravel/framework/src/Illuminate/Pipeline/Pipeline.php(116): Illuminate\\Pipeline\\Pipeline->Illuminate\\Pipeline\\{closure}()
#42 /www/wwwroot/demo.medace.org/vendor/laravel/framework/src/Illuminate/Routing/Router.php(799): Illuminate\\Pipeline\\Pipeline->then()
#43 /www/wwwroot/demo.medace.org/vendor/laravel/framework/src/Illuminate/Routing/Router.php(776): Illuminate\\Routing\\Router->runRouteWithinStack()
#44 /www/wwwroot/demo.medace.org/vendor/laravel/framework/src/Illuminate/Routing/Router.php(740): Illuminate\\Routing\\Router->runRoute()
#45 /www/wwwroot/demo.medace.org/vendor/laravel/framework/src/Illuminate/Routing/Router.php(729): Illuminate\\Routing\\Router->dispatchToRoute()
#46 /www/wwwroot/demo.medace.org/vendor/laravel/framework/src/Illuminate/Foundation/Http/Kernel.php(190): Illuminate\\Routing\\Router->dispatch()
#47 /www/wwwroot/demo.medace.org/vendor/laravel/framework/src/Illuminate/Pipeline/Pipeline.php(141): Illuminate\\Foundation\\Http\\Kernel->Illuminate\\Foundation\\Http\\{closure}()
#48 /www/wwwroot/demo.medace.org/vendor/barryvdh/laravel-debugbar/src/Middleware/InjectDebugbar.php(66): Illuminate\\Pipeline\\Pipeline->Illuminate\\Pipeline\\{closure}()
#49 /www/wwwroot/demo.medace.org/vendor/laravel/framework/src/Illuminate/Pipeline/Pipeline.php(180): Barryvdh\\Debugbar\\Middleware\\InjectDebugbar->handle()
#50 /www/wwwroot/demo.medace.org/vendor/laravel/framework/src/Illuminate/Foundation/Http/Middleware/TransformsRequest.php(21): Illuminate\\Pipeline\\Pipeline->Illuminate\\Pipeline\\{closure}()
#51 /www/wwwroot/demo.medace.org/vendor/laravel/framework/src/Illuminate/Foundation/Http/Middleware/ConvertEmptyStringsToNull.php(31): Illuminate\\Foundation\\Http\\Middleware\\TransformsRequest->handle()
#52 /www/wwwroot/demo.medace.org/vendor/laravel/framework/src/Illuminate/Pipeline/Pipeline.php(180): Illuminate\\Foundation\\Http\\Middleware\\ConvertEmptyStringsToNull->handle()
#53 /www/wwwroot/demo.medace.org/vendor/laravel/framework/src/Illuminate/Foundation/Http/Middleware/TransformsRequest.php(21): Illuminate\\Pipeline\\Pipeline->Illuminate\\Pipeline\\{closure}()
#54 /www/wwwroot/demo.medace.org/vendor/laravel/framework/src/Illuminate/Foundation/Http/Middleware/TrimStrings.php(40): Illuminate\\Foundation\\Http\\Middleware\\TransformsRequest->handle()
#55 /www/wwwroot/demo.medace.org/vendor/laravel/framework/src/Illuminate/Pipeline/Pipeline.php(180): Illuminate\\Foundation\\Http\\Middleware\\TrimStrings->handle()
#56 /www/wwwroot/demo.medace.org/vendor/laravel/framework/src/Illuminate/Foundation/Http/Middleware/ValidatePostSize.php(27): Illuminate\\Pipeline\\Pipeline->Illuminate\\Pipeline\\{closure}()
#57 /www/wwwroot/demo.medace.org/vendor/laravel/framework/src/Illuminate/Pipeline/Pipeline.php(180): Illuminate\\Foundation\\Http\\Middleware\\ValidatePostSize->handle()
#58 /www/wwwroot/demo.medace.org/vendor/laravel/framework/src/Illuminate/Foundation/Http/Middleware/PreventRequestsDuringMaintenance.php(86): Illuminate\\Pipeline\\Pipeline->Illuminate\\Pipeline\\{closure}()
#59 /www/wwwroot/demo.medace.org/vendor/laravel/framework/src/Illuminate/Pipeline/Pipeline.php(180): Illuminate\\Foundation\\Http\\Middleware\\PreventRequestsDuringMaintenance->handle()
#60 /www/wwwroot/demo.medace.org/vendor/fruitcake/laravel-cors/src/HandleCors.php(38): Illuminate\\Pipeline\\Pipeline->Illuminate\\Pipeline\\{closure}()
#61 /www/wwwroot/demo.medace.org/vendor/laravel/framework/src/Illuminate/Pipeline/Pipeline.php(180): Fruitcake\\Cors\\HandleCors->handle()
#62 /www/wwwroot/demo.medace.org/vendor/laravel/framework/src/Illuminate/Http/Middleware/TrustProxies.php(39): Illuminate\\Pipeline\\Pipeline->Illuminate\\Pipeline\\{closure}()
#63 /www/wwwroot/demo.medace.org/vendor/laravel/framework/src/Illuminate/Pipeline/Pipeline.php(180): Illuminate\\Http\\Middleware\\TrustProxies->handle()
#64 /www/wwwroot/demo.medace.org/vendor/laravel/framework/src/Illuminate/Pipeline/Pipeline.php(116): Illuminate\\Pipeline\\Pipeline->Illuminate\\Pipeline\\{closure}()
#65 /www/wwwroot/demo.medace.org/vendor/laravel/framework/src/Illuminate/Foundation/Http/Kernel.php(165): Illuminate\\Pipeline\\Pipeline->then()
#66 /www/wwwroot/demo.medace.org/vendor/laravel/framework/src/Illuminate/Foundation/Http/Kernel.php(134): Illuminate\\Foundation\\Http\\Kernel->sendRequestThroughRouter()
#67 /www/wwwroot/demo.medace.org/public/index.php(52): Illuminate\\Foundation\\Http\\Kernel->handle()
#68 {main}
"} 
[2025-04-16 12:20:59] production.ERROR: file_exists(): open_basedir restriction in effect. File(/fonts/OpenSans-Regular.ttf) is not within the allowed path(s): (/www/wwwroot/demo.medace.org/:/tmp/) {"userId":1049,"exception":"[object] (ErrorException(code: 0): file_exists(): open_basedir restriction in effect. File(/fonts/OpenSans-Regular.ttf) is not within the allowed path(s): (/www/wwwroot/demo.medace.org/:/tmp/) at /www/wwwroot/demo.medace.org/vendor/lasserafn/php-initial-avatar-generator/src/InitialAvatar.php:739)
[stacktrace]
#0 /www/wwwroot/demo.medace.org/vendor/laravel/framework/src/Illuminate/Foundation/Bootstrap/HandleExceptions.php(270): Illuminate\\Foundation\\Bootstrap\\HandleExceptions->handleError()
#1 [internal function]: Illuminate\\Foundation\\Bootstrap\\HandleExceptions->Illuminate\\Foundation\\Bootstrap\\{closure}()
#2 /www/wwwroot/demo.medace.org/vendor/lasserafn/php-initial-avatar-generator/src/InitialAvatar.php(739): file_exists()
#3 /www/wwwroot/demo.medace.org/vendor/lasserafn/php-initial-avatar-generator/src/InitialAvatar.php(644): LasseRafn\\InitialAvatarGenerator\\InitialAvatar->findFontFile()
#4 /www/wwwroot/demo.medace.org/vendor/lasserafn/php-initial-avatar-generator/src/InitialAvatar.php(401): LasseRafn\\InitialAvatarGenerator\\InitialAvatar->makeAvatar()
#5 /www/wwwroot/demo.medace.org/app/Http/Controllers/Web/DefaultAvatarController.php(39): LasseRafn\\InitialAvatarGenerator\\InitialAvatar->generate()
#6 /www/wwwroot/demo.medace.org/vendor/laravel/framework/src/Illuminate/Routing/Controller.php(54): App\\Http\\Controllers\\Web\\DefaultAvatarController->make()
#7 /www/wwwroot/demo.medace.org/vendor/laravel/framework/src/Illuminate/Routing/ControllerDispatcher.php(43): Illuminate\\Routing\\Controller->callAction()
#8 /www/wwwroot/demo.medace.org/vendor/laravel/framework/src/Illuminate/Routing/Route.php(260): Illuminate\\Routing\\ControllerDispatcher->dispatch()
#9 /www/wwwroot/demo.medace.org/vendor/laravel/framework/src/Illuminate/Routing/Route.php(205): Illuminate\\Routing\\Route->runController()
#10 /www/wwwroot/demo.medace.org/vendor/laravel/framework/src/Illuminate/Routing/Router.php(798): Illuminate\\Routing\\Route->run()
#11 /www/wwwroot/demo.medace.org/vendor/laravel/framework/src/Illuminate/Pipeline/Pipeline.php(141): Illuminate\\Routing\\Router->Illuminate\\Routing\\{closure}()
#12 /www/wwwroot/demo.medace.org/app/Http/Middleware/CheckRestriction.php(34): Illuminate\\Pipeline\\Pipeline->Illuminate\\Pipeline\\{closure}()
#13 /www/wwwroot/demo.medace.org/vendor/laravel/framework/src/Illuminate/Pipeline/Pipeline.php(180): App\\Http\\Middleware\\CheckRestriction->handle()
#14 /www/wwwroot/demo.medace.org/app/Http/Middleware/CheckMaintenance.php(37): Illuminate\\Pipeline\\Pipeline->Illuminate\\Pipeline\\{closure}()
#15 /www/wwwroot/demo.medace.org/vendor/laravel/framework/src/Illuminate/Pipeline/Pipeline.php(180): App\\Http\\Middleware\\CheckMaintenance->handle()
#16 /www/wwwroot/demo.medace.org/app/Http/Middleware/Share.php(90): Illuminate\\Pipeline\\Pipeline->Illuminate\\Pipeline\\{closure}()
#17 /www/wwwroot/demo.medace.org/vendor/laravel/framework/src/Illuminate/Pipeline/Pipeline.php(180): App\\Http\\Middleware\\Share->handle()
#18 /www/wwwroot/demo.medace.org/app/Http/Middleware/Impersonate.php(23): Illuminate\\Pipeline\\Pipeline->Illuminate\\Pipeline\\{closure}()
#19 /www/wwwroot/demo.medace.org/vendor/laravel/framework/src/Illuminate/Pipeline/Pipeline.php(180): App\\Http\\Middleware\\Impersonate->handle()
#20 /www/wwwroot/demo.medace.org/app/Http/Middleware/CheckMobileApp.php(25): Illuminate\\Pipeline\\Pipeline->Illuminate\\Pipeline\\{closure}()
#21 /www/wwwroot/demo.medace.org/vendor/laravel/framework/src/Illuminate/Pipeline/Pipeline.php(180): App\\Http\\Middleware\\CheckMobileApp->handle()
#22 /www/wwwroot/demo.medace.org/app/Http/Middleware/DebugBar.php(22): Illuminate\\Pipeline\\Pipeline->Illuminate\\Pipeline\\{closure}()
#23 /www/wwwroot/demo.medace.org/vendor/laravel/framework/src/Illuminate/Pipeline/Pipeline.php(180): App\\Http\\Middleware\\DebugBar->handle()
#24 /www/wwwroot/demo.medace.org/app/Http/Middleware/SessionValidity.php(36): Illuminate\\Pipeline\\Pipeline->Illuminate\\Pipeline\\{closure}()
#25 /www/wwwroot/demo.medace.org/vendor/laravel/framework/src/Illuminate/Pipeline/Pipeline.php(180): App\\Http\\Middleware\\SessionValidity->handle()
#26 /www/wwwroot/demo.medace.org/app/Http/Middleware/UserLocale.php(44): Illuminate\\Pipeline\\Pipeline->Illuminate\\Pipeline\\{closure}()
#27 /www/wwwroot/demo.medace.org/vendor/laravel/framework/src/Illuminate/Pipeline/Pipeline.php(180): App\\Http\\Middleware\\UserLocale->handle()
#28 /www/wwwroot/demo.medace.org/vendor/laravel/framework/src/Illuminate/Routing/Middleware/SubstituteBindings.php(50): Illuminate\\Pipeline\\Pipeline->Illuminate\\Pipeline\\{closure}()
#29 /www/wwwroot/demo.medace.org/vendor/laravel/framework/src/Illuminate/Pipeline/Pipeline.php(180): Illuminate\\Routing\\Middleware\\SubstituteBindings->handle()
#30 /www/wwwroot/demo.medace.org/vendor/laravel/framework/src/Illuminate/Foundation/Http/Middleware/VerifyCsrfToken.php(78): Illuminate\\Pipeline\\Pipeline->Illuminate\\Pipeline\\{closure}()
#31 /www/wwwroot/demo.medace.org/vendor/laravel/framework/src/Illuminate/Pipeline/Pipeline.php(180): Illuminate\\Foundation\\Http\\Middleware\\VerifyCsrfToken->handle()
#32 /www/wwwroot/demo.medace.org/vendor/laravel/framework/src/Illuminate/View/Middleware/ShareErrorsFromSession.php(49): Illuminate\\Pipeline\\Pipeline->Illuminate\\Pipeline\\{closure}()
#33 /www/wwwroot/demo.medace.org/vendor/laravel/framework/src/Illuminate/Pipeline/Pipeline.php(180): Illuminate\\View\\Middleware\\ShareErrorsFromSession->handle()
#34 /www/wwwroot/demo.medace.org/vendor/laravel/framework/src/Illuminate/Session/Middleware/StartSession.php(121): Illuminate\\Pipeline\\Pipeline->Illuminate\\Pipeline\\{closure}()
#35 /www/wwwroot/demo.medace.org/vendor/laravel/framework/src/Illuminate/Session/Middleware/StartSession.php(64): Illuminate\\Session\\Middleware\\StartSession->handleStatefulRequest()
#36 /www/wwwroot/demo.medace.org/vendor/laravel/framework/src/Illuminate/Pipeline/Pipeline.php(180): Illuminate\\Session\\Middleware\\StartSession->handle()
#37 /www/wwwroot/demo.medace.org/vendor/laravel/framework/src/Illuminate/Cookie/Middleware/AddQueuedCookiesToResponse.php(37): Illuminate\\Pipeline\\Pipeline->Illuminate\\Pipeline\\{closure}()
#38 /www/wwwroot/demo.medace.org/vendor/laravel/framework/src/Illuminate/Pipeline/Pipeline.php(180): Illuminate\\Cookie\\Middleware\\AddQueuedCookiesToResponse->handle()
#39 /www/wwwroot/demo.medace.org/vendor/laravel/framework/src/Illuminate/Cookie/Middleware/EncryptCookies.php(67): Illuminate\\Pipeline\\Pipeline->Illuminate\\Pipeline\\{closure}()
#40 /www/wwwroot/demo.medace.org/vendor/laravel/framework/src/Illuminate/Pipeline/Pipeline.php(180): Illuminate\\Cookie\\Middleware\\EncryptCookies->handle()
#41 /www/wwwroot/demo.medace.org/vendor/laravel/framework/src/Illuminate/Pipeline/Pipeline.php(116): Illuminate\\Pipeline\\Pipeline->Illuminate\\Pipeline\\{closure}()
#42 /www/wwwroot/demo.medace.org/vendor/laravel/framework/src/Illuminate/Routing/Router.php(799): Illuminate\\Pipeline\\Pipeline->then()
#43 /www/wwwroot/demo.medace.org/vendor/laravel/framework/src/Illuminate/Routing/Router.php(776): Illuminate\\Routing\\Router->runRouteWithinStack()
#44 /www/wwwroot/demo.medace.org/vendor/laravel/framework/src/Illuminate/Routing/Router.php(740): Illuminate\\Routing\\Router->runRoute()
#45 /www/wwwroot/demo.medace.org/vendor/laravel/framework/src/Illuminate/Routing/Router.php(729): Illuminate\\Routing\\Router->dispatchToRoute()
#46 /www/wwwroot/demo.medace.org/vendor/laravel/framework/src/Illuminate/Foundation/Http/Kernel.php(190): Illuminate\\Routing\\Router->dispatch()
#47 /www/wwwroot/demo.medace.org/vendor/laravel/framework/src/Illuminate/Pipeline/Pipeline.php(141): Illuminate\\Foundation\\Http\\Kernel->Illuminate\\Foundation\\Http\\{closure}()
#48 /www/wwwroot/demo.medace.org/vendor/barryvdh/laravel-debugbar/src/Middleware/InjectDebugbar.php(66): Illuminate\\Pipeline\\Pipeline->Illuminate\\Pipeline\\{closure}()
#49 /www/wwwroot/demo.medace.org/vendor/laravel/framework/src/Illuminate/Pipeline/Pipeline.php(180): Barryvdh\\Debugbar\\Middleware\\InjectDebugbar->handle()
#50 /www/wwwroot/demo.medace.org/vendor/laravel/framework/src/Illuminate/Foundation/Http/Middleware/TransformsRequest.php(21): Illuminate\\Pipeline\\Pipeline->Illuminate\\Pipeline\\{closure}()
#51 /www/wwwroot/demo.medace.org/vendor/laravel/framework/src/Illuminate/Foundation/Http/Middleware/ConvertEmptyStringsToNull.php(31): Illuminate\\Foundation\\Http\\Middleware\\TransformsRequest->handle()
#52 /www/wwwroot/demo.medace.org/vendor/laravel/framework/src/Illuminate/Pipeline/Pipeline.php(180): Illuminate\\Foundation\\Http\\Middleware\\ConvertEmptyStringsToNull->handle()
#53 /www/wwwroot/demo.medace.org/vendor/laravel/framework/src/Illuminate/Foundation/Http/Middleware/TransformsRequest.php(21): Illuminate\\Pipeline\\Pipeline->Illuminate\\Pipeline\\{closure}()
#54 /www/wwwroot/demo.medace.org/vendor/laravel/framework/src/Illuminate/Foundation/Http/Middleware/TrimStrings.php(40): Illuminate\\Foundation\\Http\\Middleware\\TransformsRequest->handle()
#55 /www/wwwroot/demo.medace.org/vendor/laravel/framework/src/Illuminate/Pipeline/Pipeline.php(180): Illuminate\\Foundation\\Http\\Middleware\\TrimStrings->handle()
#56 /www/wwwroot/demo.medace.org/vendor/laravel/framework/src/Illuminate/Foundation/Http/Middleware/ValidatePostSize.php(27): Illuminate\\Pipeline\\Pipeline->Illuminate\\Pipeline\\{closure}()
#57 /www/wwwroot/demo.medace.org/vendor/laravel/framework/src/Illuminate/Pipeline/Pipeline.php(180): Illuminate\\Foundation\\Http\\Middleware\\ValidatePostSize->handle()
#58 /www/wwwroot/demo.medace.org/vendor/laravel/framework/src/Illuminate/Foundation/Http/Middleware/PreventRequestsDuringMaintenance.php(86): Illuminate\\Pipeline\\Pipeline->Illuminate\\Pipeline\\{closure}()
#59 /www/wwwroot/demo.medace.org/vendor/laravel/framework/src/Illuminate/Pipeline/Pipeline.php(180): Illuminate\\Foundation\\Http\\Middleware\\PreventRequestsDuringMaintenance->handle()
#60 /www/wwwroot/demo.medace.org/vendor/fruitcake/laravel-cors/src/HandleCors.php(38): Illuminate\\Pipeline\\Pipeline->Illuminate\\Pipeline\\{closure}()
#61 /www/wwwroot/demo.medace.org/vendor/laravel/framework/src/Illuminate/Pipeline/Pipeline.php(180): Fruitcake\\Cors\\HandleCors->handle()
#62 /www/wwwroot/demo.medace.org/vendor/laravel/framework/src/Illuminate/Http/Middleware/TrustProxies.php(39): Illuminate\\Pipeline\\Pipeline->Illuminate\\Pipeline\\{closure}()
#63 /www/wwwroot/demo.medace.org/vendor/laravel/framework/src/Illuminate/Pipeline/Pipeline.php(180): Illuminate\\Http\\Middleware\\TrustProxies->handle()
#64 /www/wwwroot/demo.medace.org/vendor/laravel/framework/src/Illuminate/Pipeline/Pipeline.php(116): Illuminate\\Pipeline\\Pipeline->Illuminate\\Pipeline\\{closure}()
#65 /www/wwwroot/demo.medace.org/vendor/laravel/framework/src/Illuminate/Foundation/Http/Kernel.php(165): Illuminate\\Pipeline\\Pipeline->then()
#66 /www/wwwroot/demo.medace.org/vendor/laravel/framework/src/Illuminate/Foundation/Http/Kernel.php(134): Illuminate\\Foundation\\Http\\Kernel->sendRequestThroughRouter()
#67 /www/wwwroot/demo.medace.org/public/index.php(52): Illuminate\\Foundation\\Http\\Kernel->handle()
#68 {main}
"} 
[2025-04-16 12:20:59] production.ERROR: file_exists(): open_basedir restriction in effect. File(/fonts/OpenSans-Regular.ttf) is not within the allowed path(s): (/www/wwwroot/demo.medace.org/:/tmp/) {"userId":1049,"exception":"[object] (ErrorException(code: 0): file_exists(): open_basedir restriction in effect. File(/fonts/OpenSans-Regular.ttf) is not within the allowed path(s): (/www/wwwroot/demo.medace.org/:/tmp/) at /www/wwwroot/demo.medace.org/vendor/lasserafn/php-initial-avatar-generator/src/InitialAvatar.php:739)
[stacktrace]
#0 /www/wwwroot/demo.medace.org/vendor/laravel/framework/src/Illuminate/Foundation/Bootstrap/HandleExceptions.php(270): Illuminate\\Foundation\\Bootstrap\\HandleExceptions->handleError()
#1 [internal function]: Illuminate\\Foundation\\Bootstrap\\HandleExceptions->Illuminate\\Foundation\\Bootstrap\\{closure}()
#2 /www/wwwroot/demo.medace.org/vendor/lasserafn/php-initial-avatar-generator/src/InitialAvatar.php(739): file_exists()
#3 /www/wwwroot/demo.medace.org/vendor/lasserafn/php-initial-avatar-generator/src/InitialAvatar.php(644): LasseRafn\\InitialAvatarGenerator\\InitialAvatar->findFontFile()
#4 /www/wwwroot/demo.medace.org/vendor/lasserafn/php-initial-avatar-generator/src/InitialAvatar.php(401): LasseRafn\\InitialAvatarGenerator\\InitialAvatar->makeAvatar()
#5 /www/wwwroot/demo.medace.org/app/Http/Controllers/Web/DefaultAvatarController.php(39): LasseRafn\\InitialAvatarGenerator\\InitialAvatar->generate()
#6 /www/wwwroot/demo.medace.org/vendor/laravel/framework/src/Illuminate/Routing/Controller.php(54): App\\Http\\Controllers\\Web\\DefaultAvatarController->make()
#7 /www/wwwroot/demo.medace.org/vendor/laravel/framework/src/Illuminate/Routing/ControllerDispatcher.php(43): Illuminate\\Routing\\Controller->callAction()
#8 /www/wwwroot/demo.medace.org/vendor/laravel/framework/src/Illuminate/Routing/Route.php(260): Illuminate\\Routing\\ControllerDispatcher->dispatch()
#9 /www/wwwroot/demo.medace.org/vendor/laravel/framework/src/Illuminate/Routing/Route.php(205): Illuminate\\Routing\\Route->runController()
#10 /www/wwwroot/demo.medace.org/vendor/laravel/framework/src/Illuminate/Routing/Router.php(798): Illuminate\\Routing\\Route->run()
#11 /www/wwwroot/demo.medace.org/vendor/laravel/framework/src/Illuminate/Pipeline/Pipeline.php(141): Illuminate\\Routing\\Router->Illuminate\\Routing\\{closure}()
#12 /www/wwwroot/demo.medace.org/app/Http/Middleware/CheckRestriction.php(34): Illuminate\\Pipeline\\Pipeline->Illuminate\\Pipeline\\{closure}()
#13 /www/wwwroot/demo.medace.org/vendor/laravel/framework/src/Illuminate/Pipeline/Pipeline.php(180): App\\Http\\Middleware\\CheckRestriction->handle()
#14 /www/wwwroot/demo.medace.org/app/Http/Middleware/CheckMaintenance.php(37): Illuminate\\Pipeline\\Pipeline->Illuminate\\Pipeline\\{closure}()
#15 /www/wwwroot/demo.medace.org/vendor/laravel/framework/src/Illuminate/Pipeline/Pipeline.php(180): App\\Http\\Middleware\\CheckMaintenance->handle()
#16 /www/wwwroot/demo.medace.org/app/Http/Middleware/Share.php(90): Illuminate\\Pipeline\\Pipeline->Illuminate\\Pipeline\\{closure}()
#17 /www/wwwroot/demo.medace.org/vendor/laravel/framework/src/Illuminate/Pipeline/Pipeline.php(180): App\\Http\\Middleware\\Share->handle()
#18 /www/wwwroot/demo.medace.org/app/Http/Middleware/Impersonate.php(23): Illuminate\\Pipeline\\Pipeline->Illuminate\\Pipeline\\{closure}()
#19 /www/wwwroot/demo.medace.org/vendor/laravel/framework/src/Illuminate/Pipeline/Pipeline.php(180): App\\Http\\Middleware\\Impersonate->handle()
#20 /www/wwwroot/demo.medace.org/app/Http/Middleware/CheckMobileApp.php(25): Illuminate\\Pipeline\\Pipeline->Illuminate\\Pipeline\\{closure}()
#21 /www/wwwroot/demo.medace.org/vendor/laravel/framework/src/Illuminate/Pipeline/Pipeline.php(180): App\\Http\\Middleware\\CheckMobileApp->handle()
#22 /www/wwwroot/demo.medace.org/app/Http/Middleware/DebugBar.php(22): Illuminate\\Pipeline\\Pipeline->Illuminate\\Pipeline\\{closure}()
#23 /www/wwwroot/demo.medace.org/vendor/laravel/framework/src/Illuminate/Pipeline/Pipeline.php(180): App\\Http\\Middleware\\DebugBar->handle()
#24 /www/wwwroot/demo.medace.org/app/Http/Middleware/SessionValidity.php(36): Illuminate\\Pipeline\\Pipeline->Illuminate\\Pipeline\\{closure}()
#25 /www/wwwroot/demo.medace.org/vendor/laravel/framework/src/Illuminate/Pipeline/Pipeline.php(180): App\\Http\\Middleware\\SessionValidity->handle()
#26 /www/wwwroot/demo.medace.org/app/Http/Middleware/UserLocale.php(44): Illuminate\\Pipeline\\Pipeline->Illuminate\\Pipeline\\{closure}()
#27 /www/wwwroot/demo.medace.org/vendor/laravel/framework/src/Illuminate/Pipeline/Pipeline.php(180): App\\Http\\Middleware\\UserLocale->handle()
#28 /www/wwwroot/demo.medace.org/vendor/laravel/framework/src/Illuminate/Routing/Middleware/SubstituteBindings.php(50): Illuminate\\Pipeline\\Pipeline->Illuminate\\Pipeline\\{closure}()
#29 /www/wwwroot/demo.medace.org/vendor/laravel/framework/src/Illuminate/Pipeline/Pipeline.php(180): Illuminate\\Routing\\Middleware\\SubstituteBindings->handle()
#30 /www/wwwroot/demo.medace.org/vendor/laravel/framework/src/Illuminate/Foundation/Http/Middleware/VerifyCsrfToken.php(78): Illuminate\\Pipeline\\Pipeline->Illuminate\\Pipeline\\{closure}()
#31 /www/wwwroot/demo.medace.org/vendor/laravel/framework/src/Illuminate/Pipeline/Pipeline.php(180): Illuminate\\Foundation\\Http\\Middleware\\VerifyCsrfToken->handle()
#32 /www/wwwroot/demo.medace.org/vendor/laravel/framework/src/Illuminate/View/Middleware/ShareErrorsFromSession.php(49): Illuminate\\Pipeline\\Pipeline->Illuminate\\Pipeline\\{closure}()
#33 /www/wwwroot/demo.medace.org/vendor/laravel/framework/src/Illuminate/Pipeline/Pipeline.php(180): Illuminate\\View\\Middleware\\ShareErrorsFromSession->handle()
#34 /www/wwwroot/demo.medace.org/vendor/laravel/framework/src/Illuminate/Session/Middleware/StartSession.php(121): Illuminate\\Pipeline\\Pipeline->Illuminate\\Pipeline\\{closure}()
#35 /www/wwwroot/demo.medace.org/vendor/laravel/framework/src/Illuminate/Session/Middleware/StartSession.php(64): Illuminate\\Session\\Middleware\\StartSession->handleStatefulRequest()
#36 /www/wwwroot/demo.medace.org/vendor/laravel/framework/src/Illuminate/Pipeline/Pipeline.php(180): Illuminate\\Session\\Middleware\\StartSession->handle()
#37 /www/wwwroot/demo.medace.org/vendor/laravel/framework/src/Illuminate/Cookie/Middleware/AddQueuedCookiesToResponse.php(37): Illuminate\\Pipeline\\Pipeline->Illuminate\\Pipeline\\{closure}()
#38 /www/wwwroot/demo.medace.org/vendor/laravel/framework/src/Illuminate/Pipeline/Pipeline.php(180): Illuminate\\Cookie\\Middleware\\AddQueuedCookiesToResponse->handle()
#39 /www/wwwroot/demo.medace.org/vendor/laravel/framework/src/Illuminate/Cookie/Middleware/EncryptCookies.php(67): Illuminate\\Pipeline\\Pipeline->Illuminate\\Pipeline\\{closure}()
#40 /www/wwwroot/demo.medace.org/vendor/laravel/framework/src/Illuminate/Pipeline/Pipeline.php(180): Illuminate\\Cookie\\Middleware\\EncryptCookies->handle()
#41 /www/wwwroot/demo.medace.org/vendor/laravel/framework/src/Illuminate/Pipeline/Pipeline.php(116): Illuminate\\Pipeline\\Pipeline->Illuminate\\Pipeline\\{closure}()
#42 /www/wwwroot/demo.medace.org/vendor/laravel/framework/src/Illuminate/Routing/Router.php(799): Illuminate\\Pipeline\\Pipeline->then()
#43 /www/wwwroot/demo.medace.org/vendor/laravel/framework/src/Illuminate/Routing/Router.php(776): Illuminate\\Routing\\Router->runRouteWithinStack()
#44 /www/wwwroot/demo.medace.org/vendor/laravel/framework/src/Illuminate/Routing/Router.php(740): Illuminate\\Routing\\Router->runRoute()
#45 /www/wwwroot/demo.medace.org/vendor/laravel/framework/src/Illuminate/Routing/Router.php(729): Illuminate\\Routing\\Router->dispatchToRoute()
#46 /www/wwwroot/demo.medace.org/vendor/laravel/framework/src/Illuminate/Foundation/Http/Kernel.php(190): Illuminate\\Routing\\Router->dispatch()
#47 /www/wwwroot/demo.medace.org/vendor/laravel/framework/src/Illuminate/Pipeline/Pipeline.php(141): Illuminate\\Foundation\\Http\\Kernel->Illuminate\\Foundation\\Http\\{closure}()
#48 /www/wwwroot/demo.medace.org/vendor/barryvdh/laravel-debugbar/src/Middleware/InjectDebugbar.php(66): Illuminate\\Pipeline\\Pipeline->Illuminate\\Pipeline\\{closure}()
#49 /www/wwwroot/demo.medace.org/vendor/laravel/framework/src/Illuminate/Pipeline/Pipeline.php(180): Barryvdh\\Debugbar\\Middleware\\InjectDebugbar->handle()
#50 /www/wwwroot/demo.medace.org/vendor/laravel/framework/src/Illuminate/Foundation/Http/Middleware/TransformsRequest.php(21): Illuminate\\Pipeline\\Pipeline->Illuminate\\Pipeline\\{closure}()
#51 /www/wwwroot/demo.medace.org/vendor/laravel/framework/src/Illuminate/Foundation/Http/Middleware/ConvertEmptyStringsToNull.php(31): Illuminate\\Foundation\\Http\\Middleware\\TransformsRequest->handle()
#52 /www/wwwroot/demo.medace.org/vendor/laravel/framework/src/Illuminate/Pipeline/Pipeline.php(180): Illuminate\\Foundation\\Http\\Middleware\\ConvertEmptyStringsToNull->handle()
#53 /www/wwwroot/demo.medace.org/vendor/laravel/framework/src/Illuminate/Foundation/Http/Middleware/TransformsRequest.php(21): Illuminate\\Pipeline\\Pipeline->Illuminate\\Pipeline\\{closure}()
#54 /www/wwwroot/demo.medace.org/vendor/laravel/framework/src/Illuminate/Foundation/Http/Middleware/TrimStrings.php(40): Illuminate\\Foundation\\Http\\Middleware\\TransformsRequest->handle()
#55 /www/wwwroot/demo.medace.org/vendor/laravel/framework/src/Illuminate/Pipeline/Pipeline.php(180): Illuminate\\Foundation\\Http\\Middleware\\TrimStrings->handle()
#56 /www/wwwroot/demo.medace.org/vendor/laravel/framework/src/Illuminate/Foundation/Http/Middleware/ValidatePostSize.php(27): Illuminate\\Pipeline\\Pipeline->Illuminate\\Pipeline\\{closure}()
#57 /www/wwwroot/demo.medace.org/vendor/laravel/framework/src/Illuminate/Pipeline/Pipeline.php(180): Illuminate\\Foundation\\Http\\Middleware\\ValidatePostSize->handle()
#58 /www/wwwroot/demo.medace.org/vendor/laravel/framework/src/Illuminate/Foundation/Http/Middleware/PreventRequestsDuringMaintenance.php(86): Illuminate\\Pipeline\\Pipeline->Illuminate\\Pipeline\\{closure}()
#59 /www/wwwroot/demo.medace.org/vendor/laravel/framework/src/Illuminate/Pipeline/Pipeline.php(180): Illuminate\\Foundation\\Http\\Middleware\\PreventRequestsDuringMaintenance->handle()
#60 /www/wwwroot/demo.medace.org/vendor/fruitcake/laravel-cors/src/HandleCors.php(38): Illuminate\\Pipeline\\Pipeline->Illuminate\\Pipeline\\{closure}()
#61 /www/wwwroot/demo.medace.org/vendor/laravel/framework/src/Illuminate/Pipeline/Pipeline.php(180): Fruitcake\\Cors\\HandleCors->handle()
#62 /www/wwwroot/demo.medace.org/vendor/laravel/framework/src/Illuminate/Http/Middleware/TrustProxies.php(39): Illuminate\\Pipeline\\Pipeline->Illuminate\\Pipeline\\{closure}()
#63 /www/wwwroot/demo.medace.org/vendor/laravel/framework/src/Illuminate/Pipeline/Pipeline.php(180): Illuminate\\Http\\Middleware\\TrustProxies->handle()
#64 /www/wwwroot/demo.medace.org/vendor/laravel/framework/src/Illuminate/Pipeline/Pipeline.php(116): Illuminate\\Pipeline\\Pipeline->Illuminate\\Pipeline\\{closure}()
#65 /www/wwwroot/demo.medace.org/vendor/laravel/framework/src/Illuminate/Foundation/Http/Kernel.php(165): Illuminate\\Pipeline\\Pipeline->then()
#66 /www/wwwroot/demo.medace.org/vendor/laravel/framework/src/Illuminate/Foundation/Http/Kernel.php(134): Illuminate\\Foundation\\Http\\Kernel->sendRequestThroughRouter()
#67 /www/wwwroot/demo.medace.org/public/index.php(52): Illuminate\\Foundation\\Http\\Kernel->handle()
#68 {main}
"} 
[2025-04-16 12:21:02] production.ERROR: file_exists(): open_basedir restriction in effect. File(/fonts/OpenSans-Regular.ttf) is not within the allowed path(s): (/www/wwwroot/demo.medace.org/:/tmp/) {"userId":1049,"exception":"[object] (ErrorException(code: 0): file_exists(): open_basedir restriction in effect. File(/fonts/OpenSans-Regular.ttf) is not within the allowed path(s): (/www/wwwroot/demo.medace.org/:/tmp/) at /www/wwwroot/demo.medace.org/vendor/lasserafn/php-initial-avatar-generator/src/InitialAvatar.php:739)
[stacktrace]
#0 /www/wwwroot/demo.medace.org/vendor/laravel/framework/src/Illuminate/Foundation/Bootstrap/HandleExceptions.php(270): Illuminate\\Foundation\\Bootstrap\\HandleExceptions->handleError()
#1 [internal function]: Illuminate\\Foundation\\Bootstrap\\HandleExceptions->Illuminate\\Foundation\\Bootstrap\\{closure}()
#2 /www/wwwroot/demo.medace.org/vendor/lasserafn/php-initial-avatar-generator/src/InitialAvatar.php(739): file_exists()
#3 /www/wwwroot/demo.medace.org/vendor/lasserafn/php-initial-avatar-generator/src/InitialAvatar.php(644): LasseRafn\\InitialAvatarGenerator\\InitialAvatar->findFontFile()
#4 /www/wwwroot/demo.medace.org/vendor/lasserafn/php-initial-avatar-generator/src/InitialAvatar.php(401): LasseRafn\\InitialAvatarGenerator\\InitialAvatar->makeAvatar()
#5 /www/wwwroot/demo.medace.org/app/Http/Controllers/Web/DefaultAvatarController.php(39): LasseRafn\\InitialAvatarGenerator\\InitialAvatar->generate()
#6 /www/wwwroot/demo.medace.org/vendor/laravel/framework/src/Illuminate/Routing/Controller.php(54): App\\Http\\Controllers\\Web\\DefaultAvatarController->make()
#7 /www/wwwroot/demo.medace.org/vendor/laravel/framework/src/Illuminate/Routing/ControllerDispatcher.php(43): Illuminate\\Routing\\Controller->callAction()
#8 /www/wwwroot/demo.medace.org/vendor/laravel/framework/src/Illuminate/Routing/Route.php(260): Illuminate\\Routing\\ControllerDispatcher->dispatch()
#9 /www/wwwroot/demo.medace.org/vendor/laravel/framework/src/Illuminate/Routing/Route.php(205): Illuminate\\Routing\\Route->runController()
#10 /www/wwwroot/demo.medace.org/vendor/laravel/framework/src/Illuminate/Routing/Router.php(798): Illuminate\\Routing\\Route->run()
#11 /www/wwwroot/demo.medace.org/vendor/laravel/framework/src/Illuminate/Pipeline/Pipeline.php(141): Illuminate\\Routing\\Router->Illuminate\\Routing\\{closure}()
#12 /www/wwwroot/demo.medace.org/app/Http/Middleware/CheckRestriction.php(34): Illuminate\\Pipeline\\Pipeline->Illuminate\\Pipeline\\{closure}()
#13 /www/wwwroot/demo.medace.org/vendor/laravel/framework/src/Illuminate/Pipeline/Pipeline.php(180): App\\Http\\Middleware\\CheckRestriction->handle()
#14 /www/wwwroot/demo.medace.org/app/Http/Middleware/CheckMaintenance.php(37): Illuminate\\Pipeline\\Pipeline->Illuminate\\Pipeline\\{closure}()
#15 /www/wwwroot/demo.medace.org/vendor/laravel/framework/src/Illuminate/Pipeline/Pipeline.php(180): App\\Http\\Middleware\\CheckMaintenance->handle()
#16 /www/wwwroot/demo.medace.org/app/Http/Middleware/Share.php(90): Illuminate\\Pipeline\\Pipeline->Illuminate\\Pipeline\\{closure}()
#17 /www/wwwroot/demo.medace.org/vendor/laravel/framework/src/Illuminate/Pipeline/Pipeline.php(180): App\\Http\\Middleware\\Share->handle()
#18 /www/wwwroot/demo.medace.org/app/Http/Middleware/Impersonate.php(23): Illuminate\\Pipeline\\Pipeline->Illuminate\\Pipeline\\{closure}()
#19 /www/wwwroot/demo.medace.org/vendor/laravel/framework/src/Illuminate/Pipeline/Pipeline.php(180): App\\Http\\Middleware\\Impersonate->handle()
#20 /www/wwwroot/demo.medace.org/app/Http/Middleware/CheckMobileApp.php(25): Illuminate\\Pipeline\\Pipeline->Illuminate\\Pipeline\\{closure}()
#21 /www/wwwroot/demo.medace.org/vendor/laravel/framework/src/Illuminate/Pipeline/Pipeline.php(180): App\\Http\\Middleware\\CheckMobileApp->handle()
#22 /www/wwwroot/demo.medace.org/app/Http/Middleware/DebugBar.php(22): Illuminate\\Pipeline\\Pipeline->Illuminate\\Pipeline\\{closure}()
#23 /www/wwwroot/demo.medace.org/vendor/laravel/framework/src/Illuminate/Pipeline/Pipeline.php(180): App\\Http\\Middleware\\DebugBar->handle()
#24 /www/wwwroot/demo.medace.org/app/Http/Middleware/SessionValidity.php(36): Illuminate\\Pipeline\\Pipeline->Illuminate\\Pipeline\\{closure}()
#25 /www/wwwroot/demo.medace.org/vendor/laravel/framework/src/Illuminate/Pipeline/Pipeline.php(180): App\\Http\\Middleware\\SessionValidity->handle()
#26 /www/wwwroot/demo.medace.org/app/Http/Middleware/UserLocale.php(44): Illuminate\\Pipeline\\Pipeline->Illuminate\\Pipeline\\{closure}()
#27 /www/wwwroot/demo.medace.org/vendor/laravel/framework/src/Illuminate/Pipeline/Pipeline.php(180): App\\Http\\Middleware\\UserLocale->handle()
#28 /www/wwwroot/demo.medace.org/vendor/laravel/framework/src/Illuminate/Routing/Middleware/SubstituteBindings.php(50): Illuminate\\Pipeline\\Pipeline->Illuminate\\Pipeline\\{closure}()
#29 /www/wwwroot/demo.medace.org/vendor/laravel/framework/src/Illuminate/Pipeline/Pipeline.php(180): Illuminate\\Routing\\Middleware\\SubstituteBindings->handle()
#30 /www/wwwroot/demo.medace.org/vendor/laravel/framework/src/Illuminate/Foundation/Http/Middleware/VerifyCsrfToken.php(78): Illuminate\\Pipeline\\Pipeline->Illuminate\\Pipeline\\{closure}()
#31 /www/wwwroot/demo.medace.org/vendor/laravel/framework/src/Illuminate/Pipeline/Pipeline.php(180): Illuminate\\Foundation\\Http\\Middleware\\VerifyCsrfToken->handle()
#32 /www/wwwroot/demo.medace.org/vendor/laravel/framework/src/Illuminate/View/Middleware/ShareErrorsFromSession.php(49): Illuminate\\Pipeline\\Pipeline->Illuminate\\Pipeline\\{closure}()
#33 /www/wwwroot/demo.medace.org/vendor/laravel/framework/src/Illuminate/Pipeline/Pipeline.php(180): Illuminate\\View\\Middleware\\ShareErrorsFromSession->handle()
#34 /www/wwwroot/demo.medace.org/vendor/laravel/framework/src/Illuminate/Session/Middleware/StartSession.php(121): Illuminate\\Pipeline\\Pipeline->Illuminate\\Pipeline\\{closure}()
#35 /www/wwwroot/demo.medace.org/vendor/laravel/framework/src/Illuminate/Session/Middleware/StartSession.php(64): Illuminate\\Session\\Middleware\\StartSession->handleStatefulRequest()
#36 /www/wwwroot/demo.medace.org/vendor/laravel/framework/src/Illuminate/Pipeline/Pipeline.php(180): Illuminate\\Session\\Middleware\\StartSession->handle()
#37 /www/wwwroot/demo.medace.org/vendor/laravel/framework/src/Illuminate/Cookie/Middleware/AddQueuedCookiesToResponse.php(37): Illuminate\\Pipeline\\Pipeline->Illuminate\\Pipeline\\{closure}()
#38 /www/wwwroot/demo.medace.org/vendor/laravel/framework/src/Illuminate/Pipeline/Pipeline.php(180): Illuminate\\Cookie\\Middleware\\AddQueuedCookiesToResponse->handle()
#39 /www/wwwroot/demo.medace.org/vendor/laravel/framework/src/Illuminate/Cookie/Middleware/EncryptCookies.php(67): Illuminate\\Pipeline\\Pipeline->Illuminate\\Pipeline\\{closure}()
#40 /www/wwwroot/demo.medace.org/vendor/laravel/framework/src/Illuminate/Pipeline/Pipeline.php(180): Illuminate\\Cookie\\Middleware\\EncryptCookies->handle()
#41 /www/wwwroot/demo.medace.org/vendor/laravel/framework/src/Illuminate/Pipeline/Pipeline.php(116): Illuminate\\Pipeline\\Pipeline->Illuminate\\Pipeline\\{closure}()
#42 /www/wwwroot/demo.medace.org/vendor/laravel/framework/src/Illuminate/Routing/Router.php(799): Illuminate\\Pipeline\\Pipeline->then()
#43 /www/wwwroot/demo.medace.org/vendor/laravel/framework/src/Illuminate/Routing/Router.php(776): Illuminate\\Routing\\Router->runRouteWithinStack()
#44 /www/wwwroot/demo.medace.org/vendor/laravel/framework/src/Illuminate/Routing/Router.php(740): Illuminate\\Routing\\Router->runRoute()
#45 /www/wwwroot/demo.medace.org/vendor/laravel/framework/src/Illuminate/Routing/Router.php(729): Illuminate\\Routing\\Router->dispatchToRoute()
#46 /www/wwwroot/demo.medace.org/vendor/laravel/framework/src/Illuminate/Foundation/Http/Kernel.php(190): Illuminate\\Routing\\Router->dispatch()
#47 /www/wwwroot/demo.medace.org/vendor/laravel/framework/src/Illuminate/Pipeline/Pipeline.php(141): Illuminate\\Foundation\\Http\\Kernel->Illuminate\\Foundation\\Http\\{closure}()
#48 /www/wwwroot/demo.medace.org/vendor/barryvdh/laravel-debugbar/src/Middleware/InjectDebugbar.php(66): Illuminate\\Pipeline\\Pipeline->Illuminate\\Pipeline\\{closure}()
#49 /www/wwwroot/demo.medace.org/vendor/laravel/framework/src/Illuminate/Pipeline/Pipeline.php(180): Barryvdh\\Debugbar\\Middleware\\InjectDebugbar->handle()
#50 /www/wwwroot/demo.medace.org/vendor/laravel/framework/src/Illuminate/Foundation/Http/Middleware/TransformsRequest.php(21): Illuminate\\Pipeline\\Pipeline->Illuminate\\Pipeline\\{closure}()
#51 /www/wwwroot/demo.medace.org/vendor/laravel/framework/src/Illuminate/Foundation/Http/Middleware/ConvertEmptyStringsToNull.php(31): Illuminate\\Foundation\\Http\\Middleware\\TransformsRequest->handle()
#52 /www/wwwroot/demo.medace.org/vendor/laravel/framework/src/Illuminate/Pipeline/Pipeline.php(180): Illuminate\\Foundation\\Http\\Middleware\\ConvertEmptyStringsToNull->handle()
#53 /www/wwwroot/demo.medace.org/vendor/laravel/framework/src/Illuminate/Foundation/Http/Middleware/TransformsRequest.php(21): Illuminate\\Pipeline\\Pipeline->Illuminate\\Pipeline\\{closure}()
#54 /www/wwwroot/demo.medace.org/vendor/laravel/framework/src/Illuminate/Foundation/Http/Middleware/TrimStrings.php(40): Illuminate\\Foundation\\Http\\Middleware\\TransformsRequest->handle()
#55 /www/wwwroot/demo.medace.org/vendor/laravel/framework/src/Illuminate/Pipeline/Pipeline.php(180): Illuminate\\Foundation\\Http\\Middleware\\TrimStrings->handle()
#56 /www/wwwroot/demo.medace.org/vendor/laravel/framework/src/Illuminate/Foundation/Http/Middleware/ValidatePostSize.php(27): Illuminate\\Pipeline\\Pipeline->Illuminate\\Pipeline\\{closure}()
#57 /www/wwwroot/demo.medace.org/vendor/laravel/framework/src/Illuminate/Pipeline/Pipeline.php(180): Illuminate\\Foundation\\Http\\Middleware\\ValidatePostSize->handle()
#58 /www/wwwroot/demo.medace.org/vendor/laravel/framework/src/Illuminate/Foundation/Http/Middleware/PreventRequestsDuringMaintenance.php(86): Illuminate\\Pipeline\\Pipeline->Illuminate\\Pipeline\\{closure}()
#59 /www/wwwroot/demo.medace.org/vendor/laravel/framework/src/Illuminate/Pipeline/Pipeline.php(180): Illuminate\\Foundation\\Http\\Middleware\\PreventRequestsDuringMaintenance->handle()
#60 /www/wwwroot/demo.medace.org/vendor/fruitcake/laravel-cors/src/HandleCors.php(38): Illuminate\\Pipeline\\Pipeline->Illuminate\\Pipeline\\{closure}()
#61 /www/wwwroot/demo.medace.org/vendor/laravel/framework/src/Illuminate/Pipeline/Pipeline.php(180): Fruitcake\\Cors\\HandleCors->handle()
#62 /www/wwwroot/demo.medace.org/vendor/laravel/framework/src/Illuminate/Http/Middleware/TrustProxies.php(39): Illuminate\\Pipeline\\Pipeline->Illuminate\\Pipeline\\{closure}()
#63 /www/wwwroot/demo.medace.org/vendor/laravel/framework/src/Illuminate/Pipeline/Pipeline.php(180): Illuminate\\Http\\Middleware\\TrustProxies->handle()
#64 /www/wwwroot/demo.medace.org/vendor/laravel/framework/src/Illuminate/Pipeline/Pipeline.php(116): Illuminate\\Pipeline\\Pipeline->Illuminate\\Pipeline\\{closure}()
#65 /www/wwwroot/demo.medace.org/vendor/laravel/framework/src/Illuminate/Foundation/Http/Kernel.php(165): Illuminate\\Pipeline\\Pipeline->then()
#66 /www/wwwroot/demo.medace.org/vendor/laravel/framework/src/Illuminate/Foundation/Http/Kernel.php(134): Illuminate\\Foundation\\Http\\Kernel->sendRequestThroughRouter()
#67 /www/wwwroot/demo.medace.org/public/index.php(52): Illuminate\\Foundation\\Http\\Kernel->handle()
#68 {main}
"} 
[2025-04-16 12:21:02] production.ERROR: file_exists(): open_basedir restriction in effect. File(/fonts/OpenSans-Regular.ttf) is not within the allowed path(s): (/www/wwwroot/demo.medace.org/:/tmp/) {"userId":1049,"exception":"[object] (ErrorException(code: 0): file_exists(): open_basedir restriction in effect. File(/fonts/OpenSans-Regular.ttf) is not within the allowed path(s): (/www/wwwroot/demo.medace.org/:/tmp/) at /www/wwwroot/demo.medace.org/vendor/lasserafn/php-initial-avatar-generator/src/InitialAvatar.php:739)
[stacktrace]
#0 /www/wwwroot/demo.medace.org/vendor/laravel/framework/src/Illuminate/Foundation/Bootstrap/HandleExceptions.php(270): Illuminate\\Foundation\\Bootstrap\\HandleExceptions->handleError()
#1 [internal function]: Illuminate\\Foundation\\Bootstrap\\HandleExceptions->Illuminate\\Foundation\\Bootstrap\\{closure}()
#2 /www/wwwroot/demo.medace.org/vendor/lasserafn/php-initial-avatar-generator/src/InitialAvatar.php(739): file_exists()
#3 /www/wwwroot/demo.medace.org/vendor/lasserafn/php-initial-avatar-generator/src/InitialAvatar.php(644): LasseRafn\\InitialAvatarGenerator\\InitialAvatar->findFontFile()
#4 /www/wwwroot/demo.medace.org/vendor/lasserafn/php-initial-avatar-generator/src/InitialAvatar.php(401): LasseRafn\\InitialAvatarGenerator\\InitialAvatar->makeAvatar()
#5 /www/wwwroot/demo.medace.org/app/Http/Controllers/Web/DefaultAvatarController.php(39): LasseRafn\\InitialAvatarGenerator\\InitialAvatar->generate()
#6 /www/wwwroot/demo.medace.org/vendor/laravel/framework/src/Illuminate/Routing/Controller.php(54): App\\Http\\Controllers\\Web\\DefaultAvatarController->make()
#7 /www/wwwroot/demo.medace.org/vendor/laravel/framework/src/Illuminate/Routing/ControllerDispatcher.php(43): Illuminate\\Routing\\Controller->callAction()
#8 /www/wwwroot/demo.medace.org/vendor/laravel/framework/src/Illuminate/Routing/Route.php(260): Illuminate\\Routing\\ControllerDispatcher->dispatch()
#9 /www/wwwroot/demo.medace.org/vendor/laravel/framework/src/Illuminate/Routing/Route.php(205): Illuminate\\Routing\\Route->runController()
#10 /www/wwwroot/demo.medace.org/vendor/laravel/framework/src/Illuminate/Routing/Router.php(798): Illuminate\\Routing\\Route->run()
#11 /www/wwwroot/demo.medace.org/vendor/laravel/framework/src/Illuminate/Pipeline/Pipeline.php(141): Illuminate\\Routing\\Router->Illuminate\\Routing\\{closure}()
#12 /www/wwwroot/demo.medace.org/app/Http/Middleware/CheckRestriction.php(34): Illuminate\\Pipeline\\Pipeline->Illuminate\\Pipeline\\{closure}()
#13 /www/wwwroot/demo.medace.org/vendor/laravel/framework/src/Illuminate/Pipeline/Pipeline.php(180): App\\Http\\Middleware\\CheckRestriction->handle()
#14 /www/wwwroot/demo.medace.org/app/Http/Middleware/CheckMaintenance.php(37): Illuminate\\Pipeline\\Pipeline->Illuminate\\Pipeline\\{closure}()
#15 /www/wwwroot/demo.medace.org/vendor/laravel/framework/src/Illuminate/Pipeline/Pipeline.php(180): App\\Http\\Middleware\\CheckMaintenance->handle()
#16 /www/wwwroot/demo.medace.org/app/Http/Middleware/Share.php(90): Illuminate\\Pipeline\\Pipeline->Illuminate\\Pipeline\\{closure}()
#17 /www/wwwroot/demo.medace.org/vendor/laravel/framework/src/Illuminate/Pipeline/Pipeline.php(180): App\\Http\\Middleware\\Share->handle()
#18 /www/wwwroot/demo.medace.org/app/Http/Middleware/Impersonate.php(23): Illuminate\\Pipeline\\Pipeline->Illuminate\\Pipeline\\{closure}()
#19 /www/wwwroot/demo.medace.org/vendor/laravel/framework/src/Illuminate/Pipeline/Pipeline.php(180): App\\Http\\Middleware\\Impersonate->handle()
#20 /www/wwwroot/demo.medace.org/app/Http/Middleware/CheckMobileApp.php(25): Illuminate\\Pipeline\\Pipeline->Illuminate\\Pipeline\\{closure}()
#21 /www/wwwroot/demo.medace.org/vendor/laravel/framework/src/Illuminate/Pipeline/Pipeline.php(180): App\\Http\\Middleware\\CheckMobileApp->handle()
#22 /www/wwwroot/demo.medace.org/app/Http/Middleware/DebugBar.php(22): Illuminate\\Pipeline\\Pipeline->Illuminate\\Pipeline\\{closure}()
#23 /www/wwwroot/demo.medace.org/vendor/laravel/framework/src/Illuminate/Pipeline/Pipeline.php(180): App\\Http\\Middleware\\DebugBar->handle()
#24 /www/wwwroot/demo.medace.org/app/Http/Middleware/SessionValidity.php(36): Illuminate\\Pipeline\\Pipeline->Illuminate\\Pipeline\\{closure}()
#25 /www/wwwroot/demo.medace.org/vendor/laravel/framework/src/Illuminate/Pipeline/Pipeline.php(180): App\\Http\\Middleware\\SessionValidity->handle()
#26 /www/wwwroot/demo.medace.org/app/Http/Middleware/UserLocale.php(44): Illuminate\\Pipeline\\Pipeline->Illuminate\\Pipeline\\{closure}()
#27 /www/wwwroot/demo.medace.org/vendor/laravel/framework/src/Illuminate/Pipeline/Pipeline.php(180): App\\Http\\Middleware\\UserLocale->handle()
#28 /www/wwwroot/demo.medace.org/vendor/laravel/framework/src/Illuminate/Routing/Middleware/SubstituteBindings.php(50): Illuminate\\Pipeline\\Pipeline->Illuminate\\Pipeline\\{closure}()
#29 /www/wwwroot/demo.medace.org/vendor/laravel/framework/src/Illuminate/Pipeline/Pipeline.php(180): Illuminate\\Routing\\Middleware\\SubstituteBindings->handle()
#30 /www/wwwroot/demo.medace.org/vendor/laravel/framework/src/Illuminate/Foundation/Http/Middleware/VerifyCsrfToken.php(78): Illuminate\\Pipeline\\Pipeline->Illuminate\\Pipeline\\{closure}()
#31 /www/wwwroot/demo.medace.org/vendor/laravel/framework/src/Illuminate/Pipeline/Pipeline.php(180): Illuminate\\Foundation\\Http\\Middleware\\VerifyCsrfToken->handle()
#32 /www/wwwroot/demo.medace.org/vendor/laravel/framework/src/Illuminate/View/Middleware/ShareErrorsFromSession.php(49): Illuminate\\Pipeline\\Pipeline->Illuminate\\Pipeline\\{closure}()
#33 /www/wwwroot/demo.medace.org/vendor/laravel/framework/src/Illuminate/Pipeline/Pipeline.php(180): Illuminate\\View\\Middleware\\ShareErrorsFromSession->handle()
#34 /www/wwwroot/demo.medace.org/vendor/laravel/framework/src/Illuminate/Session/Middleware/StartSession.php(121): Illuminate\\Pipeline\\Pipeline->Illuminate\\Pipeline\\{closure}()
#35 /www/wwwroot/demo.medace.org/vendor/laravel/framework/src/Illuminate/Session/Middleware/StartSession.php(64): Illuminate\\Session\\Middleware\\StartSession->handleStatefulRequest()
#36 /www/wwwroot/demo.medace.org/vendor/laravel/framework/src/Illuminate/Pipeline/Pipeline.php(180): Illuminate\\Session\\Middleware\\StartSession->handle()
#37 /www/wwwroot/demo.medace.org/vendor/laravel/framework/src/Illuminate/Cookie/Middleware/AddQueuedCookiesToResponse.php(37): Illuminate\\Pipeline\\Pipeline->Illuminate\\Pipeline\\{closure}()
#38 /www/wwwroot/demo.medace.org/vendor/laravel/framework/src/Illuminate/Pipeline/Pipeline.php(180): Illuminate\\Cookie\\Middleware\\AddQueuedCookiesToResponse->handle()
#39 /www/wwwroot/demo.medace.org/vendor/laravel/framework/src/Illuminate/Cookie/Middleware/EncryptCookies.php(67): Illuminate\\Pipeline\\Pipeline->Illuminate\\Pipeline\\{closure}()
#40 /www/wwwroot/demo.medace.org/vendor/laravel/framework/src/Illuminate/Pipeline/Pipeline.php(180): Illuminate\\Cookie\\Middleware\\EncryptCookies->handle()
#41 /www/wwwroot/demo.medace.org/vendor/laravel/framework/src/Illuminate/Pipeline/Pipeline.php(116): Illuminate\\Pipeline\\Pipeline->Illuminate\\Pipeline\\{closure}()
#42 /www/wwwroot/demo.medace.org/vendor/laravel/framework/src/Illuminate/Routing/Router.php(799): Illuminate\\Pipeline\\Pipeline->then()
#43 /www/wwwroot/demo.medace.org/vendor/laravel/framework/src/Illuminate/Routing/Router.php(776): Illuminate\\Routing\\Router->runRouteWithinStack()
#44 /www/wwwroot/demo.medace.org/vendor/laravel/framework/src/Illuminate/Routing/Router.php(740): Illuminate\\Routing\\Router->runRoute()
#45 /www/wwwroot/demo.medace.org/vendor/laravel/framework/src/Illuminate/Routing/Router.php(729): Illuminate\\Routing\\Router->dispatchToRoute()
#46 /www/wwwroot/demo.medace.org/vendor/laravel/framework/src/Illuminate/Foundation/Http/Kernel.php(190): Illuminate\\Routing\\Router->dispatch()
#47 /www/wwwroot/demo.medace.org/vendor/laravel/framework/src/Illuminate/Pipeline/Pipeline.php(141): Illuminate\\Foundation\\Http\\Kernel->Illuminate\\Foundation\\Http\\{closure}()
#48 /www/wwwroot/demo.medace.org/vendor/barryvdh/laravel-debugbar/src/Middleware/InjectDebugbar.php(66): Illuminate\\Pipeline\\Pipeline->Illuminate\\Pipeline\\{closure}()
#49 /www/wwwroot/demo.medace.org/vendor/laravel/framework/src/Illuminate/Pipeline/Pipeline.php(180): Barryvdh\\Debugbar\\Middleware\\InjectDebugbar->handle()
#50 /www/wwwroot/demo.medace.org/vendor/laravel/framework/src/Illuminate/Foundation/Http/Middleware/TransformsRequest.php(21): Illuminate\\Pipeline\\Pipeline->Illuminate\\Pipeline\\{closure}()
#51 /www/wwwroot/demo.medace.org/vendor/laravel/framework/src/Illuminate/Foundation/Http/Middleware/ConvertEmptyStringsToNull.php(31): Illuminate\\Foundation\\Http\\Middleware\\TransformsRequest->handle()
#52 /www/wwwroot/demo.medace.org/vendor/laravel/framework/src/Illuminate/Pipeline/Pipeline.php(180): Illuminate\\Foundation\\Http\\Middleware\\ConvertEmptyStringsToNull->handle()
#53 /www/wwwroot/demo.medace.org/vendor/laravel/framework/src/Illuminate/Foundation/Http/Middleware/TransformsRequest.php(21): Illuminate\\Pipeline\\Pipeline->Illuminate\\Pipeline\\{closure}()
#54 /www/wwwroot/demo.medace.org/vendor/laravel/framework/src/Illuminate/Foundation/Http/Middleware/TrimStrings.php(40): Illuminate\\Foundation\\Http\\Middleware\\TransformsRequest->handle()
#55 /www/wwwroot/demo.medace.org/vendor/laravel/framework/src/Illuminate/Pipeline/Pipeline.php(180): Illuminate\\Foundation\\Http\\Middleware\\TrimStrings->handle()
#56 /www/wwwroot/demo.medace.org/vendor/laravel/framework/src/Illuminate/Foundation/Http/Middleware/ValidatePostSize.php(27): Illuminate\\Pipeline\\Pipeline->Illuminate\\Pipeline\\{closure}()
#57 /www/wwwroot/demo.medace.org/vendor/laravel/framework/src/Illuminate/Pipeline/Pipeline.php(180): Illuminate\\Foundation\\Http\\Middleware\\ValidatePostSize->handle()
#58 /www/wwwroot/demo.medace.org/vendor/laravel/framework/src/Illuminate/Foundation/Http/Middleware/PreventRequestsDuringMaintenance.php(86): Illuminate\\Pipeline\\Pipeline->Illuminate\\Pipeline\\{closure}()
#59 /www/wwwroot/demo.medace.org/vendor/laravel/framework/src/Illuminate/Pipeline/Pipeline.php(180): Illuminate\\Foundation\\Http\\Middleware\\PreventRequestsDuringMaintenance->handle()
#60 /www/wwwroot/demo.medace.org/vendor/fruitcake/laravel-cors/src/HandleCors.php(38): Illuminate\\Pipeline\\Pipeline->Illuminate\\Pipeline\\{closure}()
#61 /www/wwwroot/demo.medace.org/vendor/laravel/framework/src/Illuminate/Pipeline/Pipeline.php(180): Fruitcake\\Cors\\HandleCors->handle()
#62 /www/wwwroot/demo.medace.org/vendor/laravel/framework/src/Illuminate/Http/Middleware/TrustProxies.php(39): Illuminate\\Pipeline\\Pipeline->Illuminate\\Pipeline\\{closure}()
#63 /www/wwwroot/demo.medace.org/vendor/laravel/framework/src/Illuminate/Pipeline/Pipeline.php(180): Illuminate\\Http\\Middleware\\TrustProxies->handle()
#64 /www/wwwroot/demo.medace.org/vendor/laravel/framework/src/Illuminate/Pipeline/Pipeline.php(116): Illuminate\\Pipeline\\Pipeline->Illuminate\\Pipeline\\{closure}()
#65 /www/wwwroot/demo.medace.org/vendor/laravel/framework/src/Illuminate/Foundation/Http/Kernel.php(165): Illuminate\\Pipeline\\Pipeline->then()
#66 /www/wwwroot/demo.medace.org/vendor/laravel/framework/src/Illuminate/Foundation/Http/Kernel.php(134): Illuminate\\Foundation\\Http\\Kernel->sendRequestThroughRouter()
#67 /www/wwwroot/demo.medace.org/public/index.php(52): Illuminate\\Foundation\\Http\\Kernel->handle()
#68 {main}
"} 
[2025-04-16 12:21:02] production.ERROR: file_exists(): open_basedir restriction in effect. File(/fonts/OpenSans-Regular.ttf) is not within the allowed path(s): (/www/wwwroot/demo.medace.org/:/tmp/) {"userId":1049,"exception":"[object] (ErrorException(code: 0): file_exists(): open_basedir restriction in effect. File(/fonts/OpenSans-Regular.ttf) is not within the allowed path(s): (/www/wwwroot/demo.medace.org/:/tmp/) at /www/wwwroot/demo.medace.org/vendor/lasserafn/php-initial-avatar-generator/src/InitialAvatar.php:739)
[stacktrace]
#0 /www/wwwroot/demo.medace.org/vendor/laravel/framework/src/Illuminate/Foundation/Bootstrap/HandleExceptions.php(270): Illuminate\\Foundation\\Bootstrap\\HandleExceptions->handleError()
#1 [internal function]: Illuminate\\Foundation\\Bootstrap\\HandleExceptions->Illuminate\\Foundation\\Bootstrap\\{closure}()
#2 /www/wwwroot/demo.medace.org/vendor/lasserafn/php-initial-avatar-generator/src/InitialAvatar.php(739): file_exists()
#3 /www/wwwroot/demo.medace.org/vendor/lasserafn/php-initial-avatar-generator/src/InitialAvatar.php(644): LasseRafn\\InitialAvatarGenerator\\InitialAvatar->findFontFile()
#4 /www/wwwroot/demo.medace.org/vendor/lasserafn/php-initial-avatar-generator/src/InitialAvatar.php(401): LasseRafn\\InitialAvatarGenerator\\InitialAvatar->makeAvatar()
#5 /www/wwwroot/demo.medace.org/app/Http/Controllers/Web/DefaultAvatarController.php(39): LasseRafn\\InitialAvatarGenerator\\InitialAvatar->generate()
#6 /www/wwwroot/demo.medace.org/vendor/laravel/framework/src/Illuminate/Routing/Controller.php(54): App\\Http\\Controllers\\Web\\DefaultAvatarController->make()
#7 /www/wwwroot/demo.medace.org/vendor/laravel/framework/src/Illuminate/Routing/ControllerDispatcher.php(43): Illuminate\\Routing\\Controller->callAction()
#8 /www/wwwroot/demo.medace.org/vendor/laravel/framework/src/Illuminate/Routing/Route.php(260): Illuminate\\Routing\\ControllerDispatcher->dispatch()
#9 /www/wwwroot/demo.medace.org/vendor/laravel/framework/src/Illuminate/Routing/Route.php(205): Illuminate\\Routing\\Route->runController()
#10 /www/wwwroot/demo.medace.org/vendor/laravel/framework/src/Illuminate/Routing/Router.php(798): Illuminate\\Routing\\Route->run()
#11 /www/wwwroot/demo.medace.org/vendor/laravel/framework/src/Illuminate/Pipeline/Pipeline.php(141): Illuminate\\Routing\\Router->Illuminate\\Routing\\{closure}()
#12 /www/wwwroot/demo.medace.org/app/Http/Middleware/CheckRestriction.php(34): Illuminate\\Pipeline\\Pipeline->Illuminate\\Pipeline\\{closure}()
#13 /www/wwwroot/demo.medace.org/vendor/laravel/framework/src/Illuminate/Pipeline/Pipeline.php(180): App\\Http\\Middleware\\CheckRestriction->handle()
#14 /www/wwwroot/demo.medace.org/app/Http/Middleware/CheckMaintenance.php(37): Illuminate\\Pipeline\\Pipeline->Illuminate\\Pipeline\\{closure}()
#15 /www/wwwroot/demo.medace.org/vendor/laravel/framework/src/Illuminate/Pipeline/Pipeline.php(180): App\\Http\\Middleware\\CheckMaintenance->handle()
#16 /www/wwwroot/demo.medace.org/app/Http/Middleware/Share.php(90): Illuminate\\Pipeline\\Pipeline->Illuminate\\Pipeline\\{closure}()
#17 /www/wwwroot/demo.medace.org/vendor/laravel/framework/src/Illuminate/Pipeline/Pipeline.php(180): App\\Http\\Middleware\\Share->handle()
#18 /www/wwwroot/demo.medace.org/app/Http/Middleware/Impersonate.php(23): Illuminate\\Pipeline\\Pipeline->Illuminate\\Pipeline\\{closure}()
#19 /www/wwwroot/demo.medace.org/vendor/laravel/framework/src/Illuminate/Pipeline/Pipeline.php(180): App\\Http\\Middleware\\Impersonate->handle()
#20 /www/wwwroot/demo.medace.org/app/Http/Middleware/CheckMobileApp.php(25): Illuminate\\Pipeline\\Pipeline->Illuminate\\Pipeline\\{closure}()
#21 /www/wwwroot/demo.medace.org/vendor/laravel/framework/src/Illuminate/Pipeline/Pipeline.php(180): App\\Http\\Middleware\\CheckMobileApp->handle()
#22 /www/wwwroot/demo.medace.org/app/Http/Middleware/DebugBar.php(22): Illuminate\\Pipeline\\Pipeline->Illuminate\\Pipeline\\{closure}()
#23 /www/wwwroot/demo.medace.org/vendor/laravel/framework/src/Illuminate/Pipeline/Pipeline.php(180): App\\Http\\Middleware\\DebugBar->handle()
#24 /www/wwwroot/demo.medace.org/app/Http/Middleware/SessionValidity.php(36): Illuminate\\Pipeline\\Pipeline->Illuminate\\Pipeline\\{closure}()
#25 /www/wwwroot/demo.medace.org/vendor/laravel/framework/src/Illuminate/Pipeline/Pipeline.php(180): App\\Http\\Middleware\\SessionValidity->handle()
#26 /www/wwwroot/demo.medace.org/app/Http/Middleware/UserLocale.php(44): Illuminate\\Pipeline\\Pipeline->Illuminate\\Pipeline\\{closure}()
#27 /www/wwwroot/demo.medace.org/vendor/laravel/framework/src/Illuminate/Pipeline/Pipeline.php(180): App\\Http\\Middleware\\UserLocale->handle()
#28 /www/wwwroot/demo.medace.org/vendor/laravel/framework/src/Illuminate/Routing/Middleware/SubstituteBindings.php(50): Illuminate\\Pipeline\\Pipeline->Illuminate\\Pipeline\\{closure}()
#29 /www/wwwroot/demo.medace.org/vendor/laravel/framework/src/Illuminate/Pipeline/Pipeline.php(180): Illuminate\\Routing\\Middleware\\SubstituteBindings->handle()
#30 /www/wwwroot/demo.medace.org/vendor/laravel/framework/src/Illuminate/Foundation/Http/Middleware/VerifyCsrfToken.php(78): Illuminate\\Pipeline\\Pipeline->Illuminate\\Pipeline\\{closure}()
#31 /www/wwwroot/demo.medace.org/vendor/laravel/framework/src/Illuminate/Pipeline/Pipeline.php(180): Illuminate\\Foundation\\Http\\Middleware\\VerifyCsrfToken->handle()
#32 /www/wwwroot/demo.medace.org/vendor/laravel/framework/src/Illuminate/View/Middleware/ShareErrorsFromSession.php(49): Illuminate\\Pipeline\\Pipeline->Illuminate\\Pipeline\\{closure}()
#33 /www/wwwroot/demo.medace.org/vendor/laravel/framework/src/Illuminate/Pipeline/Pipeline.php(180): Illuminate\\View\\Middleware\\ShareErrorsFromSession->handle()
#34 /www/wwwroot/demo.medace.org/vendor/laravel/framework/src/Illuminate/Session/Middleware/StartSession.php(121): Illuminate\\Pipeline\\Pipeline->Illuminate\\Pipeline\\{closure}()
#35 /www/wwwroot/demo.medace.org/vendor/laravel/framework/src/Illuminate/Session/Middleware/StartSession.php(64): Illuminate\\Session\\Middleware\\StartSession->handleStatefulRequest()
#36 /www/wwwroot/demo.medace.org/vendor/laravel/framework/src/Illuminate/Pipeline/Pipeline.php(180): Illuminate\\Session\\Middleware\\StartSession->handle()
#37 /www/wwwroot/demo.medace.org/vendor/laravel/framework/src/Illuminate/Cookie/Middleware/AddQueuedCookiesToResponse.php(37): Illuminate\\Pipeline\\Pipeline->Illuminate\\Pipeline\\{closure}()
#38 /www/wwwroot/demo.medace.org/vendor/laravel/framework/src/Illuminate/Pipeline/Pipeline.php(180): Illuminate\\Cookie\\Middleware\\AddQueuedCookiesToResponse->handle()
#39 /www/wwwroot/demo.medace.org/vendor/laravel/framework/src/Illuminate/Cookie/Middleware/EncryptCookies.php(67): Illuminate\\Pipeline\\Pipeline->Illuminate\\Pipeline\\{closure}()
#40 /www/wwwroot/demo.medace.org/vendor/laravel/framework/src/Illuminate/Pipeline/Pipeline.php(180): Illuminate\\Cookie\\Middleware\\EncryptCookies->handle()
#41 /www/wwwroot/demo.medace.org/vendor/laravel/framework/src/Illuminate/Pipeline/Pipeline.php(116): Illuminate\\Pipeline\\Pipeline->Illuminate\\Pipeline\\{closure}()
#42 /www/wwwroot/demo.medace.org/vendor/laravel/framework/src/Illuminate/Routing/Router.php(799): Illuminate\\Pipeline\\Pipeline->then()
#43 /www/wwwroot/demo.medace.org/vendor/laravel/framework/src/Illuminate/Routing/Router.php(776): Illuminate\\Routing\\Router->runRouteWithinStack()
#44 /www/wwwroot/demo.medace.org/vendor/laravel/framework/src/Illuminate/Routing/Router.php(740): Illuminate\\Routing\\Router->runRoute()
#45 /www/wwwroot/demo.medace.org/vendor/laravel/framework/src/Illuminate/Routing/Router.php(729): Illuminate\\Routing\\Router->dispatchToRoute()
#46 /www/wwwroot/demo.medace.org/vendor/laravel/framework/src/Illuminate/Foundation/Http/Kernel.php(190): Illuminate\\Routing\\Router->dispatch()
#47 /www/wwwroot/demo.medace.org/vendor/laravel/framework/src/Illuminate/Pipeline/Pipeline.php(141): Illuminate\\Foundation\\Http\\Kernel->Illuminate\\Foundation\\Http\\{closure}()
#48 /www/wwwroot/demo.medace.org/vendor/barryvdh/laravel-debugbar/src/Middleware/InjectDebugbar.php(66): Illuminate\\Pipeline\\Pipeline->Illuminate\\Pipeline\\{closure}()
#49 /www/wwwroot/demo.medace.org/vendor/laravel/framework/src/Illuminate/Pipeline/Pipeline.php(180): Barryvdh\\Debugbar\\Middleware\\InjectDebugbar->handle()
#50 /www/wwwroot/demo.medace.org/vendor/laravel/framework/src/Illuminate/Foundation/Http/Middleware/TransformsRequest.php(21): Illuminate\\Pipeline\\Pipeline->Illuminate\\Pipeline\\{closure}()
#51 /www/wwwroot/demo.medace.org/vendor/laravel/framework/src/Illuminate/Foundation/Http/Middleware/ConvertEmptyStringsToNull.php(31): Illuminate\\Foundation\\Http\\Middleware\\TransformsRequest->handle()
#52 /www/wwwroot/demo.medace.org/vendor/laravel/framework/src/Illuminate/Pipeline/Pipeline.php(180): Illuminate\\Foundation\\Http\\Middleware\\ConvertEmptyStringsToNull->handle()
#53 /www/wwwroot/demo.medace.org/vendor/laravel/framework/src/Illuminate/Foundation/Http/Middleware/TransformsRequest.php(21): Illuminate\\Pipeline\\Pipeline->Illuminate\\Pipeline\\{closure}()
#54 /www/wwwroot/demo.medace.org/vendor/laravel/framework/src/Illuminate/Foundation/Http/Middleware/TrimStrings.php(40): Illuminate\\Foundation\\Http\\Middleware\\TransformsRequest->handle()
#55 /www/wwwroot/demo.medace.org/vendor/laravel/framework/src/Illuminate/Pipeline/Pipeline.php(180): Illuminate\\Foundation\\Http\\Middleware\\TrimStrings->handle()
#56 /www/wwwroot/demo.medace.org/vendor/laravel/framework/src/Illuminate/Foundation/Http/Middleware/ValidatePostSize.php(27): Illuminate\\Pipeline\\Pipeline->Illuminate\\Pipeline\\{closure}()
#57 /www/wwwroot/demo.medace.org/vendor/laravel/framework/src/Illuminate/Pipeline/Pipeline.php(180): Illuminate\\Foundation\\Http\\Middleware\\ValidatePostSize->handle()
#58 /www/wwwroot/demo.medace.org/vendor/laravel/framework/src/Illuminate/Foundation/Http/Middleware/PreventRequestsDuringMaintenance.php(86): Illuminate\\Pipeline\\Pipeline->Illuminate\\Pipeline\\{closure}()
#59 /www/wwwroot/demo.medace.org/vendor/laravel/framework/src/Illuminate/Pipeline/Pipeline.php(180): Illuminate\\Foundation\\Http\\Middleware\\PreventRequestsDuringMaintenance->handle()
#60 /www/wwwroot/demo.medace.org/vendor/fruitcake/laravel-cors/src/HandleCors.php(38): Illuminate\\Pipeline\\Pipeline->Illuminate\\Pipeline\\{closure}()
#61 /www/wwwroot/demo.medace.org/vendor/laravel/framework/src/Illuminate/Pipeline/Pipeline.php(180): Fruitcake\\Cors\\HandleCors->handle()
#62 /www/wwwroot/demo.medace.org/vendor/laravel/framework/src/Illuminate/Http/Middleware/TrustProxies.php(39): Illuminate\\Pipeline\\Pipeline->Illuminate\\Pipeline\\{closure}()
#63 /www/wwwroot/demo.medace.org/vendor/laravel/framework/src/Illuminate/Pipeline/Pipeline.php(180): Illuminate\\Http\\Middleware\\TrustProxies->handle()
#64 /www/wwwroot/demo.medace.org/vendor/laravel/framework/src/Illuminate/Pipeline/Pipeline.php(116): Illuminate\\Pipeline\\Pipeline->Illuminate\\Pipeline\\{closure}()
#65 /www/wwwroot/demo.medace.org/vendor/laravel/framework/src/Illuminate/Foundation/Http/Kernel.php(165): Illuminate\\Pipeline\\Pipeline->then()
#66 /www/wwwroot/demo.medace.org/vendor/laravel/framework/src/Illuminate/Foundation/Http/Kernel.php(134): Illuminate\\Foundation\\Http\\Kernel->sendRequestThroughRouter()
#67 /www/wwwroot/demo.medace.org/public/index.php(52): Illuminate\\Foundation\\Http\\Kernel->handle()
#68 {main}
"} 
[2025-04-16 13:27:29] production.ERROR: file_exists(): open_basedir restriction in effect. File(/fonts/OpenSans-Regular.ttf) is not within the allowed path(s): (/www/wwwroot/demo.medace.org/:/tmp/) {"userId":1062,"exception":"[object] (ErrorException(code: 0): file_exists(): open_basedir restriction in effect. File(/fonts/OpenSans-Regular.ttf) is not within the allowed path(s): (/www/wwwroot/demo.medace.org/:/tmp/) at /www/wwwroot/demo.medace.org/vendor/lasserafn/php-initial-avatar-generator/src/InitialAvatar.php:739)
[stacktrace]
#0 /www/wwwroot/demo.medace.org/vendor/laravel/framework/src/Illuminate/Foundation/Bootstrap/HandleExceptions.php(270): Illuminate\\Foundation\\Bootstrap\\HandleExceptions->handleError()
#1 [internal function]: Illuminate\\Foundation\\Bootstrap\\HandleExceptions->Illuminate\\Foundation\\Bootstrap\\{closure}()
#2 /www/wwwroot/demo.medace.org/vendor/lasserafn/php-initial-avatar-generator/src/InitialAvatar.php(739): file_exists()
#3 /www/wwwroot/demo.medace.org/vendor/lasserafn/php-initial-avatar-generator/src/InitialAvatar.php(644): LasseRafn\\InitialAvatarGenerator\\InitialAvatar->findFontFile()
#4 /www/wwwroot/demo.medace.org/vendor/lasserafn/php-initial-avatar-generator/src/InitialAvatar.php(401): LasseRafn\\InitialAvatarGenerator\\InitialAvatar->makeAvatar()
#5 /www/wwwroot/demo.medace.org/app/Http/Controllers/Web/DefaultAvatarController.php(39): LasseRafn\\InitialAvatarGenerator\\InitialAvatar->generate()
#6 /www/wwwroot/demo.medace.org/vendor/laravel/framework/src/Illuminate/Routing/Controller.php(54): App\\Http\\Controllers\\Web\\DefaultAvatarController->make()
#7 /www/wwwroot/demo.medace.org/vendor/laravel/framework/src/Illuminate/Routing/ControllerDispatcher.php(43): Illuminate\\Routing\\Controller->callAction()
#8 /www/wwwroot/demo.medace.org/vendor/laravel/framework/src/Illuminate/Routing/Route.php(260): Illuminate\\Routing\\ControllerDispatcher->dispatch()
#9 /www/wwwroot/demo.medace.org/vendor/laravel/framework/src/Illuminate/Routing/Route.php(205): Illuminate\\Routing\\Route->runController()
#10 /www/wwwroot/demo.medace.org/vendor/laravel/framework/src/Illuminate/Routing/Router.php(798): Illuminate\\Routing\\Route->run()
#11 /www/wwwroot/demo.medace.org/vendor/laravel/framework/src/Illuminate/Pipeline/Pipeline.php(141): Illuminate\\Routing\\Router->Illuminate\\Routing\\{closure}()
#12 /www/wwwroot/demo.medace.org/app/Http/Middleware/CheckRestriction.php(34): Illuminate\\Pipeline\\Pipeline->Illuminate\\Pipeline\\{closure}()
#13 /www/wwwroot/demo.medace.org/vendor/laravel/framework/src/Illuminate/Pipeline/Pipeline.php(180): App\\Http\\Middleware\\CheckRestriction->handle()
#14 /www/wwwroot/demo.medace.org/app/Http/Middleware/CheckMaintenance.php(37): Illuminate\\Pipeline\\Pipeline->Illuminate\\Pipeline\\{closure}()
#15 /www/wwwroot/demo.medace.org/vendor/laravel/framework/src/Illuminate/Pipeline/Pipeline.php(180): App\\Http\\Middleware\\CheckMaintenance->handle()
#16 /www/wwwroot/demo.medace.org/app/Http/Middleware/Share.php(90): Illuminate\\Pipeline\\Pipeline->Illuminate\\Pipeline\\{closure}()
#17 /www/wwwroot/demo.medace.org/vendor/laravel/framework/src/Illuminate/Pipeline/Pipeline.php(180): App\\Http\\Middleware\\Share->handle()
#18 /www/wwwroot/demo.medace.org/app/Http/Middleware/Impersonate.php(23): Illuminate\\Pipeline\\Pipeline->Illuminate\\Pipeline\\{closure}()
#19 /www/wwwroot/demo.medace.org/vendor/laravel/framework/src/Illuminate/Pipeline/Pipeline.php(180): App\\Http\\Middleware\\Impersonate->handle()
#20 /www/wwwroot/demo.medace.org/app/Http/Middleware/CheckMobileApp.php(25): Illuminate\\Pipeline\\Pipeline->Illuminate\\Pipeline\\{closure}()
#21 /www/wwwroot/demo.medace.org/vendor/laravel/framework/src/Illuminate/Pipeline/Pipeline.php(180): App\\Http\\Middleware\\CheckMobileApp->handle()
#22 /www/wwwroot/demo.medace.org/app/Http/Middleware/DebugBar.php(22): Illuminate\\Pipeline\\Pipeline->Illuminate\\Pipeline\\{closure}()
#23 /www/wwwroot/demo.medace.org/vendor/laravel/framework/src/Illuminate/Pipeline/Pipeline.php(180): App\\Http\\Middleware\\DebugBar->handle()
#24 /www/wwwroot/demo.medace.org/app/Http/Middleware/SessionValidity.php(36): Illuminate\\Pipeline\\Pipeline->Illuminate\\Pipeline\\{closure}()
#25 /www/wwwroot/demo.medace.org/vendor/laravel/framework/src/Illuminate/Pipeline/Pipeline.php(180): App\\Http\\Middleware\\SessionValidity->handle()
#26 /www/wwwroot/demo.medace.org/app/Http/Middleware/UserLocale.php(44): Illuminate\\Pipeline\\Pipeline->Illuminate\\Pipeline\\{closure}()
#27 /www/wwwroot/demo.medace.org/vendor/laravel/framework/src/Illuminate/Pipeline/Pipeline.php(180): App\\Http\\Middleware\\UserLocale->handle()
#28 /www/wwwroot/demo.medace.org/vendor/laravel/framework/src/Illuminate/Routing/Middleware/SubstituteBindings.php(50): Illuminate\\Pipeline\\Pipeline->Illuminate\\Pipeline\\{closure}()
#29 /www/wwwroot/demo.medace.org/vendor/laravel/framework/src/Illuminate/Pipeline/Pipeline.php(180): Illuminate\\Routing\\Middleware\\SubstituteBindings->handle()
#30 /www/wwwroot/demo.medace.org/vendor/laravel/framework/src/Illuminate/Foundation/Http/Middleware/VerifyCsrfToken.php(78): Illuminate\\Pipeline\\Pipeline->Illuminate\\Pipeline\\{closure}()
#31 /www/wwwroot/demo.medace.org/vendor/laravel/framework/src/Illuminate/Pipeline/Pipeline.php(180): Illuminate\\Foundation\\Http\\Middleware\\VerifyCsrfToken->handle()
#32 /www/wwwroot/demo.medace.org/vendor/laravel/framework/src/Illuminate/View/Middleware/ShareErrorsFromSession.php(49): Illuminate\\Pipeline\\Pipeline->Illuminate\\Pipeline\\{closure}()
#33 /www/wwwroot/demo.medace.org/vendor/laravel/framework/src/Illuminate/Pipeline/Pipeline.php(180): Illuminate\\View\\Middleware\\ShareErrorsFromSession->handle()
#34 /www/wwwroot/demo.medace.org/vendor/laravel/framework/src/Illuminate/Session/Middleware/StartSession.php(121): Illuminate\\Pipeline\\Pipeline->Illuminate\\Pipeline\\{closure}()
#35 /www/wwwroot/demo.medace.org/vendor/laravel/framework/src/Illuminate/Session/Middleware/StartSession.php(64): Illuminate\\Session\\Middleware\\StartSession->handleStatefulRequest()
#36 /www/wwwroot/demo.medace.org/vendor/laravel/framework/src/Illuminate/Pipeline/Pipeline.php(180): Illuminate\\Session\\Middleware\\StartSession->handle()
#37 /www/wwwroot/demo.medace.org/vendor/laravel/framework/src/Illuminate/Cookie/Middleware/AddQueuedCookiesToResponse.php(37): Illuminate\\Pipeline\\Pipeline->Illuminate\\Pipeline\\{closure}()
#38 /www/wwwroot/demo.medace.org/vendor/laravel/framework/src/Illuminate/Pipeline/Pipeline.php(180): Illuminate\\Cookie\\Middleware\\AddQueuedCookiesToResponse->handle()
#39 /www/wwwroot/demo.medace.org/vendor/laravel/framework/src/Illuminate/Cookie/Middleware/EncryptCookies.php(67): Illuminate\\Pipeline\\Pipeline->Illuminate\\Pipeline\\{closure}()
#40 /www/wwwroot/demo.medace.org/vendor/laravel/framework/src/Illuminate/Pipeline/Pipeline.php(180): Illuminate\\Cookie\\Middleware\\EncryptCookies->handle()
#41 /www/wwwroot/demo.medace.org/vendor/laravel/framework/src/Illuminate/Pipeline/Pipeline.php(116): Illuminate\\Pipeline\\Pipeline->Illuminate\\Pipeline\\{closure}()
#42 /www/wwwroot/demo.medace.org/vendor/laravel/framework/src/Illuminate/Routing/Router.php(799): Illuminate\\Pipeline\\Pipeline->then()
#43 /www/wwwroot/demo.medace.org/vendor/laravel/framework/src/Illuminate/Routing/Router.php(776): Illuminate\\Routing\\Router->runRouteWithinStack()
#44 /www/wwwroot/demo.medace.org/vendor/laravel/framework/src/Illuminate/Routing/Router.php(740): Illuminate\\Routing\\Router->runRoute()
#45 /www/wwwroot/demo.medace.org/vendor/laravel/framework/src/Illuminate/Routing/Router.php(729): Illuminate\\Routing\\Router->dispatchToRoute()
#46 /www/wwwroot/demo.medace.org/vendor/laravel/framework/src/Illuminate/Foundation/Http/Kernel.php(190): Illuminate\\Routing\\Router->dispatch()
#47 /www/wwwroot/demo.medace.org/vendor/laravel/framework/src/Illuminate/Pipeline/Pipeline.php(141): Illuminate\\Foundation\\Http\\Kernel->Illuminate\\Foundation\\Http\\{closure}()
#48 /www/wwwroot/demo.medace.org/vendor/barryvdh/laravel-debugbar/src/Middleware/InjectDebugbar.php(66): Illuminate\\Pipeline\\Pipeline->Illuminate\\Pipeline\\{closure}()
#49 /www/wwwroot/demo.medace.org/vendor/laravel/framework/src/Illuminate/Pipeline/Pipeline.php(180): Barryvdh\\Debugbar\\Middleware\\InjectDebugbar->handle()
#50 /www/wwwroot/demo.medace.org/vendor/laravel/framework/src/Illuminate/Foundation/Http/Middleware/TransformsRequest.php(21): Illuminate\\Pipeline\\Pipeline->Illuminate\\Pipeline\\{closure}()
#51 /www/wwwroot/demo.medace.org/vendor/laravel/framework/src/Illuminate/Foundation/Http/Middleware/ConvertEmptyStringsToNull.php(31): Illuminate\\Foundation\\Http\\Middleware\\TransformsRequest->handle()
#52 /www/wwwroot/demo.medace.org/vendor/laravel/framework/src/Illuminate/Pipeline/Pipeline.php(180): Illuminate\\Foundation\\Http\\Middleware\\ConvertEmptyStringsToNull->handle()
#53 /www/wwwroot/demo.medace.org/vendor/laravel/framework/src/Illuminate/Foundation/Http/Middleware/TransformsRequest.php(21): Illuminate\\Pipeline\\Pipeline->Illuminate\\Pipeline\\{closure}()
#54 /www/wwwroot/demo.medace.org/vendor/laravel/framework/src/Illuminate/Foundation/Http/Middleware/TrimStrings.php(40): Illuminate\\Foundation\\Http\\Middleware\\TransformsRequest->handle()
#55 /www/wwwroot/demo.medace.org/vendor/laravel/framework/src/Illuminate/Pipeline/Pipeline.php(180): Illuminate\\Foundation\\Http\\Middleware\\TrimStrings->handle()
#56 /www/wwwroot/demo.medace.org/vendor/laravel/framework/src/Illuminate/Foundation/Http/Middleware/ValidatePostSize.php(27): Illuminate\\Pipeline\\Pipeline->Illuminate\\Pipeline\\{closure}()
#57 /www/wwwroot/demo.medace.org/vendor/laravel/framework/src/Illuminate/Pipeline/Pipeline.php(180): Illuminate\\Foundation\\Http\\Middleware\\ValidatePostSize->handle()
#58 /www/wwwroot/demo.medace.org/vendor/laravel/framework/src/Illuminate/Foundation/Http/Middleware/PreventRequestsDuringMaintenance.php(86): Illuminate\\Pipeline\\Pipeline->Illuminate\\Pipeline\\{closure}()
#59 /www/wwwroot/demo.medace.org/vendor/laravel/framework/src/Illuminate/Pipeline/Pipeline.php(180): Illuminate\\Foundation\\Http\\Middleware\\PreventRequestsDuringMaintenance->handle()
#60 /www/wwwroot/demo.medace.org/vendor/fruitcake/laravel-cors/src/HandleCors.php(38): Illuminate\\Pipeline\\Pipeline->Illuminate\\Pipeline\\{closure}()
#61 /www/wwwroot/demo.medace.org/vendor/laravel/framework/src/Illuminate/Pipeline/Pipeline.php(180): Fruitcake\\Cors\\HandleCors->handle()
#62 /www/wwwroot/demo.medace.org/vendor/laravel/framework/src/Illuminate/Http/Middleware/TrustProxies.php(39): Illuminate\\Pipeline\\Pipeline->Illuminate\\Pipeline\\{closure}()
#63 /www/wwwroot/demo.medace.org/vendor/laravel/framework/src/Illuminate/Pipeline/Pipeline.php(180): Illuminate\\Http\\Middleware\\TrustProxies->handle()
#64 /www/wwwroot/demo.medace.org/vendor/laravel/framework/src/Illuminate/Pipeline/Pipeline.php(116): Illuminate\\Pipeline\\Pipeline->Illuminate\\Pipeline\\{closure}()
#65 /www/wwwroot/demo.medace.org/vendor/laravel/framework/src/Illuminate/Foundation/Http/Kernel.php(165): Illuminate\\Pipeline\\Pipeline->then()
#66 /www/wwwroot/demo.medace.org/vendor/laravel/framework/src/Illuminate/Foundation/Http/Kernel.php(134): Illuminate\\Foundation\\Http\\Kernel->sendRequestThroughRouter()
#67 /www/wwwroot/demo.medace.org/public/index.php(52): Illuminate\\Foundation\\Http\\Kernel->handle()
#68 {main}
"} 
[2025-04-16 13:27:29] production.ERROR: file_exists(): open_basedir restriction in effect. File(/fonts/OpenSans-Regular.ttf) is not within the allowed path(s): (/www/wwwroot/demo.medace.org/:/tmp/) {"userId":1062,"exception":"[object] (ErrorException(code: 0): file_exists(): open_basedir restriction in effect. File(/fonts/OpenSans-Regular.ttf) is not within the allowed path(s): (/www/wwwroot/demo.medace.org/:/tmp/) at /www/wwwroot/demo.medace.org/vendor/lasserafn/php-initial-avatar-generator/src/InitialAvatar.php:739)
[stacktrace]
#0 /www/wwwroot/demo.medace.org/vendor/laravel/framework/src/Illuminate/Foundation/Bootstrap/HandleExceptions.php(270): Illuminate\\Foundation\\Bootstrap\\HandleExceptions->handleError()
#1 [internal function]: Illuminate\\Foundation\\Bootstrap\\HandleExceptions->Illuminate\\Foundation\\Bootstrap\\{closure}()
#2 /www/wwwroot/demo.medace.org/vendor/lasserafn/php-initial-avatar-generator/src/InitialAvatar.php(739): file_exists()
#3 /www/wwwroot/demo.medace.org/vendor/lasserafn/php-initial-avatar-generator/src/InitialAvatar.php(644): LasseRafn\\InitialAvatarGenerator\\InitialAvatar->findFontFile()
#4 /www/wwwroot/demo.medace.org/vendor/lasserafn/php-initial-avatar-generator/src/InitialAvatar.php(401): LasseRafn\\InitialAvatarGenerator\\InitialAvatar->makeAvatar()
#5 /www/wwwroot/demo.medace.org/app/Http/Controllers/Web/DefaultAvatarController.php(39): LasseRafn\\InitialAvatarGenerator\\InitialAvatar->generate()
#6 /www/wwwroot/demo.medace.org/vendor/laravel/framework/src/Illuminate/Routing/Controller.php(54): App\\Http\\Controllers\\Web\\DefaultAvatarController->make()
#7 /www/wwwroot/demo.medace.org/vendor/laravel/framework/src/Illuminate/Routing/ControllerDispatcher.php(43): Illuminate\\Routing\\Controller->callAction()
#8 /www/wwwroot/demo.medace.org/vendor/laravel/framework/src/Illuminate/Routing/Route.php(260): Illuminate\\Routing\\ControllerDispatcher->dispatch()
#9 /www/wwwroot/demo.medace.org/vendor/laravel/framework/src/Illuminate/Routing/Route.php(205): Illuminate\\Routing\\Route->runController()
#10 /www/wwwroot/demo.medace.org/vendor/laravel/framework/src/Illuminate/Routing/Router.php(798): Illuminate\\Routing\\Route->run()
#11 /www/wwwroot/demo.medace.org/vendor/laravel/framework/src/Illuminate/Pipeline/Pipeline.php(141): Illuminate\\Routing\\Router->Illuminate\\Routing\\{closure}()
#12 /www/wwwroot/demo.medace.org/app/Http/Middleware/CheckRestriction.php(34): Illuminate\\Pipeline\\Pipeline->Illuminate\\Pipeline\\{closure}()
#13 /www/wwwroot/demo.medace.org/vendor/laravel/framework/src/Illuminate/Pipeline/Pipeline.php(180): App\\Http\\Middleware\\CheckRestriction->handle()
#14 /www/wwwroot/demo.medace.org/app/Http/Middleware/CheckMaintenance.php(37): Illuminate\\Pipeline\\Pipeline->Illuminate\\Pipeline\\{closure}()
#15 /www/wwwroot/demo.medace.org/vendor/laravel/framework/src/Illuminate/Pipeline/Pipeline.php(180): App\\Http\\Middleware\\CheckMaintenance->handle()
#16 /www/wwwroot/demo.medace.org/app/Http/Middleware/Share.php(90): Illuminate\\Pipeline\\Pipeline->Illuminate\\Pipeline\\{closure}()
#17 /www/wwwroot/demo.medace.org/vendor/laravel/framework/src/Illuminate/Pipeline/Pipeline.php(180): App\\Http\\Middleware\\Share->handle()
#18 /www/wwwroot/demo.medace.org/app/Http/Middleware/Impersonate.php(23): Illuminate\\Pipeline\\Pipeline->Illuminate\\Pipeline\\{closure}()
#19 /www/wwwroot/demo.medace.org/vendor/laravel/framework/src/Illuminate/Pipeline/Pipeline.php(180): App\\Http\\Middleware\\Impersonate->handle()
#20 /www/wwwroot/demo.medace.org/app/Http/Middleware/CheckMobileApp.php(25): Illuminate\\Pipeline\\Pipeline->Illuminate\\Pipeline\\{closure}()
#21 /www/wwwroot/demo.medace.org/vendor/laravel/framework/src/Illuminate/Pipeline/Pipeline.php(180): App\\Http\\Middleware\\CheckMobileApp->handle()
#22 /www/wwwroot/demo.medace.org/app/Http/Middleware/DebugBar.php(22): Illuminate\\Pipeline\\Pipeline->Illuminate\\Pipeline\\{closure}()
#23 /www/wwwroot/demo.medace.org/vendor/laravel/framework/src/Illuminate/Pipeline/Pipeline.php(180): App\\Http\\Middleware\\DebugBar->handle()
#24 /www/wwwroot/demo.medace.org/app/Http/Middleware/SessionValidity.php(36): Illuminate\\Pipeline\\Pipeline->Illuminate\\Pipeline\\{closure}()
#25 /www/wwwroot/demo.medace.org/vendor/laravel/framework/src/Illuminate/Pipeline/Pipeline.php(180): App\\Http\\Middleware\\SessionValidity->handle()
#26 /www/wwwroot/demo.medace.org/app/Http/Middleware/UserLocale.php(44): Illuminate\\Pipeline\\Pipeline->Illuminate\\Pipeline\\{closure}()
#27 /www/wwwroot/demo.medace.org/vendor/laravel/framework/src/Illuminate/Pipeline/Pipeline.php(180): App\\Http\\Middleware\\UserLocale->handle()
#28 /www/wwwroot/demo.medace.org/vendor/laravel/framework/src/Illuminate/Routing/Middleware/SubstituteBindings.php(50): Illuminate\\Pipeline\\Pipeline->Illuminate\\Pipeline\\{closure}()
#29 /www/wwwroot/demo.medace.org/vendor/laravel/framework/src/Illuminate/Pipeline/Pipeline.php(180): Illuminate\\Routing\\Middleware\\SubstituteBindings->handle()
#30 /www/wwwroot/demo.medace.org/vendor/laravel/framework/src/Illuminate/Foundation/Http/Middleware/VerifyCsrfToken.php(78): Illuminate\\Pipeline\\Pipeline->Illuminate\\Pipeline\\{closure}()
#31 /www/wwwroot/demo.medace.org/vendor/laravel/framework/src/Illuminate/Pipeline/Pipeline.php(180): Illuminate\\Foundation\\Http\\Middleware\\VerifyCsrfToken->handle()
#32 /www/wwwroot/demo.medace.org/vendor/laravel/framework/src/Illuminate/View/Middleware/ShareErrorsFromSession.php(49): Illuminate\\Pipeline\\Pipeline->Illuminate\\Pipeline\\{closure}()
#33 /www/wwwroot/demo.medace.org/vendor/laravel/framework/src/Illuminate/Pipeline/Pipeline.php(180): Illuminate\\View\\Middleware\\ShareErrorsFromSession->handle()
#34 /www/wwwroot/demo.medace.org/vendor/laravel/framework/src/Illuminate/Session/Middleware/StartSession.php(121): Illuminate\\Pipeline\\Pipeline->Illuminate\\Pipeline\\{closure}()
#35 /www/wwwroot/demo.medace.org/vendor/laravel/framework/src/Illuminate/Session/Middleware/StartSession.php(64): Illuminate\\Session\\Middleware\\StartSession->handleStatefulRequest()
#36 /www/wwwroot/demo.medace.org/vendor/laravel/framework/src/Illuminate/Pipeline/Pipeline.php(180): Illuminate\\Session\\Middleware\\StartSession->handle()
#37 /www/wwwroot/demo.medace.org/vendor/laravel/framework/src/Illuminate/Cookie/Middleware/AddQueuedCookiesToResponse.php(37): Illuminate\\Pipeline\\Pipeline->Illuminate\\Pipeline\\{closure}()
#38 /www/wwwroot/demo.medace.org/vendor/laravel/framework/src/Illuminate/Pipeline/Pipeline.php(180): Illuminate\\Cookie\\Middleware\\AddQueuedCookiesToResponse->handle()
#39 /www/wwwroot/demo.medace.org/vendor/laravel/framework/src/Illuminate/Cookie/Middleware/EncryptCookies.php(67): Illuminate\\Pipeline\\Pipeline->Illuminate\\Pipeline\\{closure}()
#40 /www/wwwroot/demo.medace.org/vendor/laravel/framework/src/Illuminate/Pipeline/Pipeline.php(180): Illuminate\\Cookie\\Middleware\\EncryptCookies->handle()
#41 /www/wwwroot/demo.medace.org/vendor/laravel/framework/src/Illuminate/Pipeline/Pipeline.php(116): Illuminate\\Pipeline\\Pipeline->Illuminate\\Pipeline\\{closure}()
#42 /www/wwwroot/demo.medace.org/vendor/laravel/framework/src/Illuminate/Routing/Router.php(799): Illuminate\\Pipeline\\Pipeline->then()
#43 /www/wwwroot/demo.medace.org/vendor/laravel/framework/src/Illuminate/Routing/Router.php(776): Illuminate\\Routing\\Router->runRouteWithinStack()
#44 /www/wwwroot/demo.medace.org/vendor/laravel/framework/src/Illuminate/Routing/Router.php(740): Illuminate\\Routing\\Router->runRoute()
#45 /www/wwwroot/demo.medace.org/vendor/laravel/framework/src/Illuminate/Routing/Router.php(729): Illuminate\\Routing\\Router->dispatchToRoute()
#46 /www/wwwroot/demo.medace.org/vendor/laravel/framework/src/Illuminate/Foundation/Http/Kernel.php(190): Illuminate\\Routing\\Router->dispatch()
#47 /www/wwwroot/demo.medace.org/vendor/laravel/framework/src/Illuminate/Pipeline/Pipeline.php(141): Illuminate\\Foundation\\Http\\Kernel->Illuminate\\Foundation\\Http\\{closure}()
#48 /www/wwwroot/demo.medace.org/vendor/barryvdh/laravel-debugbar/src/Middleware/InjectDebugbar.php(66): Illuminate\\Pipeline\\Pipeline->Illuminate\\Pipeline\\{closure}()
#49 /www/wwwroot/demo.medace.org/vendor/laravel/framework/src/Illuminate/Pipeline/Pipeline.php(180): Barryvdh\\Debugbar\\Middleware\\InjectDebugbar->handle()
#50 /www/wwwroot/demo.medace.org/vendor/laravel/framework/src/Illuminate/Foundation/Http/Middleware/TransformsRequest.php(21): Illuminate\\Pipeline\\Pipeline->Illuminate\\Pipeline\\{closure}()
#51 /www/wwwroot/demo.medace.org/vendor/laravel/framework/src/Illuminate/Foundation/Http/Middleware/ConvertEmptyStringsToNull.php(31): Illuminate\\Foundation\\Http\\Middleware\\TransformsRequest->handle()
#52 /www/wwwroot/demo.medace.org/vendor/laravel/framework/src/Illuminate/Pipeline/Pipeline.php(180): Illuminate\\Foundation\\Http\\Middleware\\ConvertEmptyStringsToNull->handle()
#53 /www/wwwroot/demo.medace.org/vendor/laravel/framework/src/Illuminate/Foundation/Http/Middleware/TransformsRequest.php(21): Illuminate\\Pipeline\\Pipeline->Illuminate\\Pipeline\\{closure}()
#54 /www/wwwroot/demo.medace.org/vendor/laravel/framework/src/Illuminate/Foundation/Http/Middleware/TrimStrings.php(40): Illuminate\\Foundation\\Http\\Middleware\\TransformsRequest->handle()
#55 /www/wwwroot/demo.medace.org/vendor/laravel/framework/src/Illuminate/Pipeline/Pipeline.php(180): Illuminate\\Foundation\\Http\\Middleware\\TrimStrings->handle()
#56 /www/wwwroot/demo.medace.org/vendor/laravel/framework/src/Illuminate/Foundation/Http/Middleware/ValidatePostSize.php(27): Illuminate\\Pipeline\\Pipeline->Illuminate\\Pipeline\\{closure}()
#57 /www/wwwroot/demo.medace.org/vendor/laravel/framework/src/Illuminate/Pipeline/Pipeline.php(180): Illuminate\\Foundation\\Http\\Middleware\\ValidatePostSize->handle()
#58 /www/wwwroot/demo.medace.org/vendor/laravel/framework/src/Illuminate/Foundation/Http/Middleware/PreventRequestsDuringMaintenance.php(86): Illuminate\\Pipeline\\Pipeline->Illuminate\\Pipeline\\{closure}()
#59 /www/wwwroot/demo.medace.org/vendor/laravel/framework/src/Illuminate/Pipeline/Pipeline.php(180): Illuminate\\Foundation\\Http\\Middleware\\PreventRequestsDuringMaintenance->handle()
#60 /www/wwwroot/demo.medace.org/vendor/fruitcake/laravel-cors/src/HandleCors.php(38): Illuminate\\Pipeline\\Pipeline->Illuminate\\Pipeline\\{closure}()
#61 /www/wwwroot/demo.medace.org/vendor/laravel/framework/src/Illuminate/Pipeline/Pipeline.php(180): Fruitcake\\Cors\\HandleCors->handle()
#62 /www/wwwroot/demo.medace.org/vendor/laravel/framework/src/Illuminate/Http/Middleware/TrustProxies.php(39): Illuminate\\Pipeline\\Pipeline->Illuminate\\Pipeline\\{closure}()
#63 /www/wwwroot/demo.medace.org/vendor/laravel/framework/src/Illuminate/Pipeline/Pipeline.php(180): Illuminate\\Http\\Middleware\\TrustProxies->handle()
#64 /www/wwwroot/demo.medace.org/vendor/laravel/framework/src/Illuminate/Pipeline/Pipeline.php(116): Illuminate\\Pipeline\\Pipeline->Illuminate\\Pipeline\\{closure}()
#65 /www/wwwroot/demo.medace.org/vendor/laravel/framework/src/Illuminate/Foundation/Http/Kernel.php(165): Illuminate\\Pipeline\\Pipeline->then()
#66 /www/wwwroot/demo.medace.org/vendor/laravel/framework/src/Illuminate/Foundation/Http/Kernel.php(134): Illuminate\\Foundation\\Http\\Kernel->sendRequestThroughRouter()
#67 /www/wwwroot/demo.medace.org/public/index.php(52): Illuminate\\Foundation\\Http\\Kernel->handle()
#68 {main}
"} 
[2025-04-16 23:20:21] production.ERROR: file_exists(): open_basedir restriction in effect. File(/fonts/OpenSans-Regular.ttf) is not within the allowed path(s): (/www/wwwroot/demo.medace.org/:/tmp/) {"exception":"[object] (ErrorException(code: 0): file_exists(): open_basedir restriction in effect. File(/fonts/OpenSans-Regular.ttf) is not within the allowed path(s): (/www/wwwroot/demo.medace.org/:/tmp/) at /www/wwwroot/demo.medace.org/vendor/lasserafn/php-initial-avatar-generator/src/InitialAvatar.php:739)
[stacktrace]
#0 /www/wwwroot/demo.medace.org/vendor/laravel/framework/src/Illuminate/Foundation/Bootstrap/HandleExceptions.php(270): Illuminate\\Foundation\\Bootstrap\\HandleExceptions->handleError()
#1 [internal function]: Illuminate\\Foundation\\Bootstrap\\HandleExceptions->Illuminate\\Foundation\\Bootstrap\\{closure}()
#2 /www/wwwroot/demo.medace.org/vendor/lasserafn/php-initial-avatar-generator/src/InitialAvatar.php(739): file_exists()
#3 /www/wwwroot/demo.medace.org/vendor/lasserafn/php-initial-avatar-generator/src/InitialAvatar.php(644): LasseRafn\\InitialAvatarGenerator\\InitialAvatar->findFontFile()
#4 /www/wwwroot/demo.medace.org/vendor/lasserafn/php-initial-avatar-generator/src/InitialAvatar.php(401): LasseRafn\\InitialAvatarGenerator\\InitialAvatar->makeAvatar()
#5 /www/wwwroot/demo.medace.org/app/Http/Controllers/Web/DefaultAvatarController.php(39): LasseRafn\\InitialAvatarGenerator\\InitialAvatar->generate()
#6 /www/wwwroot/demo.medace.org/vendor/laravel/framework/src/Illuminate/Routing/Controller.php(54): App\\Http\\Controllers\\Web\\DefaultAvatarController->make()
#7 /www/wwwroot/demo.medace.org/vendor/laravel/framework/src/Illuminate/Routing/ControllerDispatcher.php(43): Illuminate\\Routing\\Controller->callAction()
#8 /www/wwwroot/demo.medace.org/vendor/laravel/framework/src/Illuminate/Routing/Route.php(260): Illuminate\\Routing\\ControllerDispatcher->dispatch()
#9 /www/wwwroot/demo.medace.org/vendor/laravel/framework/src/Illuminate/Routing/Route.php(205): Illuminate\\Routing\\Route->runController()
#10 /www/wwwroot/demo.medace.org/vendor/laravel/framework/src/Illuminate/Routing/Router.php(798): Illuminate\\Routing\\Route->run()
#11 /www/wwwroot/demo.medace.org/vendor/laravel/framework/src/Illuminate/Pipeline/Pipeline.php(141): Illuminate\\Routing\\Router->Illuminate\\Routing\\{closure}()
#12 /www/wwwroot/demo.medace.org/app/Http/Middleware/CheckRestriction.php(34): Illuminate\\Pipeline\\Pipeline->Illuminate\\Pipeline\\{closure}()
#13 /www/wwwroot/demo.medace.org/vendor/laravel/framework/src/Illuminate/Pipeline/Pipeline.php(180): App\\Http\\Middleware\\CheckRestriction->handle()
#14 /www/wwwroot/demo.medace.org/app/Http/Middleware/CheckMaintenance.php(37): Illuminate\\Pipeline\\Pipeline->Illuminate\\Pipeline\\{closure}()
#15 /www/wwwroot/demo.medace.org/vendor/laravel/framework/src/Illuminate/Pipeline/Pipeline.php(180): App\\Http\\Middleware\\CheckMaintenance->handle()
#16 /www/wwwroot/demo.medace.org/app/Http/Middleware/Share.php(90): Illuminate\\Pipeline\\Pipeline->Illuminate\\Pipeline\\{closure}()
#17 /www/wwwroot/demo.medace.org/vendor/laravel/framework/src/Illuminate/Pipeline/Pipeline.php(180): App\\Http\\Middleware\\Share->handle()
#18 /www/wwwroot/demo.medace.org/app/Http/Middleware/Impersonate.php(23): Illuminate\\Pipeline\\Pipeline->Illuminate\\Pipeline\\{closure}()
#19 /www/wwwroot/demo.medace.org/vendor/laravel/framework/src/Illuminate/Pipeline/Pipeline.php(180): App\\Http\\Middleware\\Impersonate->handle()
#20 /www/wwwroot/demo.medace.org/app/Http/Middleware/CheckMobileApp.php(25): Illuminate\\Pipeline\\Pipeline->Illuminate\\Pipeline\\{closure}()
#21 /www/wwwroot/demo.medace.org/vendor/laravel/framework/src/Illuminate/Pipeline/Pipeline.php(180): App\\Http\\Middleware\\CheckMobileApp->handle()
#22 /www/wwwroot/demo.medace.org/app/Http/Middleware/DebugBar.php(22): Illuminate\\Pipeline\\Pipeline->Illuminate\\Pipeline\\{closure}()
#23 /www/wwwroot/demo.medace.org/vendor/laravel/framework/src/Illuminate/Pipeline/Pipeline.php(180): App\\Http\\Middleware\\DebugBar->handle()
#24 /www/wwwroot/demo.medace.org/app/Http/Middleware/SessionValidity.php(36): Illuminate\\Pipeline\\Pipeline->Illuminate\\Pipeline\\{closure}()
#25 /www/wwwroot/demo.medace.org/vendor/laravel/framework/src/Illuminate/Pipeline/Pipeline.php(180): App\\Http\\Middleware\\SessionValidity->handle()
#26 /www/wwwroot/demo.medace.org/app/Http/Middleware/UserLocale.php(44): Illuminate\\Pipeline\\Pipeline->Illuminate\\Pipeline\\{closure}()
#27 /www/wwwroot/demo.medace.org/vendor/laravel/framework/src/Illuminate/Pipeline/Pipeline.php(180): App\\Http\\Middleware\\UserLocale->handle()
#28 /www/wwwroot/demo.medace.org/vendor/laravel/framework/src/Illuminate/Routing/Middleware/SubstituteBindings.php(50): Illuminate\\Pipeline\\Pipeline->Illuminate\\Pipeline\\{closure}()
#29 /www/wwwroot/demo.medace.org/vendor/laravel/framework/src/Illuminate/Pipeline/Pipeline.php(180): Illuminate\\Routing\\Middleware\\SubstituteBindings->handle()
#30 /www/wwwroot/demo.medace.org/vendor/laravel/framework/src/Illuminate/Foundation/Http/Middleware/VerifyCsrfToken.php(78): Illuminate\\Pipeline\\Pipeline->Illuminate\\Pipeline\\{closure}()
#31 /www/wwwroot/demo.medace.org/vendor/laravel/framework/src/Illuminate/Pipeline/Pipeline.php(180): Illuminate\\Foundation\\Http\\Middleware\\VerifyCsrfToken->handle()
#32 /www/wwwroot/demo.medace.org/vendor/laravel/framework/src/Illuminate/View/Middleware/ShareErrorsFromSession.php(49): Illuminate\\Pipeline\\Pipeline->Illuminate\\Pipeline\\{closure}()
#33 /www/wwwroot/demo.medace.org/vendor/laravel/framework/src/Illuminate/Pipeline/Pipeline.php(180): Illuminate\\View\\Middleware\\ShareErrorsFromSession->handle()
#34 /www/wwwroot/demo.medace.org/vendor/laravel/framework/src/Illuminate/Session/Middleware/StartSession.php(121): Illuminate\\Pipeline\\Pipeline->Illuminate\\Pipeline\\{closure}()
#35 /www/wwwroot/demo.medace.org/vendor/laravel/framework/src/Illuminate/Session/Middleware/StartSession.php(64): Illuminate\\Session\\Middleware\\StartSession->handleStatefulRequest()
#36 /www/wwwroot/demo.medace.org/vendor/laravel/framework/src/Illuminate/Pipeline/Pipeline.php(180): Illuminate\\Session\\Middleware\\StartSession->handle()
#37 /www/wwwroot/demo.medace.org/vendor/laravel/framework/src/Illuminate/Cookie/Middleware/AddQueuedCookiesToResponse.php(37): Illuminate\\Pipeline\\Pipeline->Illuminate\\Pipeline\\{closure}()
#38 /www/wwwroot/demo.medace.org/vendor/laravel/framework/src/Illuminate/Pipeline/Pipeline.php(180): Illuminate\\Cookie\\Middleware\\AddQueuedCookiesToResponse->handle()
#39 /www/wwwroot/demo.medace.org/vendor/laravel/framework/src/Illuminate/Cookie/Middleware/EncryptCookies.php(67): Illuminate\\Pipeline\\Pipeline->Illuminate\\Pipeline\\{closure}()
#40 /www/wwwroot/demo.medace.org/vendor/laravel/framework/src/Illuminate/Pipeline/Pipeline.php(180): Illuminate\\Cookie\\Middleware\\EncryptCookies->handle()
#41 /www/wwwroot/demo.medace.org/vendor/laravel/framework/src/Illuminate/Pipeline/Pipeline.php(116): Illuminate\\Pipeline\\Pipeline->Illuminate\\Pipeline\\{closure}()
#42 /www/wwwroot/demo.medace.org/vendor/laravel/framework/src/Illuminate/Routing/Router.php(799): Illuminate\\Pipeline\\Pipeline->then()
#43 /www/wwwroot/demo.medace.org/vendor/laravel/framework/src/Illuminate/Routing/Router.php(776): Illuminate\\Routing\\Router->runRouteWithinStack()
#44 /www/wwwroot/demo.medace.org/vendor/laravel/framework/src/Illuminate/Routing/Router.php(740): Illuminate\\Routing\\Router->runRoute()
#45 /www/wwwroot/demo.medace.org/vendor/laravel/framework/src/Illuminate/Routing/Router.php(729): Illuminate\\Routing\\Router->dispatchToRoute()
#46 /www/wwwroot/demo.medace.org/vendor/laravel/framework/src/Illuminate/Foundation/Http/Kernel.php(190): Illuminate\\Routing\\Router->dispatch()
#47 /www/wwwroot/demo.medace.org/vendor/laravel/framework/src/Illuminate/Pipeline/Pipeline.php(141): Illuminate\\Foundation\\Http\\Kernel->Illuminate\\Foundation\\Http\\{closure}()
#48 /www/wwwroot/demo.medace.org/vendor/barryvdh/laravel-debugbar/src/Middleware/InjectDebugbar.php(66): Illuminate\\Pipeline\\Pipeline->Illuminate\\Pipeline\\{closure}()
#49 /www/wwwroot/demo.medace.org/vendor/laravel/framework/src/Illuminate/Pipeline/Pipeline.php(180): Barryvdh\\Debugbar\\Middleware\\InjectDebugbar->handle()
#50 /www/wwwroot/demo.medace.org/vendor/laravel/framework/src/Illuminate/Foundation/Http/Middleware/TransformsRequest.php(21): Illuminate\\Pipeline\\Pipeline->Illuminate\\Pipeline\\{closure}()
#51 /www/wwwroot/demo.medace.org/vendor/laravel/framework/src/Illuminate/Foundation/Http/Middleware/ConvertEmptyStringsToNull.php(31): Illuminate\\Foundation\\Http\\Middleware\\TransformsRequest->handle()
#52 /www/wwwroot/demo.medace.org/vendor/laravel/framework/src/Illuminate/Pipeline/Pipeline.php(180): Illuminate\\Foundation\\Http\\Middleware\\ConvertEmptyStringsToNull->handle()
#53 /www/wwwroot/demo.medace.org/vendor/laravel/framework/src/Illuminate/Foundation/Http/Middleware/TransformsRequest.php(21): Illuminate\\Pipeline\\Pipeline->Illuminate\\Pipeline\\{closure}()
#54 /www/wwwroot/demo.medace.org/vendor/laravel/framework/src/Illuminate/Foundation/Http/Middleware/TrimStrings.php(40): Illuminate\\Foundation\\Http\\Middleware\\TransformsRequest->handle()
#55 /www/wwwroot/demo.medace.org/vendor/laravel/framework/src/Illuminate/Pipeline/Pipeline.php(180): Illuminate\\Foundation\\Http\\Middleware\\TrimStrings->handle()
#56 /www/wwwroot/demo.medace.org/vendor/laravel/framework/src/Illuminate/Foundation/Http/Middleware/ValidatePostSize.php(27): Illuminate\\Pipeline\\Pipeline->Illuminate\\Pipeline\\{closure}()
#57 /www/wwwroot/demo.medace.org/vendor/laravel/framework/src/Illuminate/Pipeline/Pipeline.php(180): Illuminate\\Foundation\\Http\\Middleware\\ValidatePostSize->handle()
#58 /www/wwwroot/demo.medace.org/vendor/laravel/framework/src/Illuminate/Foundation/Http/Middleware/PreventRequestsDuringMaintenance.php(86): Illuminate\\Pipeline\\Pipeline->Illuminate\\Pipeline\\{closure}()
#59 /www/wwwroot/demo.medace.org/vendor/laravel/framework/src/Illuminate/Pipeline/Pipeline.php(180): Illuminate\\Foundation\\Http\\Middleware\\PreventRequestsDuringMaintenance->handle()
#60 /www/wwwroot/demo.medace.org/vendor/fruitcake/laravel-cors/src/HandleCors.php(38): Illuminate\\Pipeline\\Pipeline->Illuminate\\Pipeline\\{closure}()
#61 /www/wwwroot/demo.medace.org/vendor/laravel/framework/src/Illuminate/Pipeline/Pipeline.php(180): Fruitcake\\Cors\\HandleCors->handle()
#62 /www/wwwroot/demo.medace.org/vendor/laravel/framework/src/Illuminate/Http/Middleware/TrustProxies.php(39): Illuminate\\Pipeline\\Pipeline->Illuminate\\Pipeline\\{closure}()
#63 /www/wwwroot/demo.medace.org/vendor/laravel/framework/src/Illuminate/Pipeline/Pipeline.php(180): Illuminate\\Http\\Middleware\\TrustProxies->handle()
#64 /www/wwwroot/demo.medace.org/vendor/laravel/framework/src/Illuminate/Pipeline/Pipeline.php(116): Illuminate\\Pipeline\\Pipeline->Illuminate\\Pipeline\\{closure}()
#65 /www/wwwroot/demo.medace.org/vendor/laravel/framework/src/Illuminate/Foundation/Http/Kernel.php(165): Illuminate\\Pipeline\\Pipeline->then()
#66 /www/wwwroot/demo.medace.org/vendor/laravel/framework/src/Illuminate/Foundation/Http/Kernel.php(134): Illuminate\\Foundation\\Http\\Kernel->sendRequestThroughRouter()
#67 /www/wwwroot/demo.medace.org/public/index.php(52): Illuminate\\Foundation\\Http\\Kernel->handle()
#68 {main}
"} 
[2025-04-16 23:20:21] production.ERROR: file_exists(): open_basedir restriction in effect. File(/fonts/OpenSans-Regular.ttf) is not within the allowed path(s): (/www/wwwroot/demo.medace.org/:/tmp/) {"exception":"[object] (ErrorException(code: 0): file_exists(): open_basedir restriction in effect. File(/fonts/OpenSans-Regular.ttf) is not within the allowed path(s): (/www/wwwroot/demo.medace.org/:/tmp/) at /www/wwwroot/demo.medace.org/vendor/lasserafn/php-initial-avatar-generator/src/InitialAvatar.php:739)
[stacktrace]
#0 /www/wwwroot/demo.medace.org/vendor/laravel/framework/src/Illuminate/Foundation/Bootstrap/HandleExceptions.php(270): Illuminate\\Foundation\\Bootstrap\\HandleExceptions->handleError()
#1 [internal function]: Illuminate\\Foundation\\Bootstrap\\HandleExceptions->Illuminate\\Foundation\\Bootstrap\\{closure}()
#2 /www/wwwroot/demo.medace.org/vendor/lasserafn/php-initial-avatar-generator/src/InitialAvatar.php(739): file_exists()
#3 /www/wwwroot/demo.medace.org/vendor/lasserafn/php-initial-avatar-generator/src/InitialAvatar.php(644): LasseRafn\\InitialAvatarGenerator\\InitialAvatar->findFontFile()
#4 /www/wwwroot/demo.medace.org/vendor/lasserafn/php-initial-avatar-generator/src/InitialAvatar.php(401): LasseRafn\\InitialAvatarGenerator\\InitialAvatar->makeAvatar()
#5 /www/wwwroot/demo.medace.org/app/Http/Controllers/Web/DefaultAvatarController.php(39): LasseRafn\\InitialAvatarGenerator\\InitialAvatar->generate()
#6 /www/wwwroot/demo.medace.org/vendor/laravel/framework/src/Illuminate/Routing/Controller.php(54): App\\Http\\Controllers\\Web\\DefaultAvatarController->make()
#7 /www/wwwroot/demo.medace.org/vendor/laravel/framework/src/Illuminate/Routing/ControllerDispatcher.php(43): Illuminate\\Routing\\Controller->callAction()
#8 /www/wwwroot/demo.medace.org/vendor/laravel/framework/src/Illuminate/Routing/Route.php(260): Illuminate\\Routing\\ControllerDispatcher->dispatch()
#9 /www/wwwroot/demo.medace.org/vendor/laravel/framework/src/Illuminate/Routing/Route.php(205): Illuminate\\Routing\\Route->runController()
#10 /www/wwwroot/demo.medace.org/vendor/laravel/framework/src/Illuminate/Routing/Router.php(798): Illuminate\\Routing\\Route->run()
#11 /www/wwwroot/demo.medace.org/vendor/laravel/framework/src/Illuminate/Pipeline/Pipeline.php(141): Illuminate\\Routing\\Router->Illuminate\\Routing\\{closure}()
#12 /www/wwwroot/demo.medace.org/app/Http/Middleware/CheckRestriction.php(34): Illuminate\\Pipeline\\Pipeline->Illuminate\\Pipeline\\{closure}()
#13 /www/wwwroot/demo.medace.org/vendor/laravel/framework/src/Illuminate/Pipeline/Pipeline.php(180): App\\Http\\Middleware\\CheckRestriction->handle()
#14 /www/wwwroot/demo.medace.org/app/Http/Middleware/CheckMaintenance.php(37): Illuminate\\Pipeline\\Pipeline->Illuminate\\Pipeline\\{closure}()
#15 /www/wwwroot/demo.medace.org/vendor/laravel/framework/src/Illuminate/Pipeline/Pipeline.php(180): App\\Http\\Middleware\\CheckMaintenance->handle()
#16 /www/wwwroot/demo.medace.org/app/Http/Middleware/Share.php(90): Illuminate\\Pipeline\\Pipeline->Illuminate\\Pipeline\\{closure}()
#17 /www/wwwroot/demo.medace.org/vendor/laravel/framework/src/Illuminate/Pipeline/Pipeline.php(180): App\\Http\\Middleware\\Share->handle()
#18 /www/wwwroot/demo.medace.org/app/Http/Middleware/Impersonate.php(23): Illuminate\\Pipeline\\Pipeline->Illuminate\\Pipeline\\{closure}()
#19 /www/wwwroot/demo.medace.org/vendor/laravel/framework/src/Illuminate/Pipeline/Pipeline.php(180): App\\Http\\Middleware\\Impersonate->handle()
#20 /www/wwwroot/demo.medace.org/app/Http/Middleware/CheckMobileApp.php(25): Illuminate\\Pipeline\\Pipeline->Illuminate\\Pipeline\\{closure}()
#21 /www/wwwroot/demo.medace.org/vendor/laravel/framework/src/Illuminate/Pipeline/Pipeline.php(180): App\\Http\\Middleware\\CheckMobileApp->handle()
#22 /www/wwwroot/demo.medace.org/app/Http/Middleware/DebugBar.php(22): Illuminate\\Pipeline\\Pipeline->Illuminate\\Pipeline\\{closure}()
#23 /www/wwwroot/demo.medace.org/vendor/laravel/framework/src/Illuminate/Pipeline/Pipeline.php(180): App\\Http\\Middleware\\DebugBar->handle()
#24 /www/wwwroot/demo.medace.org/app/Http/Middleware/SessionValidity.php(36): Illuminate\\Pipeline\\Pipeline->Illuminate\\Pipeline\\{closure}()
#25 /www/wwwroot/demo.medace.org/vendor/laravel/framework/src/Illuminate/Pipeline/Pipeline.php(180): App\\Http\\Middleware\\SessionValidity->handle()
#26 /www/wwwroot/demo.medace.org/app/Http/Middleware/UserLocale.php(44): Illuminate\\Pipeline\\Pipeline->Illuminate\\Pipeline\\{closure}()
#27 /www/wwwroot/demo.medace.org/vendor/laravel/framework/src/Illuminate/Pipeline/Pipeline.php(180): App\\Http\\Middleware\\UserLocale->handle()
#28 /www/wwwroot/demo.medace.org/vendor/laravel/framework/src/Illuminate/Routing/Middleware/SubstituteBindings.php(50): Illuminate\\Pipeline\\Pipeline->Illuminate\\Pipeline\\{closure}()
#29 /www/wwwroot/demo.medace.org/vendor/laravel/framework/src/Illuminate/Pipeline/Pipeline.php(180): Illuminate\\Routing\\Middleware\\SubstituteBindings->handle()
#30 /www/wwwroot/demo.medace.org/vendor/laravel/framework/src/Illuminate/Foundation/Http/Middleware/VerifyCsrfToken.php(78): Illuminate\\Pipeline\\Pipeline->Illuminate\\Pipeline\\{closure}()
#31 /www/wwwroot/demo.medace.org/vendor/laravel/framework/src/Illuminate/Pipeline/Pipeline.php(180): Illuminate\\Foundation\\Http\\Middleware\\VerifyCsrfToken->handle()
#32 /www/wwwroot/demo.medace.org/vendor/laravel/framework/src/Illuminate/View/Middleware/ShareErrorsFromSession.php(49): Illuminate\\Pipeline\\Pipeline->Illuminate\\Pipeline\\{closure}()
#33 /www/wwwroot/demo.medace.org/vendor/laravel/framework/src/Illuminate/Pipeline/Pipeline.php(180): Illuminate\\View\\Middleware\\ShareErrorsFromSession->handle()
#34 /www/wwwroot/demo.medace.org/vendor/laravel/framework/src/Illuminate/Session/Middleware/StartSession.php(121): Illuminate\\Pipeline\\Pipeline->Illuminate\\Pipeline\\{closure}()
#35 /www/wwwroot/demo.medace.org/vendor/laravel/framework/src/Illuminate/Session/Middleware/StartSession.php(64): Illuminate\\Session\\Middleware\\StartSession->handleStatefulRequest()
#36 /www/wwwroot/demo.medace.org/vendor/laravel/framework/src/Illuminate/Pipeline/Pipeline.php(180): Illuminate\\Session\\Middleware\\StartSession->handle()
#37 /www/wwwroot/demo.medace.org/vendor/laravel/framework/src/Illuminate/Cookie/Middleware/AddQueuedCookiesToResponse.php(37): Illuminate\\Pipeline\\Pipeline->Illuminate\\Pipeline\\{closure}()
#38 /www/wwwroot/demo.medace.org/vendor/laravel/framework/src/Illuminate/Pipeline/Pipeline.php(180): Illuminate\\Cookie\\Middleware\\AddQueuedCookiesToResponse->handle()
#39 /www/wwwroot/demo.medace.org/vendor/laravel/framework/src/Illuminate/Cookie/Middleware/EncryptCookies.php(67): Illuminate\\Pipeline\\Pipeline->Illuminate\\Pipeline\\{closure}()
#40 /www/wwwroot/demo.medace.org/vendor/laravel/framework/src/Illuminate/Pipeline/Pipeline.php(180): Illuminate\\Cookie\\Middleware\\EncryptCookies->handle()
#41 /www/wwwroot/demo.medace.org/vendor/laravel/framework/src/Illuminate/Pipeline/Pipeline.php(116): Illuminate\\Pipeline\\Pipeline->Illuminate\\Pipeline\\{closure}()
#42 /www/wwwroot/demo.medace.org/vendor/laravel/framework/src/Illuminate/Routing/Router.php(799): Illuminate\\Pipeline\\Pipeline->then()
#43 /www/wwwroot/demo.medace.org/vendor/laravel/framework/src/Illuminate/Routing/Router.php(776): Illuminate\\Routing\\Router->runRouteWithinStack()
#44 /www/wwwroot/demo.medace.org/vendor/laravel/framework/src/Illuminate/Routing/Router.php(740): Illuminate\\Routing\\Router->runRoute()
#45 /www/wwwroot/demo.medace.org/vendor/laravel/framework/src/Illuminate/Routing/Router.php(729): Illuminate\\Routing\\Router->dispatchToRoute()
#46 /www/wwwroot/demo.medace.org/vendor/laravel/framework/src/Illuminate/Foundation/Http/Kernel.php(190): Illuminate\\Routing\\Router->dispatch()
#47 /www/wwwroot/demo.medace.org/vendor/laravel/framework/src/Illuminate/Pipeline/Pipeline.php(141): Illuminate\\Foundation\\Http\\Kernel->Illuminate\\Foundation\\Http\\{closure}()
#48 /www/wwwroot/demo.medace.org/vendor/barryvdh/laravel-debugbar/src/Middleware/InjectDebugbar.php(66): Illuminate\\Pipeline\\Pipeline->Illuminate\\Pipeline\\{closure}()
#49 /www/wwwroot/demo.medace.org/vendor/laravel/framework/src/Illuminate/Pipeline/Pipeline.php(180): Barryvdh\\Debugbar\\Middleware\\InjectDebugbar->handle()
#50 /www/wwwroot/demo.medace.org/vendor/laravel/framework/src/Illuminate/Foundation/Http/Middleware/TransformsRequest.php(21): Illuminate\\Pipeline\\Pipeline->Illuminate\\Pipeline\\{closure}()
#51 /www/wwwroot/demo.medace.org/vendor/laravel/framework/src/Illuminate/Foundation/Http/Middleware/ConvertEmptyStringsToNull.php(31): Illuminate\\Foundation\\Http\\Middleware\\TransformsRequest->handle()
#52 /www/wwwroot/demo.medace.org/vendor/laravel/framework/src/Illuminate/Pipeline/Pipeline.php(180): Illuminate\\Foundation\\Http\\Middleware\\ConvertEmptyStringsToNull->handle()
#53 /www/wwwroot/demo.medace.org/vendor/laravel/framework/src/Illuminate/Foundation/Http/Middleware/TransformsRequest.php(21): Illuminate\\Pipeline\\Pipeline->Illuminate\\Pipeline\\{closure}()
#54 /www/wwwroot/demo.medace.org/vendor/laravel/framework/src/Illuminate/Foundation/Http/Middleware/TrimStrings.php(40): Illuminate\\Foundation\\Http\\Middleware\\TransformsRequest->handle()
#55 /www/wwwroot/demo.medace.org/vendor/laravel/framework/src/Illuminate/Pipeline/Pipeline.php(180): Illuminate\\Foundation\\Http\\Middleware\\TrimStrings->handle()
#56 /www/wwwroot/demo.medace.org/vendor/laravel/framework/src/Illuminate/Foundation/Http/Middleware/ValidatePostSize.php(27): Illuminate\\Pipeline\\Pipeline->Illuminate\\Pipeline\\{closure}()
#57 /www/wwwroot/demo.medace.org/vendor/laravel/framework/src/Illuminate/Pipeline/Pipeline.php(180): Illuminate\\Foundation\\Http\\Middleware\\ValidatePostSize->handle()
#58 /www/wwwroot/demo.medace.org/vendor/laravel/framework/src/Illuminate/Foundation/Http/Middleware/PreventRequestsDuringMaintenance.php(86): Illuminate\\Pipeline\\Pipeline->Illuminate\\Pipeline\\{closure}()
#59 /www/wwwroot/demo.medace.org/vendor/laravel/framework/src/Illuminate/Pipeline/Pipeline.php(180): Illuminate\\Foundation\\Http\\Middleware\\PreventRequestsDuringMaintenance->handle()
#60 /www/wwwroot/demo.medace.org/vendor/fruitcake/laravel-cors/src/HandleCors.php(38): Illuminate\\Pipeline\\Pipeline->Illuminate\\Pipeline\\{closure}()
#61 /www/wwwroot/demo.medace.org/vendor/laravel/framework/src/Illuminate/Pipeline/Pipeline.php(180): Fruitcake\\Cors\\HandleCors->handle()
#62 /www/wwwroot/demo.medace.org/vendor/laravel/framework/src/Illuminate/Http/Middleware/TrustProxies.php(39): Illuminate\\Pipeline\\Pipeline->Illuminate\\Pipeline\\{closure}()
#63 /www/wwwroot/demo.medace.org/vendor/laravel/framework/src/Illuminate/Pipeline/Pipeline.php(180): Illuminate\\Http\\Middleware\\TrustProxies->handle()
#64 /www/wwwroot/demo.medace.org/vendor/laravel/framework/src/Illuminate/Pipeline/Pipeline.php(116): Illuminate\\Pipeline\\Pipeline->Illuminate\\Pipeline\\{closure}()
#65 /www/wwwroot/demo.medace.org/vendor/laravel/framework/src/Illuminate/Foundation/Http/Kernel.php(165): Illuminate\\Pipeline\\Pipeline->then()
#66 /www/wwwroot/demo.medace.org/vendor/laravel/framework/src/Illuminate/Foundation/Http/Kernel.php(134): Illuminate\\Foundation\\Http\\Kernel->sendRequestThroughRouter()
#67 /www/wwwroot/demo.medace.org/public/index.php(52): Illuminate\\Foundation\\Http\\Kernel->handle()
#68 {main}
"} 
[2025-04-16 23:20:21] production.ERROR: file_exists(): open_basedir restriction in effect. File(/fonts/OpenSans-Regular.ttf) is not within the allowed path(s): (/www/wwwroot/demo.medace.org/:/tmp/) {"exception":"[object] (ErrorException(code: 0): file_exists(): open_basedir restriction in effect. File(/fonts/OpenSans-Regular.ttf) is not within the allowed path(s): (/www/wwwroot/demo.medace.org/:/tmp/) at /www/wwwroot/demo.medace.org/vendor/lasserafn/php-initial-avatar-generator/src/InitialAvatar.php:739)
[stacktrace]
#0 /www/wwwroot/demo.medace.org/vendor/laravel/framework/src/Illuminate/Foundation/Bootstrap/HandleExceptions.php(270): Illuminate\\Foundation\\Bootstrap\\HandleExceptions->handleError()
#1 [internal function]: Illuminate\\Foundation\\Bootstrap\\HandleExceptions->Illuminate\\Foundation\\Bootstrap\\{closure}()
#2 /www/wwwroot/demo.medace.org/vendor/lasserafn/php-initial-avatar-generator/src/InitialAvatar.php(739): file_exists()
#3 /www/wwwroot/demo.medace.org/vendor/lasserafn/php-initial-avatar-generator/src/InitialAvatar.php(644): LasseRafn\\InitialAvatarGenerator\\InitialAvatar->findFontFile()
#4 /www/wwwroot/demo.medace.org/vendor/lasserafn/php-initial-avatar-generator/src/InitialAvatar.php(401): LasseRafn\\InitialAvatarGenerator\\InitialAvatar->makeAvatar()
#5 /www/wwwroot/demo.medace.org/app/Http/Controllers/Web/DefaultAvatarController.php(39): LasseRafn\\InitialAvatarGenerator\\InitialAvatar->generate()
#6 /www/wwwroot/demo.medace.org/vendor/laravel/framework/src/Illuminate/Routing/Controller.php(54): App\\Http\\Controllers\\Web\\DefaultAvatarController->make()
#7 /www/wwwroot/demo.medace.org/vendor/laravel/framework/src/Illuminate/Routing/ControllerDispatcher.php(43): Illuminate\\Routing\\Controller->callAction()
#8 /www/wwwroot/demo.medace.org/vendor/laravel/framework/src/Illuminate/Routing/Route.php(260): Illuminate\\Routing\\ControllerDispatcher->dispatch()
#9 /www/wwwroot/demo.medace.org/vendor/laravel/framework/src/Illuminate/Routing/Route.php(205): Illuminate\\Routing\\Route->runController()
#10 /www/wwwroot/demo.medace.org/vendor/laravel/framework/src/Illuminate/Routing/Router.php(798): Illuminate\\Routing\\Route->run()
#11 /www/wwwroot/demo.medace.org/vendor/laravel/framework/src/Illuminate/Pipeline/Pipeline.php(141): Illuminate\\Routing\\Router->Illuminate\\Routing\\{closure}()
#12 /www/wwwroot/demo.medace.org/app/Http/Middleware/CheckRestriction.php(34): Illuminate\\Pipeline\\Pipeline->Illuminate\\Pipeline\\{closure}()
#13 /www/wwwroot/demo.medace.org/vendor/laravel/framework/src/Illuminate/Pipeline/Pipeline.php(180): App\\Http\\Middleware\\CheckRestriction->handle()
#14 /www/wwwroot/demo.medace.org/app/Http/Middleware/CheckMaintenance.php(37): Illuminate\\Pipeline\\Pipeline->Illuminate\\Pipeline\\{closure}()
#15 /www/wwwroot/demo.medace.org/vendor/laravel/framework/src/Illuminate/Pipeline/Pipeline.php(180): App\\Http\\Middleware\\CheckMaintenance->handle()
#16 /www/wwwroot/demo.medace.org/app/Http/Middleware/Share.php(90): Illuminate\\Pipeline\\Pipeline->Illuminate\\Pipeline\\{closure}()
#17 /www/wwwroot/demo.medace.org/vendor/laravel/framework/src/Illuminate/Pipeline/Pipeline.php(180): App\\Http\\Middleware\\Share->handle()
#18 /www/wwwroot/demo.medace.org/app/Http/Middleware/Impersonate.php(23): Illuminate\\Pipeline\\Pipeline->Illuminate\\Pipeline\\{closure}()
#19 /www/wwwroot/demo.medace.org/vendor/laravel/framework/src/Illuminate/Pipeline/Pipeline.php(180): App\\Http\\Middleware\\Impersonate->handle()
#20 /www/wwwroot/demo.medace.org/app/Http/Middleware/CheckMobileApp.php(25): Illuminate\\Pipeline\\Pipeline->Illuminate\\Pipeline\\{closure}()
#21 /www/wwwroot/demo.medace.org/vendor/laravel/framework/src/Illuminate/Pipeline/Pipeline.php(180): App\\Http\\Middleware\\CheckMobileApp->handle()
#22 /www/wwwroot/demo.medace.org/app/Http/Middleware/DebugBar.php(22): Illuminate\\Pipeline\\Pipeline->Illuminate\\Pipeline\\{closure}()
#23 /www/wwwroot/demo.medace.org/vendor/laravel/framework/src/Illuminate/Pipeline/Pipeline.php(180): App\\Http\\Middleware\\DebugBar->handle()
#24 /www/wwwroot/demo.medace.org/app/Http/Middleware/SessionValidity.php(36): Illuminate\\Pipeline\\Pipeline->Illuminate\\Pipeline\\{closure}()
#25 /www/wwwroot/demo.medace.org/vendor/laravel/framework/src/Illuminate/Pipeline/Pipeline.php(180): App\\Http\\Middleware\\SessionValidity->handle()
#26 /www/wwwroot/demo.medace.org/app/Http/Middleware/UserLocale.php(44): Illuminate\\Pipeline\\Pipeline->Illuminate\\Pipeline\\{closure}()
#27 /www/wwwroot/demo.medace.org/vendor/laravel/framework/src/Illuminate/Pipeline/Pipeline.php(180): App\\Http\\Middleware\\UserLocale->handle()
#28 /www/wwwroot/demo.medace.org/vendor/laravel/framework/src/Illuminate/Routing/Middleware/SubstituteBindings.php(50): Illuminate\\Pipeline\\Pipeline->Illuminate\\Pipeline\\{closure}()
#29 /www/wwwroot/demo.medace.org/vendor/laravel/framework/src/Illuminate/Pipeline/Pipeline.php(180): Illuminate\\Routing\\Middleware\\SubstituteBindings->handle()
#30 /www/wwwroot/demo.medace.org/vendor/laravel/framework/src/Illuminate/Foundation/Http/Middleware/VerifyCsrfToken.php(78): Illuminate\\Pipeline\\Pipeline->Illuminate\\Pipeline\\{closure}()
#31 /www/wwwroot/demo.medace.org/vendor/laravel/framework/src/Illuminate/Pipeline/Pipeline.php(180): Illuminate\\Foundation\\Http\\Middleware\\VerifyCsrfToken->handle()
#32 /www/wwwroot/demo.medace.org/vendor/laravel/framework/src/Illuminate/View/Middleware/ShareErrorsFromSession.php(49): Illuminate\\Pipeline\\Pipeline->Illuminate\\Pipeline\\{closure}()
#33 /www/wwwroot/demo.medace.org/vendor/laravel/framework/src/Illuminate/Pipeline/Pipeline.php(180): Illuminate\\View\\Middleware\\ShareErrorsFromSession->handle()
#34 /www/wwwroot/demo.medace.org/vendor/laravel/framework/src/Illuminate/Session/Middleware/StartSession.php(121): Illuminate\\Pipeline\\Pipeline->Illuminate\\Pipeline\\{closure}()
#35 /www/wwwroot/demo.medace.org/vendor/laravel/framework/src/Illuminate/Session/Middleware/StartSession.php(64): Illuminate\\Session\\Middleware\\StartSession->handleStatefulRequest()
#36 /www/wwwroot/demo.medace.org/vendor/laravel/framework/src/Illuminate/Pipeline/Pipeline.php(180): Illuminate\\Session\\Middleware\\StartSession->handle()
#37 /www/wwwroot/demo.medace.org/vendor/laravel/framework/src/Illuminate/Cookie/Middleware/AddQueuedCookiesToResponse.php(37): Illuminate\\Pipeline\\Pipeline->Illuminate\\Pipeline\\{closure}()
#38 /www/wwwroot/demo.medace.org/vendor/laravel/framework/src/Illuminate/Pipeline/Pipeline.php(180): Illuminate\\Cookie\\Middleware\\AddQueuedCookiesToResponse->handle()
#39 /www/wwwroot/demo.medace.org/vendor/laravel/framework/src/Illuminate/Cookie/Middleware/EncryptCookies.php(67): Illuminate\\Pipeline\\Pipeline->Illuminate\\Pipeline\\{closure}()
#40 /www/wwwroot/demo.medace.org/vendor/laravel/framework/src/Illuminate/Pipeline/Pipeline.php(180): Illuminate\\Cookie\\Middleware\\EncryptCookies->handle()
#41 /www/wwwroot/demo.medace.org/vendor/laravel/framework/src/Illuminate/Pipeline/Pipeline.php(116): Illuminate\\Pipeline\\Pipeline->Illuminate\\Pipeline\\{closure}()
#42 /www/wwwroot/demo.medace.org/vendor/laravel/framework/src/Illuminate/Routing/Router.php(799): Illuminate\\Pipeline\\Pipeline->then()
#43 /www/wwwroot/demo.medace.org/vendor/laravel/framework/src/Illuminate/Routing/Router.php(776): Illuminate\\Routing\\Router->runRouteWithinStack()
#44 /www/wwwroot/demo.medace.org/vendor/laravel/framework/src/Illuminate/Routing/Router.php(740): Illuminate\\Routing\\Router->runRoute()
#45 /www/wwwroot/demo.medace.org/vendor/laravel/framework/src/Illuminate/Routing/Router.php(729): Illuminate\\Routing\\Router->dispatchToRoute()
#46 /www/wwwroot/demo.medace.org/vendor/laravel/framework/src/Illuminate/Foundation/Http/Kernel.php(190): Illuminate\\Routing\\Router->dispatch()
#47 /www/wwwroot/demo.medace.org/vendor/laravel/framework/src/Illuminate/Pipeline/Pipeline.php(141): Illuminate\\Foundation\\Http\\Kernel->Illuminate\\Foundation\\Http\\{closure}()
#48 /www/wwwroot/demo.medace.org/vendor/barryvdh/laravel-debugbar/src/Middleware/InjectDebugbar.php(66): Illuminate\\Pipeline\\Pipeline->Illuminate\\Pipeline\\{closure}()
#49 /www/wwwroot/demo.medace.org/vendor/laravel/framework/src/Illuminate/Pipeline/Pipeline.php(180): Barryvdh\\Debugbar\\Middleware\\InjectDebugbar->handle()
#50 /www/wwwroot/demo.medace.org/vendor/laravel/framework/src/Illuminate/Foundation/Http/Middleware/TransformsRequest.php(21): Illuminate\\Pipeline\\Pipeline->Illuminate\\Pipeline\\{closure}()
#51 /www/wwwroot/demo.medace.org/vendor/laravel/framework/src/Illuminate/Foundation/Http/Middleware/ConvertEmptyStringsToNull.php(31): Illuminate\\Foundation\\Http\\Middleware\\TransformsRequest->handle()
#52 /www/wwwroot/demo.medace.org/vendor/laravel/framework/src/Illuminate/Pipeline/Pipeline.php(180): Illuminate\\Foundation\\Http\\Middleware\\ConvertEmptyStringsToNull->handle()
#53 /www/wwwroot/demo.medace.org/vendor/laravel/framework/src/Illuminate/Foundation/Http/Middleware/TransformsRequest.php(21): Illuminate\\Pipeline\\Pipeline->Illuminate\\Pipeline\\{closure}()
#54 /www/wwwroot/demo.medace.org/vendor/laravel/framework/src/Illuminate/Foundation/Http/Middleware/TrimStrings.php(40): Illuminate\\Foundation\\Http\\Middleware\\TransformsRequest->handle()
#55 /www/wwwroot/demo.medace.org/vendor/laravel/framework/src/Illuminate/Pipeline/Pipeline.php(180): Illuminate\\Foundation\\Http\\Middleware\\TrimStrings->handle()
#56 /www/wwwroot/demo.medace.org/vendor/laravel/framework/src/Illuminate/Foundation/Http/Middleware/ValidatePostSize.php(27): Illuminate\\Pipeline\\Pipeline->Illuminate\\Pipeline\\{closure}()
#57 /www/wwwroot/demo.medace.org/vendor/laravel/framework/src/Illuminate/Pipeline/Pipeline.php(180): Illuminate\\Foundation\\Http\\Middleware\\ValidatePostSize->handle()
#58 /www/wwwroot/demo.medace.org/vendor/laravel/framework/src/Illuminate/Foundation/Http/Middleware/PreventRequestsDuringMaintenance.php(86): Illuminate\\Pipeline\\Pipeline->Illuminate\\Pipeline\\{closure}()
#59 /www/wwwroot/demo.medace.org/vendor/laravel/framework/src/Illuminate/Pipeline/Pipeline.php(180): Illuminate\\Foundation\\Http\\Middleware\\PreventRequestsDuringMaintenance->handle()
#60 /www/wwwroot/demo.medace.org/vendor/fruitcake/laravel-cors/src/HandleCors.php(38): Illuminate\\Pipeline\\Pipeline->Illuminate\\Pipeline\\{closure}()
#61 /www/wwwroot/demo.medace.org/vendor/laravel/framework/src/Illuminate/Pipeline/Pipeline.php(180): Fruitcake\\Cors\\HandleCors->handle()
#62 /www/wwwroot/demo.medace.org/vendor/laravel/framework/src/Illuminate/Http/Middleware/TrustProxies.php(39): Illuminate\\Pipeline\\Pipeline->Illuminate\\Pipeline\\{closure}()
#63 /www/wwwroot/demo.medace.org/vendor/laravel/framework/src/Illuminate/Pipeline/Pipeline.php(180): Illuminate\\Http\\Middleware\\TrustProxies->handle()
#64 /www/wwwroot/demo.medace.org/vendor/laravel/framework/src/Illuminate/Pipeline/Pipeline.php(116): Illuminate\\Pipeline\\Pipeline->Illuminate\\Pipeline\\{closure}()
#65 /www/wwwroot/demo.medace.org/vendor/laravel/framework/src/Illuminate/Foundation/Http/Kernel.php(165): Illuminate\\Pipeline\\Pipeline->then()
#66 /www/wwwroot/demo.medace.org/vendor/laravel/framework/src/Illuminate/Foundation/Http/Kernel.php(134): Illuminate\\Foundation\\Http\\Kernel->sendRequestThroughRouter()
#67 /www/wwwroot/demo.medace.org/public/index.php(52): Illuminate\\Foundation\\Http\\Kernel->handle()
#68 {main}
"} 
